,open,high,low,close,volume,ask,bid,signal,signal_smooth,signal_norm,signal_smooth_norm,signal_smooth_adjusted,trade_action,Position,Cash,NetValue,Action,TradedAmount,StrategyEarning,BuyHoldEarning,EarningDiff
2025-06-18 13:00:00,176.22,176.35,176.22,176.35,1313.0,176.4029,176.2971,0.0,,0.0,,,0,0,0,0.0,No trade,0,0.0,0.0,0.0
2025-06-18 13:01:00,176.3,176.3,175.95,176.19,600322.0,176.2429,176.1371,0.0008948308742464456,,0.0009669665812042892,,,0,0,0,0.0,No trade,0,0.0,0.0,0.0
2025-06-18 13:02:00,176.19,176.35,176.13,176.26,358.0,176.3129,176.2071,0.0,,0.0,,,0,0,0,0.0,No trade,0,0.0,0.0,0.0
2025-06-18 13:03:00,176.26,176.32,176.26,176.3,154.0,176.3529,176.2471,0.0,,0.0,,,0,0,0,0.0,No trade,0,0.0,0.0,0.0
2025-06-18 13:04:00,176.29,176.35,176.22,176.32,212.0,176.3729,176.2671,0.0,,0.0,,,0,0,0,0.0,No trade,0,0.0,0.0,0.0
2025-06-18 13:05:00,176.35,176.38,176.31,176.34,262.0,176.3929,176.2871,0.0,,0.0,,,0,0,0,0.0,No trade,0,0.0,0.0,0.0
2025-06-18 13:06:00,176.31,176.39,176.3,176.31,339.0,176.3629,176.2571,0.0,,0.0,,,0,0,0,0.0,No trade,0,0.0,0.0,0.0
2025-06-18 13:07:00,176.36,176.36,176.26,176.34,191.0,176.3929,176.2871,0.0,0.000303171023867964,0.0,0.0004756699339455109,1.9286036683828235e-05,0,0,0,0.0,No trade,0,0.0,0.0,0.0
2025-06-18 13:08:00,176.3478,176.3478,176.278,176.34,71.0,176.3929,176.2871,0.0,0.000303171023867964,0.0,0.0004756699339455109,1.9286036683828235e-05,0,0,0,0.0,No trade,0,0.0,0.0,0.0
2025-06-18 13:09:00,176.34,176.39,176.294,176.294,1490.0,176.3469,176.2411,0.0,0.0002435156322515343,0.0,0.0003820716875575611,1.549109593908321e-05,0,0,0,0.0,No trade,0,0.0,0.0,0.0
2025-06-18 13:10:00,176.39,176.39,176.3019,176.32,284.0,176.3729,176.2671,0.0,0.00031738440449302304,0.0,0.0004979704748639883,2.0190212078424935e-05,0,0,0,0.0,No trade,0,0.0,0.0,0.0
2025-06-18 13:11:00,176.35,176.39,176.31,176.35,1971.0,176.4029,176.2971,0.0,0.00031738440449302304,0.0,0.0004979704748639883,2.0190212078424935e-05,0,0,0,0.0,No trade,0,0.0,0.0,0.0
2025-06-18 13:12:00,176.38,176.38,176.1867,176.1867,869.0,176.2396,176.1338,0.0029099987016303515,0.00031738440449302304,0.003144584721882822,0.0004979704748639883,2.0190212078424935e-05,0,0,0,0.0,No trade,0,0.0,0.0,0.0
2025-06-18 13:13:00,176.25,176.25,176.1515,176.22,95.0,176.2729,176.1671,0.0007427357821426633,0.00031738440449302304,0.000802610527493696,0.0004979704748639883,2.0190212078424935e-05,0,0,0,0.0,No trade,0,0.0,0.0,0.0
2025-06-18 13:14:00,176.23,176.35,176.1924,176.25,1701.0,176.3029,176.1971,0.0,0.00031738440449302304,0.0,0.0004979704748639883,2.0190212078424935e-05,0,0,0,0.0,No trade,0,0.0,0.0,0.0
2025-06-18 13:15:00,176.17,176.3499,176.17,176.31,50.0,176.3629,176.2571,0.0,0.00031738440449302304,0.0,0.0004979704748639883,2.0190212078424935e-05,0,0,0,0.0,No trade,0,0.0,0.0,0.0
2025-06-18 13:16:00,176.25,176.34,176.145,176.3,243.0,176.3529,176.2471,0.0,0.00031738440449302304,0.0,0.0004979704748639883,2.0190212078424935e-05,0,0,0,0.0,No trade,0,0.0,0.0,0.0
2025-06-18 13:17:00,176.3,176.33,176.22,176.22,89.0,176.2729,176.1671,0.001108031583622331,0.00031738440449302304,0.0011973542075019836,0.0004979704748639883,2.0190212078424935e-05,0,0,0,0.0,No trade,0,0.0,0.0,0.0
2025-06-18 13:18:00,176.3169,176.33,176.22,176.33,91.0,176.3829,176.2771,0.0,0.0008122223121354526,0.0,0.0012743623339504984,5.166901871892049e-05,0,0,0,0.0,No trade,0,0.0,0.0,0.0
2025-06-18 13:19:00,176.26,176.35,176.22,176.26,198.0,176.3129,176.2071,0.0,0.0031741645184301458,0.0,0.004980207565850417,0.00020192250750721748,0,0,0,0.0,No trade,0,0.0,0.0,0.0
2025-06-18 13:20:00,176.25,176.33,176.23,176.3,193.0,176.3529,176.2471,0.0,0.00739767971303373,0.0,0.011606827643202866,0.00047059880756584587,0,0,0,0.0,No trade,0,0.0,0.0,0.0
2025-06-18 13:21:00,176.2274,176.33,176.2274,176.33,73.0,176.3829,176.2771,0.0,0.014005585668185432,0.0,0.021974514334045937,0.0008909566472710187,0,0,0,0.0,No trade,0,0.0,0.0,0.0
2025-06-18 13:22:00,176.32,176.34,176.24,176.32,3378.0,176.3729,176.2671,0.0,0.01940115080536656,0.0,0.03044005988538928,0.001234192177626253,0,0,0,0.0,No trade,0,0.0,0.0,0.0
2025-06-18 13:23:00,176.33,176.44,176.31,176.43,4940.0,176.4829,176.3771,0.0,0.021027429444329015,0.0,0.0329916620896592,0.001337646884771405,0,0,0,0.0,No trade,0,0.0,0.0,0.0
2025-06-18 13:24:00,176.42,176.48,176.33,176.39,3186.0,176.4429,176.3371,0.0,0.026119824370990485,0.0,0.04098153898318603,0.001661596430183459,0,0,0,0.0,No trade,0,0.0,0.0,0.0
2025-06-18 13:25:00,176.35,176.37,176.05,176.1999,4207.0,176.2528,176.147,0.007422568614636444,0.04475066870822535,0.008020929992042873,0.07021300174692696,0.0028467860395146355,0,0,0,0.0,No trade,0,0.0,0.0,0.0
2025-06-18 13:26:00,176.14,176.32,175.9,176.1,10091.0,176.1528,176.0472,0.0354291330944204,0.0606662061549522,0.038285209741107135,0.09518419638619091,0.0038592430847964325,0,0,0,0.0,No trade,0,0.0,0.0,0.0
2025-06-18 13:27:00,176.17,176.3,175.93,176.01,8523.0,176.0628,175.9572,0.06626272662068411,0.08452307877031592,0.07160441605866046,0.1326152043905666,0.005376883242325818,0,0,0,0.0,No trade,0,0.0,0.0,0.0
2025-06-18 13:28:00,176.0,176.03,175.85,175.93,4680.0,175.9828,175.8772,0.09986132510941818,0.09837635972171924,0.10791152486429499,0.15435075533804926,0.006258151119484495,0,0,0,0.0,No trade,0,0.0,0.0,0.0
2025-06-18 13:29:00,175.88,176.03,175.85,176.01,3312.0,176.0628,175.9572,0.08093347705771689,0.11911926990080672,0.08745783127049624,0.18689601177067375,0.007577698487630941,0,0,0,0.0,No trade,0,0.0,0.0,0.0
2025-06-18 13:30:00,176.01,176.5,175.98,176.17,463860.0,176.2229,176.1171,0.024394179584436872,0.12703366718055953,0.02636068682130643,0.19931356006815917,0.008081167962781638,0,0,0,0.0,No trade,0,0.0,0.0,0.0
2025-06-18 13:31:00,176.17,176.3094,175.96,176.06,80335.0,176.1128,176.0072,0.07638592389992205,0.1469400903773497,0.08254368262364638,0.2305463833317453,0.009347502730263593,0,0,0,0.0,No trade,0,0.0,0.0,0.0
2025-06-18 13:32:00,176.065,176.125,175.65,175.665,89731.0,175.7177,175.6123,0.28057069664214523,0.19094009037734946,0.30318856347757334,0.299581599252372,0.012146535445401998,0,0,0,0.0,No trade,0,0.0,0.0,0.0
2025-06-18 13:33:00,175.6603,175.84,175.63,175.795,53230.0,175.8477,175.7423,0.23873306170090272,0.21911191913637226,0.25797823827631694,0.34378269655369176,0.013938668862260686,0,0,0,0.0,No trade,0,0.0,0.0,0.0
2025-06-18 13:34:00,175.78,175.78,175.5,175.64,89068.0,175.6927,175.5873,0.3578530892304558,0.2280166435967431,0.38670098252696916,0.35775405054995063,0.014505137386894124,0,0,0,0.0,No trade,0,0.0,0.0,0.0
2025-06-18 13:35:00,175.65,175.92,175.64,175.92,71697.0,175.9728,175.8672,0.20779921427104972,0.24493246182203035,0.22455069620818086,0.38429466790578665,0.015581226673619438,0,0,0,0.0,No trade,0,0.0,0.0,0.0
2025-06-18 13:36:00,175.915,175.97,175.6,175.81,70943.0,175.8627,175.7573,0.3111436526863122,0.2536083734814018,0.3362261213381386,0.39790701869471834,0.016133139413806518,0,0,0,0.0,No trade,0,0.0,0.0,0.0
2025-06-18 13:37:00,175.8,176.17,175.8,176.085,66641.0,176.1378,176.0322,0.11871595919629248,0.25621280834421906,0.12828610243818128,0.40199333058348646,0.01629881892256726,0,0,0,0.0,No trade,0,0.0,0.0,0.0
2025-06-18 13:38:00,176.09,176.11,175.88,175.9,52246.0,175.9528,175.8472,0.29859634795185225,0.25458652970525664,0.3226673308319143,0.3994417283792166,0.016195364215422108,0,0,0,0.0,No trade,0,0.0,0.0,0.0
2025-06-18 13:39:00,175.91,175.98,175.52,175.57,51780.0,175.6227,175.5173,0.6599999999999966,0.24949413477859514,0.7132051004970815,0.39145185148568973,0.01587141467001005,0,0,0,0.0,No trade,0,0.0,0.0,0.0
2025-06-18 13:40:00,175.54,175.8,175.49,175.8,64161.0,175.8527,175.7473,0.4299999999999784,0.2307894216691188,0.464663929111714,0.3621044899346424,0.014681525944539534,0,0,0,0.0,No trade,0,0.0,0.0,0.0
2025-06-18 13:41:00,175.81,176.07,175.78,176.061,64447.0,176.1138,176.0082,0.16899999999998272,0.2255405508890584,0.18262373027878043,0.3538691052155301,0.014347622284745825,0,0,0,0.0,No trade,0,0.0,0.0,0.0
2025-06-18 13:42:00,176.07,176.1,175.82,175.91,77196.0,175.9628,175.8572,0.3199999999999932,0.20168367827369466,0.34579641236221575,0.3164380972111544,0.012829982127216439,0,0,0,0.0,No trade,0,0.0,0.0,0.0
2025-06-18 13:43:00,175.919,176.03,175.87,176.0,40928.0,176.0528,175.9472,0.22999999999998977,0.18783039732229137,0.24854117138533682,0.29470254626367176,0.011948714250057764,0,0,0,0.0,No trade,0,0.0,0.0,0.0
2025-06-18 13:44:00,176.01,176.18,175.9,176.11,66120.0,176.1628,176.0572,0.11999999999997613,0.16708748714320387,0.12967365463580788,0.26215728983104725,0.010629166881911315,0,0,0,0.0,No trade,0,0.0,0.0,0.0
2025-06-18 13:45:00,176.11,176.33,175.98,176.32,86982.0,176.3729,176.2671,0.0,0.15917308986345102,0.0,0.24973974153356177,0.010125697406760618,0,0,0,0.0,No trade,0,0.0,0.0,0.0
2025-06-18 13:46:00,176.3,176.44,176.25,176.35,109062.0,176.4029,176.2971,0.0,0.1392666666666609,0.0,0.21850691826997573,0.008859362639278666,0,0,0,0.0,No trade,0,0.0,0.0,0.0
2025-06-18 13:47:00,176.36,176.39,176.1808,176.31,89807.0,176.3629,176.2571,0.0,0.09708747944722891,0.0,0.15232852515520207,0.006176159800070972,0,0,0,0.0,No trade,0,0.0,0.0,0.0
2025-06-18 13:48:00,176.33,176.37,176.02,176.07,59008.0,176.1228,176.0172,0.1599999999999966,0.06842081278056368,0.17289820618110788,0.10735103599479577,0.0043525475765717895,0,0,0,0.0,No trade,0,0.0,0.0,0.0
2025-06-18 13:49:00,176.06,176.34,176.06,176.3304,35010.0,176.3833,176.2775,0.0,0.057154146113898165,0.0,0.08967383676663701,0.003635825563150055,0,0,0,0.0,No trade,0,0.0,0.0,0.0
2025-06-18 13:50:00,176.33,176.435,176.24,176.41,33136.0,176.4629,176.3571,0.0,0.035820812780565287,0.0,0.05620221692633369,0.0022787187921738798,0,0,0,0.0,No trade,0,0.0,0.0,0.0
2025-06-18 13:51:00,176.43,176.56,176.37,176.48,60449.0,176.5329,176.4271,0.0,0.020734418854126316,0.0,0.03253193369507571,0.0013190071977746012,0,0,0,0.0,No trade,0,0.0,0.0,0.0
2025-06-18 13:52:00,176.485,176.49,176.292,176.31,39925.0,176.3629,176.2571,0.0,0.012734418854127906,0.0,0.01998007625496419,0.0008100921586586257,0,0,0,0.0,No trade,0,0.0,0.0,0.0
2025-06-18 13:53:00,176.32,176.41,176.31,176.4,42377.0,176.4529,176.3471,0.0,0.015147318635556652,0.0,0.023765873014186176,0.0009635872819897486,0,0,0,0.0,No trade,0,0.0,0.0,0.0
2025-06-18 13:54:00,176.41,176.44,176.06,176.115,79925.0,176.1678,176.0622,0.027312191708516793,0.03314731863555544,0.029513930957982392,0.0520075522544408,0.0021086461200008435,0,0,0,0.0,No trade,0,0.0,0.0,0.0
2025-06-18 13:55:00,176.11,176.215,176.07,176.215,42840.0,176.2679,176.1621,0.0,0.04248065196888786,0.0,0.06665138593457239,0.0027023803323028748,0,0,0,0.0,No trade,0,0.0,0.0,0.0
2025-06-18 13:56:00,176.22,176.25,176.1335,176.2,32181.0,176.2529,176.1471,0.0,0.033013985302221466,0.0,0.0517983546304379,0.0021001642026822016,0,0,0,0.0,No trade,0,0.0,0.0,0.0
2025-06-18 13:57:00,176.2,176.33,176.1899,176.31,51592.0,176.3629,176.2571,0.0,0.033013985302221466,0.0,0.0517983546304379,0.0021001642026822016,0,0,0,0.0,No trade,0,0.0,0.0,0.0
2025-06-18 13:58:00,176.345,176.38,176.15,176.165,54840.0,176.2178,176.1122,0.0037040911034052207,0.03534731863555458,0.004002691920688606,0.055459313050470804,0.0022485977557577096,0,0,0,0.0,No trade,0,0.0,0.0,0.0
2025-06-18 13:59:00,176.17,176.31,176.13,176.26,47111.0,176.3129,176.2071,0.0,0.03534731863555458,0.0,0.055459313050470804,0.0022485977557577096,0,0,0,0.0,No trade,0,0.0,0.0,0.0
2025-06-18 14:00:00,176.255,176.34,176.1,176.13,35453.0,176.1828,176.0772,0.03619349672143118,0.03534731863555458,0.03911119161598371,0.055459313050470804,0.0022485977557577096,0,0,0,0.0,No trade,0,0.0,0.0,0.0
2025-06-18 14:01:00,176.11,176.15,175.89,175.9,51192.0,175.9528,175.8472,0.2699999999999818,0.03534731863555458,0.29176572293060615,0.055459313050470804,0.0022485977557577096,0,0,0,0.0,No trade,0,0.0,0.0,0.0
2025-06-18 14:02:00,175.91,176.045,175.86,176.03,61067.0,176.0828,175.9772,0.13999999999998636,0.03352650585498678,0.1512859304084579,0.05260249024461773,0.002132767879826996,0,0,0,0.0,No trade,0,0.0,0.0,0.0
2025-06-18 14:03:00,176.03,176.2,176.03,176.152,58510.0,176.2048,176.0992,0.018000000000000682,0.03352650585498678,0.01945104819537579,0.05260249024461773,0.002132767879826996,0,0,0,0.0,No trade,0,0.0,0.0,0.0
2025-06-18 14:04:00,176.1401,176.26,176.1,176.17,55659.0,176.2229,176.1171,0.0,0.03352650585498678,0.0,0.05260249024461773,0.002132767879826996,0,0,0,0.0,No trade,0,0.0,0.0,0.0
2025-06-18 14:05:00,176.16,176.22,176.05,176.135,52476.0,176.1878,176.0822,0.03499999999999659,0.03352650585498678,0.03782148260211447,0.05260249024461773,0.002132767879826996,0,0,0,0.0,No trade,0,0.0,0.0,0.0
2025-06-18 14:06:00,176.13,176.23,175.96,176.225,77252.0,176.2779,176.1721,0.0,0.03327956644809311,0.0,0.05221504671565827,0.0021170589825871716,0,0,0,0.0,No trade,0,0.0,0.0,0.0
2025-06-18 14:07:00,176.21,176.37,176.19,176.34,78625.0,176.3929,176.2871,0.0,0.03327956644809311,0.0,0.05221504671565827,0.0021170589825871716,0,0,0,0.0,No trade,0,0.0,0.0,0.0
2025-06-18 14:08:00,176.2796,176.29,176.19,176.21,58971.0,176.2629,176.1571,0.0,0.030866666666664364,0.0,0.048429249956436285,0.0019635638592560485,0,0,0,0.0,No trade,0,0.0,0.0,0.0
2025-06-18 14:09:00,176.22,176.24,176.14,176.2,81216.0,176.2529,176.1471,0.0,0.012866666666665576,0.0,0.02018757071618166,0.0008185050212449538,0,0,0,0.0,No trade,0,0.0,0.0,0.0
2025-06-18 14:10:00,176.195,176.29,176.16,176.26,34346.0,176.3129,176.2071,0.0,0.0035333333333331515,0.0,0.005543737036050071,0.00022477080894292226,0,0,0,0.0,No trade,0,0.0,0.0,0.0
2025-06-18 14:11:00,176.27,176.31,176.24,176.27,40217.0,176.3229,176.2171,0.0,0.002333333333333106,0.0,0.003660958420032897,0.00014843355307550784,0,0,0,0.0,No trade,0,0.0,0.0,0.0
2025-06-18 14:12:00,176.27,176.425,176.27,176.42,78830.0,176.4729,176.3671,0.0,0.002333333333333106,0.0,0.003660958420032897,0.00014843355307550784,0,0,0,0.0,No trade,0,0.0,0.0,0.0
2025-06-18 14:13:00,176.42,176.445,176.19,176.2299,96203.0,176.2828,176.177,0.0,0.0,0.0,0.0,0.0,0,0,0,0.0,No trade,0,0.0,0.0,0.0
2025-06-18 14:14:00,176.23,176.31,176.125,176.15,71020.0,176.2028,176.0972,0.0,4.0273544797086484e-07,0.0,6.318847411263437e-07,2.561976578219041e-08,0,0,0,0.0,No trade,0,0.0,0.0,0.0
2025-06-18 14:15:00,176.13,176.25,176.09,176.177,41760.0,176.2299,176.1241,0.0,1.6596383684335549e-06,0.0,2.6039430253401746e-06,1.05576865648738e-07,0,0,0,0.0,No trade,0,0.0,0.0,0.0
2025-06-18 14:16:00,176.18,176.19,175.98,176.0,42129.0,176.0528,175.9472,0.0,3.4572875566613914e-06,0.0,5.424422567586736e-06,2.199332040167321e-07,0,0,0,0.0,No trade,0,0.0,0.0,0.0
2025-06-18 14:17:00,176.0098,176.06,175.94,175.97,30440.0,176.0228,175.9172,0.0,6.273448419951026e-06,0.0,9.842928778141723e-06,3.990815310040081e-07,0,0,0,0.0,No trade,0,0.0,0.0,0.0
2025-06-18 14:18:00,175.97,176.06,175.91,176.04,57826.0,176.0928,175.9872,0.0,9.866336254560649e-06,0.0,1.5480105765434213e-05,6.27640862615262e-07,0,0,0,0.0,No trade,0,0.0,0.0,0.0
2025-06-18 14:19:00,176.05,176.09,175.97,175.97,95211.0,176.0228,175.9172,0.0,1.2127460713108577e-05,0.0,1.9027769747690287e-05,7.714808928987916e-07,0,0,0,0.0,No trade,0,0.0,0.0,0.0
2025-06-18 14:20:00,175.97,176.17,175.97,176.14,39250.0,176.1928,176.0872,0.0,1.5784429972235473e-05,0.0,2.4765489348120304e-05,1.0041167245931483e-06,0,0,0,0.0,No trade,0,0.0,0.0,0.0
2025-06-18 14:21:00,176.15,176.15,175.7596,175.7596,55922.0,175.8123,175.7069,6.041031719562973e-06,1.9421848438370774e-05,6.528022173722711e-06,3.0472534102741366e-05,1.2355088447149966e-06,0,0,0,0.0,No trade,0,0.0,0.0,0.0
2025-06-18 14:22:00,175.7501,175.77,175.52,175.54,66047.0,175.5927,175.4873,1.885354380694035e-05,2.299515431005437e-05,2.03733994023562e-05,3.607898733915322e-05,1.462822481897692e-06,0,0,0,0.0,No trade,0,0.0,0.0,0.0
2025-06-18 14:23:00,175.5475,175.56,175.36,175.44,70985.0,175.4926,175.3874,2.696473782341755e-05,2.7929901009466966e-05,2.913846749883041e-05,4.382151697341573e-05,1.7767433330926284e-06,0,0,0,0.0,No trade,0,0.0,0.0,0.0
2025-06-18 14:24:00,175.445,175.455,175.23,175.2563,85691.0,175.3089,175.2037,4.2242412949344505e-05,3.156693904898732e-05,4.56477338981464e-05,4.952796484545713e-05,2.0081112526112732e-06,0,0,0,0.0,No trade,0,0.0,0.0,0.0
2025-06-18 14:25:00,175.26,175.26,175.1,175.16,95090.0,175.2125,175.1075,5.3893317519144346e-05,3.457155167922388e-05,5.823786202630707e-05,5.4242148520144046e-05,2.19924782189196e-06,0,0,0,0.0,No trade,0,0.0,0.0,0.0
2025-06-18 14:26:00,175.14,175.47,175.14,175.47,93524.0,175.5226,175.4174,3.391686687821893e-05,3.6884873307805575e-05,3.665103401579757e-05,5.7871708932030276e-05,2.3464083427791755e-06,0,0,0,0.0,No trade,0,0.0,0.0,0.0
2025-06-18 14:27:00,175.4896,175.57,175.25,175.28,68772.0,175.3326,175.2274,5.4854538886903444e-05,3.995330320226524e-05,5.9276571090235214e-05,6.268602075706049e-05,2.5416046077496596e-06,0,0,0,0.0,No trade,0,0.0,0.0,0.0
2025-06-18 14:28:00,175.28,175.39,175.155,175.34,66761.0,175.3926,175.2874,5.456127699202955e-05,4.510919167299494e-05,5.895966824295415e-05,7.077551788977632e-05,2.8695932555946017e-06,0,0,0,0.0,No trade,0,0.0,0.0,0.0
2025-06-18 14:29:00,175.335,175.445,175.31,175.4,51744.0,175.4526,175.3474,5.359958807525395e-05,4.995336045586378e-05,5.792045393911192e-05,7.837593238707886e-05,3.1777520487969233e-06,0,0,0,0.0,No trade,0,0.0,0.0,0.0
2025-06-18 14:30:00,175.4,175.51,175.27,175.2802,82113.0,175.3328,175.2276,7.402120049118888e-05,5.333543830808288e-05,7.998832990186858e-05,8.36823522686315e-05,3.3929008341038856e-06,0,0,0,0.0,Hold,0,0.0,-0.105,0.105
2025-06-18 14:31:00,175.29,175.545,175.29,175.48,40694.0,175.5326,175.4274,5.4555570592805333e-05,5.519983671948339e-05,5.8953501829269026e-05,8.660756015256579e-05,3.511503382912116e-06,0,0,0,0.0,Hold,0,0.0,0.095,-0.095
2025-06-18 14:32:00,175.51,175.59,175.36,175.581,62093.0,175.6337,175.5283,4.506918945354847e-05,5.878025729264253e-05,4.8702387565970015e-05,9.22251762288089e-05,3.7392696174172774e-06,0,0,0,0.0,Hold,0,0.0,0.196,-0.196
2025-06-18 14:33:00,175.56,175.68,175.56,175.6717,53615.0,175.7244,175.619,3.4699824428725396e-05,6.480172837371897e-05,3.749710874078835e-05,0.00010167275705248897,4.122321766262569e-06,0,0,0,0.0,Hold,0,0.0,0.286,-0.286
2025-06-18 14:34:00,175.68,175.7,175.58,175.63,57356.0,175.6827,175.5773,4.60264484168948e-05,7.415723484955578e-05,4.9736814801053586e-05,0.00011635137999808486,4.717466509275219e-06,0,0,0,0.0,Hold,0,0.0,0.245,-0.245
2025-06-18 14:35:00,175.64,175.66,175.46,175.4999,56018.0,175.5525,175.4473,7.73383270609456e-05,7.814865186471826e-05,8.357286261178508e-05,0.00012261384216788048,4.971378027575218e-06,0,0,0,0.0,Hold,0,0.0,0.115,-0.115
2025-06-18 14:36:00,175.49,175.5916,175.44,175.53,50198.0,175.5827,175.4773,7.870356346259559e-05,8.100175635329382e-05,8.504815589215032e-05,0.0001270903122681742,5.152876500375928e-06,0,0,0,0.0,Hold,0,0.0,0.145,-0.145
2025-06-18 14:37:00,175.52,175.61,175.51,175.6,48682.0,175.6527,175.5473,6.95847115902268e-05,8.64365762835406e-05,7.519419882237635e-05,0.0001356174478903177,5.498609200049725e-06,0,0,0,0.0,Hold,0,0.0,0.215,-0.215
2025-06-18 14:38:00,175.615,175.73,175.6,175.68,54903.0,175.7327,175.6273,5.493071399442529e-05,8.482033580501513e-05,5.935888696177384e-05,0.00013308159538089352,5.3957930642560025e-06,0,0,0,0.0,Hold,0,0.0,0.294,-0.294
2025-06-18 14:39:00,175.685,175.72,175.5639,175.5639,36959.0,175.6166,175.5112,9.594872154673155e-05,8.811082905829609e-05,0.00010368351150500535,0.00013824432065874848,5.605115752094086e-06,0,0,0,0.0,Hold,0,0.0,0.178,-0.178
2025-06-18 14:40:00,175.57,175.63,175.4501,175.4501,58037.0,175.5027,175.3975,0.00014421538373529102,9.006016744614705e-05,0.00015584113219720296,0.00014130279785210434,5.729121704832041e-06,0,0,0,0.0,Hold,0,0.0,0.065,-0.065
2025-06-18 14:41:00,175.45,175.53,175.32,175.41,56574.0,175.4626,175.3574,0.00017424946401577103,9.222636066782561e-05,0.0001882963734771685,0.00014470151641538567,5.866922743349982e-06,0,0,0,0.0,Hold,0,0.0,0.025,-0.025
2025-06-18 14:42:00,175.41,175.6022,175.4099,175.6,32421.0,175.6527,175.5473,0.00011472579411434066,9.905918985255717e-05,0.00012397427503170642,0.0001554221036453108,6.301588934827623e-06,0,0,0,0.0,Hold,0,0.0,0.215,-0.215
2025-06-18 14:43:00,175.6034,175.74,175.55,175.665,55622.0,175.7177,175.6123,9.735784432066289e-05,0.00010283974464426119,0.00010520622900439084,0.0001613537267440619,6.542086583540188e-06,0,0,0,0.0,Hold,0,0.0,0.28,-0.28
2025-06-18 14:44:00,175.669,175.71,175.55,175.61,59720.0,175.6627,175.5573,0.0001351218870289557,0.00011295149035212079,0.0001460145742694578,0.0001772188755685292,7.185339016346087e-06,0,0,0,0.0,Hold,0,0.0,0.225,-0.225
2025-06-18 14:45:00,175.59,175.795,175.5546,175.79,55808.0,175.8427,175.7373,4.977759331330691e-05,0.0001238979364816143,5.379035369927287e-05,0.00019439365448019048,7.881690398867739e-06,0,0,0,0.0,Hold,0,0.0,0.405,-0.405
2025-06-18 14:46:00,175.78,175.84,175.68,175.71,64831.0,175.7627,175.6573,0.00010391296939201965,0.00013910987138964515,0.00011228978754270593,0.00021826090927442763,8.849388204961705e-06,0,0,0,0.0,Hold,0,0.0,0.325,-0.325
2025-06-18 14:47:00,175.7,175.8008,175.7,175.77,32191.0,175.8227,175.7173,7.430926527131283e-05,0.00016536212285434446,8.029961667528976e-05,0.00025945022400779386,1.051940890259202e-05,0,0,0,0.0,Hold,0,0.0,0.385,-0.385
2025-06-18 14:48:00,175.7714,175.855,175.73,175.79,70789.0,175.8427,175.7373,6.719272275390367e-05,0.0001878211333888459,7.26093827035919e-05,0.000294688011317179,1.1948124930676293e-05,0,0,0,0.0,Hold,0,0.0,0.405,-0.405
2025-06-18 14:49:00,175.795,175.795,175.66,175.7,75006.0,175.7527,175.6473,0.00014851888618786833,0.0002234259601580641,0.0001604915562868694,0.00035055135004057676,1.4213103906673519e-05,0,0,0,0.0,Hold,0,0.0,0.315,-0.315
2025-06-18 14:50:00,175.71,175.7828,175.62,175.733,56514.0,175.7857,175.6803,0.000134046648936506,0.0002575229024815662,0.00014485265716069435,0.0004040488449391253,1.638215974871148e-05,0,0,0,0.0,Hold,0,0.0,0.347,-0.347
2025-06-18 14:51:00,175.74,175.74,175.605,175.6514,29821.0,175.7041,175.5987,0.00023037974908048962,0.0002835167992451603,0.00024895153347794527,0.0004448328057503345,1.8035745372239444e-05,0,0,0,0.0,Hold,0,0.0,0.266,-0.266
2025-06-18 14:52:00,175.66,175.765,175.63,175.6701,35378.0,175.7228,175.6174,0.00023378140353262918,0.00031413266982081026,0.0002526274081830885,0.000492868561109152,1.99833549936869e-05,0,0,0,0.0,Hold,0,0.0,0.285,-0.285
2025-06-18 14:53:00,175.7,175.73,175.585,175.65,77614.0,175.7027,175.5973,0.00028310973761488804,0.0003463429447988082,0.0003059322861626207,0.0005434059085629898,2.203239166248283e-05,0,0,0,0.0,Hold,0,0.0,0.264,-0.264
2025-06-18 14:54:00,175.65,175.65,175.5,175.52,57867.0,175.5727,175.4673,0.0004897324935172213,0.00039511745815429825,0.0005292116852358152,0.0006199322508566208,2.513515208400493e-05,0,0,0,0.0,Hold,0,0.0,0.135,-0.135
2025-06-18 14:55:00,175.5,175.63,175.4918,175.56,74332.0,175.6127,175.5073,0.0004811005417528129,0.0004587880813647299,0.0005198838791363895,0.0007198303240641898,2.9185519296715156e-05,0,0,0,0.0,Hold,0,0.0,0.174,-0.174
2025-06-18 14:56:00,175.555,175.56,175.38,175.4537,48124.0,175.5063,175.4011,0.0007083218655540442,0.0005256891629405218,0.0007654223747072045,0.0008247969288802871,3.344139011509665e-05,0,0,0,0.0,Hold,0,0.0,0.068,-0.068
2025-06-18 14:57:00,175.4547,175.56,175.4,175.539,32369.0,175.5917,175.4863,0.0006261799289668719,0.000596795771677082,0.0006766586654061752,0.0009363619308691958,3.796479293591891e-05,0,0,0,0.0,Hold,0,0.0,0.154,-0.154
2025-06-18 14:58:00,175.54,175.655,175.52,175.6399,34100.0,175.6926,175.5872,0.00048726629577457327,0.0006764060429147001,0.0005265466779496166,0.0010612690277871195,4.302915097353564e-05,0,0,0,0.0,Hold,0,0.0,0.254,-0.254
2025-06-18 14:59:00,175.64,175.685,175.59,175.615,44514.0,175.6677,175.5623,0.0005943599456637067,0.0008070835101204723,0.0006422735526947364,0.001266299645162373,5.1342117015362566e-05,0,0,0,0.0,Hold,0,0.0,0.23,-0.23
2025-06-18 15:00:00,175.61,175.7,175.535,175.665,53350.0,175.7177,175.6123,0.0005329317179832755,0.0009645400053245117,0.0005758933628520399,0.0015133460802650104,6.135861431734307e-05,0,0,0,0.0,Hold,0,0.0,0.28,-0.28
2025-06-18 15:01:00,175.66,175.67,175.54,175.575,32548.0,175.6277,175.5223,0.000835530669724371,0.0011369069227365528,0.0009028859625290409,0.001783786702108491,7.232362888197637e-05,0,0,0,0.0,Hold,0,0.0,0.19,-0.19
2025-06-18 15:02:00,175.58,175.59,175.53,175.54,16735.0,175.5927,175.4873,0.0010293686134277866,0.0012932572333663906,0.0011123499172550149,0.002029097553326399,8.226975693822569e-05,0,0,0,0.0,Hold,0,0.0,0.155,-0.155
2025-06-18 15:03:00,175.53,175.56,175.48,175.56,25176.0,175.6127,175.5073,0.0010707089463907842,0.0014723062032208805,0.0011570228510814659,0.002310022196378003,9.365984612537456e-05,0,0,0,0.0,Hold,0,0.0,0.174,-0.174
2025-06-18 15:04:00,175.55,175.62,175.535,175.5514,21533.0,175.6041,175.4987,0.00121511801723627,0.0016335890715031528,0.0013130732842406255,0.0025630721426544737,0.00010391975577795276,0,0,0,0.0,Hold,0,0.0,0.166,-0.166
2025-06-18 15:05:00,175.55,175.565,175.46,175.555,24748.0,175.6077,175.5023,0.0013282007175007752,0.0018277631583106058,0.0014352720094021835,0.002867727824675908,0.00011627201990082068,0,0,0,0.0,Hold,0,0.0,0.169,-0.169
2025-06-18 15:06:00,175.54,175.56,175.38,175.395,36695.0,175.4476,175.3424,0.0021905417571670763,0.0020560100155075853,0.0023671296273687975,0.0032258430762622265,0.00013079180218313597,0,0,0,0.0,Hold,0,0.0,0.01,-0.01
2025-06-18 15:07:00,175.395,175.395,175.305,175.36,27828.0,175.4126,175.3074,0.0025956288315932196,0.002324642315298773,0.002804872305590264,0.003647322367610846,0.0001478806793526452,0,0,0,0.0,Hold,0,0.0,-0.025,0.025
2025-06-18 15:08:00,175.365,175.4128,175.35,175.36,20223.0,175.4126,175.3074,0.002868613498795501,0.0026668194164001196,0.0030998633010541525,0.004184192141647794,0.0001696480634515974,0,0,0,0.0,Hold,0,0.0,-0.025,0.025
2025-06-18 15:09:00,175.36,175.42,175.32,175.415,34895.0,175.4676,175.3624,0.00283498715296479,0.003049009161627933,0.0030635262080881795,0.00478384104129442,0.0001939608270943944,0,0,0,0.0,Hold,0,0.0,0.03,-0.03
2025-06-18 15:10:00,175.4088,175.4669,175.4,175.41,20302.0,175.4626,175.3574,0.003166835089570162,0.003532172653895572,0.003422125664113005,0.0055419159506957996,0.00022469697304025013,0,0,0,0.0,Hold,0,0.0,0.025,-0.025
2025-06-18 15:11:00,175.41,175.4699,175.351,175.46,26907.0,175.5126,175.4074,0.003127564889788129,0.004015628399827201,0.0033796897447462087,0.006300449400888023,0.000255451710521711,0,0,0,0.0,Hold,0,0.0,0.075,-0.075
2025-06-18 15:12:00,175.45,175.51,175.4,175.45,42086.0,175.5026,175.3974,0.003538791231078666,0.004531678784485574,0.0038240665993934304,0.007110123258406509,0.00028827993573349623,0,0,0,0.0,Hold,0,0.0,0.065,-0.065
2025-06-18 15:13:00,175.46,175.48,175.41,175.45,22253.0,175.5026,175.3974,0.003910969153729263,0.005139126347757413,0.00422624719443406,0.008063197660473104,0.0003269223357864279,0,0,0,0.0,Hold,0,0.0,0.065,-0.065
2025-06-18 15:14:00,175.435,175.47,175.4,175.42,16779.0,175.4726,175.3674,0.004623844442531525,0.00592421815711994,0.0049965900610887655,0.009294992719038055,0.0003768654643953581,0,0,0,0.0,Hold,0,0.0,0.035,-0.035
2025-06-18 15:15:00,175.44,175.5,175.36,175.37,22606.0,175.4226,175.3174,0.005665588234503475,0.006843913870947886,0.006122312766915386,0.01073797890506959,0.00043537133691756274,0,0,0,0.0,Hold,0,0.0,-0.015,0.015
2025-06-18 15:16:00,175.37,175.41,175.34,175.345,16182.0,175.3976,175.2924,0.006568376848141572,0.007724025784742901,0.007097878591032633,0.012118858814232207,0.0004913591105470021,0,0,0,0.0,Hold,0,0.0,-0.04,0.04
2025-06-18 15:17:00,175.343,175.365,175.26,175.27,35603.0,175.3226,175.2174,0.008276820997442369,0.008937644393506233,0.008944046895874651,0.014023004784715564,0.0005685627057658508,0,0,0,0.0,Hold,0,0.0,-0.115,0.115
2025-06-18 15:18:00,175.26,175.33,175.26,175.325,18685.0,175.3776,175.2724,0.008322545135365228,0.010377312347954953,0.008993457029787403,0.016281818150383175,0.0006601462899349049,0,0,0,0.0,Hold,0,0.0,-0.06,0.06
2025-06-18 15:19:00,175.315,175.35,175.29,175.3396,20960.0,175.3922,175.287,0.008955873787111861,0.011871289766878495,0.009677840703600496,0.0186258420980179,0.000755184737008656,0,0,0,0.0,Hold,0,0.0,-0.046,0.046
2025-06-18 15:20:00,175.355,175.375,175.28,175.31,40546.0,175.3626,175.2574,0.010439914166578357,0.013418056775866502,0.011281515200538578,0.021052691971754026,0.0008535813611189796,0,0,0,0.0,Hold,0,0.0,-0.075,0.075
2025-06-18 15:21:00,175.31,175.31,175.17,175.19,74771.0,175.2426,175.1374,0.013966918897604976,0.015331309711130706,0.015092845145456056,0.024054551733043522,0.000975291760167596,0,0,0,0.0,Hold,0,0.0,-0.195,0.195
2025-06-18 15:22:00,175.18,175.18,175.07,175.1473,76052.0,175.1998,175.0948,0.016391064539012398,0.017125349526661268,0.01771241035121295,0.02686936823384703,0.0010894184905296627,0,0,0,0.0,Hold,0,0.0,-0.238,0.238
2025-06-18 15:23:00,175.15,175.24,175.13,175.23,37746.0,175.2826,175.1774,0.016070292205720742,0.018822768653933626,0.017365779344846344,0.0295325885965527,0.0011973987557236862,0,0,0,0.0,Hold,0,0.0,-0.155,0.155
2025-06-18 15:24:00,175.24,175.25,175.1,175.11,36140.0,175.1625,175.0575,0.021039266284414774,0.020182302052566856,0.022735321249637844,0.03166567227214245,0.0012838846298168166,0,0,0,0.0,Hold,0,0.0,-0.275,0.275
2025-06-18 15:25:00,175.115,175.16,175.045,175.06,38335.0,175.1125,175.0075,0.024761854406300965,0.02165751607357796,0.026758001303545564,0.03398025678281605,0.0013777294549677482,0,0,0,0.0,Hold,0,0.0,-0.325,0.325
2025-06-18 15:26:00,175.0699,175.12,175.0375,175.1148,35268.0,175.1673,175.0623,0.02553722617364127,0.023701292890490534,0.027595878726649422,0.03718690618847812,0.001507743049808197,0,0,0,0.0,Hold,0,0.0,-0.27,0.27
2025-06-18 15:27:00,175.115,175.25,175.115,175.155,42703.0,175.2075,175.1025,0.026740296365898787,0.025926630610161063,0.028895932965094982,0.04067842141515473,0.001649306528889773,0,0,0,0.0,Hold,0,0.0,-0.23,0.23
2025-06-18 15:28:00,175.15,175.1572,175.07,175.08,45872.0,175.1325,175.0275,0.03260976318269227,0.028585176609485837,0.035238559739239686,0.044849632712843486,0.0018184282840445552,0,0,0,0.0,Hold,0,0.0,-0.305,0.305
2025-06-18 15:29:00,175.075,175.18,175.0501,175.18,45975.0,175.2326,175.1274,0.031534441675489945,0.0313734847678448,0.034076552491344364,0.04922443852569706,0.001995804778479421,0,0,0,0.0,Hold,0,0.0,-0.205,0.205
2025-06-18 15:30:00,175.185,175.27,175.1701,175.2548,35347.0,175.3074,175.2022,0.031126875143588868,0.03429110088082275,0.03363613047718716,0.05380212621508191,0.0021814071182621546,0,0,0,0.0,Hold,0,0.0,-0.131,0.131
2025-06-18 15:31:00,175.2687,175.39,175.26,175.39,37472.0,175.4426,175.3374,0.026961377827640035,0.03756618662580124,0.02913483664106348,0.058940677386971854,0.0023897496670139337,0,0,0,0.0,Hold,0,0.0,0.005,-0.005
2025-06-18 15:32:00,175.385,175.43,175.36,175.38,40083.0,175.4326,175.3274,0.030405031312608976,0.04000053695876701,0.032856096080191376,0.06276012967930691,0.0025446093538793726,0,0,0,0.0,Hold,0,0.0,-0.005,0.005
2025-06-18 15:33:00,175.3703,175.375,175.27,175.3,37754.0,175.3526,175.2474,0.03897919738905379,0.04186846402916542,0.042121458168417926,0.06569087396632824,0.0026634363761415952,0,0,0,0.0,Hold,0,0.0,-0.085,0.085
2025-06-18 15:34:00,175.29,175.3454,175.25,175.31,13887.0,175.3626,175.2574,0.0423359395821698,0.04425419120967466,0.04574880006718173,0.06943403739892287,0.002815202931315238,0,0,0,0.0,Hold,0,0.0,-0.075,0.075
2025-06-18 15:35:00,175.3129,175.35,175.245,175.267,50594.0,175.3196,175.2144,0.050318104156449925,0.04814676661422239,0.05437443716927829,0.07554141884302003,0.003062826701848699,0,0,0,0.0,Hold,0,0.0,-0.118,0.118
2025-06-18 15:36:00,175.265,175.295,175.215,175.265,41185.0,175.3176,175.2124,0.05579154127298949,0.054193540984415756,0.060289108788620836,0.08502870007642033,0.00344748850374033,0,0,0,0.0,Hold,0,0.0,-0.12,0.12
2025-06-18 15:37:00,175.26,175.28,175.18,175.28,39823.0,175.3326,175.2274,0.060155306233681656,0.06178227773645987,0.06500465337549373,0.09693529280919677,0.003930241286366347,0,0,0,0.0,Hold,0,0.0,-0.105,0.105
2025-06-18 15:38:00,175.2875,175.31,175.26,175.2916,23552.0,175.3442,175.239,0.06519657838039804,0.06855798241277497,0.07045232156948163,0.1075662527033744,0.004361273537664583,0,0,0,0.0,Hold,0,0.0,-0.094,0.094
2025-06-18 15:39:00,175.295,175.425,175.21,175.41,106765.0,175.4626,175.3574,0.05755452127890136,0.07711762970981303,0.06219420929209163,0.12099618677963428,0.0049057901925385755,0,0,0,0.0,Hold,0,0.0,0.025,-0.025
2025-06-18 15:40:00,175.3936,175.49,175.335,175.49,48127.0,175.5426,175.4374,0.05278076046227711,0.0863552750677117,0.05703561753001656,0.13548988773146867,0.005493437273620507,0,0,0,0.0,Hold,0,0.0,0.105,-0.105
2025-06-18 15:41:00,175.475,175.52,175.4562,175.47,22896.0,175.5226,175.4174,0.06132313388127986,0.09700920723257828,0.06626662403423396,0.152205717445225,0.006171180561673394,0,0,0,0.0,Hold,0,0.0,0.085,-0.085
2025-06-18 15:42:00,175.47,175.4724,175.34,175.365,18564.0,175.4176,175.3124,0.0851289274341148,0.10883313894314907,0.09199149279675292,0.17075725559681598,0.0069233526452972625,0,0,0,0.0,Hold,0,0.0,-0.02,0.02
2025-06-18 15:43:00,175.35,175.35,175.2,175.205,25722.0,175.2576,175.1524,0.12331137873559274,0.12043902927369068,0.13325197615689782,0.18896669070863548,0.007661654161740322,0,0,0,0.0,Hold,0,0.0,-0.18,0.18
2025-06-18 15:44:00,175.205,175.21,175.12,175.16,31945.0,175.2125,175.1075,0.14536549295615164,0.13325342601827533,0.1570839560796977,0.20907225084852143,0.008476834064305225,0,0,0,0.0,Hold,0,0.0,-0.225,0.225
2025-06-18 15:45:00,175.16,175.32,175.15,175.285,32501.0,175.3376,175.2324,0.1327624452883155,0.1469166781913074,0.14346492899104824,0.23050965002904977,0.009346013378566656,0,0,0,0.0,Hold,0,0.0,-0.1,0.1
2025-06-18 15:46:00,175.25,175.28,175.22,175.25,23022.0,175.3026,175.1974,0.15535608728321093,0.16142723890192023,0.16787993006614607,0.2532764612060162,0.01026909370002137,0,0,0,0.0,Hold,0,0.0,-0.135,0.135
2025-06-18 15:47:00,175.235,175.26,175.19,175.26,19766.0,175.3126,175.2074,0.16896971168108904,0.17826217577620174,0.18259100030374945,0.2796901771634287,0.011340037769757826,0,0,0,0.0,Hold,0,0.0,-0.125,0.125
2025-06-18 15:48:00,175.26,175.275,175.16,175.22,32400.0,175.2726,175.1674,0.1987881798620523,0.19839815414084294,0.21481324817598133,0.31128316839470327,0.012620975546893058,0,0,0,0.0,Hold,0,0.0,-0.165,0.165
2025-06-18 15:49:00,175.19,175.26,175.19,175.22,17779.0,175.2726,175.1674,0.21969491524073137,0.22463075529776905,0.2374053547014613,0.35244165214534157,0.014289746202379742,0,0,0,0.0,Hold,0,0.0,-0.165,0.165
2025-06-18 15:50:00,175.21,175.31,175.18,175.27,17497.0,175.3226,175.2174,0.22440645911457438,0.2557494650960203,0.24249671397728043,0.4012663532838327,0.016269343629157103,0,0,0,0.0,Hold,0,0.0,-0.115,0.115
2025-06-18 15:51:00,175.2799,175.3,175.245,175.27,20534.0,175.3226,175.2174,0.24800749244175946,0.29037561592472827,0.26800031601659874,0.45559416689656124,0.01847206474208599,0,0,0,0.0,Hold,0,0.0,-0.115,0.115
2025-06-18 15:52:00,175.285,175.31,175.2728,175.29,18535.0,175.3426,175.2374,0.26510408882916225,0.32713290385349636,0.28647513381150136,0.5132656966424513,0.020810356820094723,0,0,0,0.0,Hold,0,0.0,-0.095,0.095
2025-06-18 15:53:00,175.29,175.3364,175.28,175.3104,22797.0,175.363,175.2578,0.28285498903959094,0.37997540750094166,0.3056570013395203,0.5961746432126311,0.024171899921436108,0,0,0,0.0,Hold,0,0.0,-0.075,0.075
2025-06-18 15:54:00,175.305,175.335,175.26,175.315,15287.0,175.3676,175.2624,0.31007857439312364,0.4226183350153935,0.3350751830485465,0.6630806365864454,0.026884603311941264,0,0,0,0.0,Hold,0,0.0,-0.07,0.07
2025-06-18 15:55:00,175.31,175.35,175.27,175.295,19713.0,175.3476,175.2424,0.3548204359318954,0.45134702090332024,0.3834238555564046,0.7081554327998294,0.02871216084974223,0,0,0,0.0,Hold,0,0.0,-0.09,0.09
2025-06-18 15:56:00,175.29,175.29,175.2,175.2015,15293.0,175.2541,175.1489,0.45481215123517155,0.4647611422458505,0.4914762818620849,0.7292019501468082,0.029565491860709926,0,0,0,0.0,Hold,0,0.0,-0.184,0.184
2025-06-18 15:57:00,175.21,175.235,175.13,175.135,33516.0,175.1875,175.0825,0.5519095744078832,0.48578148122980147,0.5964010961831484,0.7621824874304862,0.030902687690241255,0,0,0,0.0,Hold,0,0.0,-0.25,0.25
2025-06-18 15:58:00,175.1413,175.15,175.095,175.095,20787.0,175.1475,175.0425,0.6427036411662129,0.513487717288829,0.6945144166481689,0.8056530780823687,0.03266520271620866,0,0,0,0.0,Hold,0,0.0,-0.29,0.29
2025-06-18 15:59:00,175.1,175.155,175.0914,175.11,15503.0,175.1625,175.0575,0.6967248118876723,0.5469538844593784,0.7528904386078185,0.8581608980063387,0.034794132188041824,0,0,0,0.0,Hold,0,0.0,-0.275,0.275
2025-06-18 16:00:00,175.1,175.54,174.88,174.9546,350685.0,175.0071,174.9021,0.9253999999999962,0.5772802785374342,1.0,0.905742469898898,0.036723326941602234,0,0,0,0.0,Hold,0,0.0,-0.431,0.431
2025-06-18 16:01:00,174.98,175.11,174.924,175.085,84947.0,175.1375,175.0325,0.7949999999999875,0.5967566126014606,0.8590879619623847,0.9363004909773599,0.03796230185560621,0,0,0,0.0,Hold,0,0.0,-0.3,0.3
2025-06-18 16:02:00,175.07,175.3,175.07,175.2801,37176.0,175.3327,175.2275,0.599899999999991,0.6147513743085847,0.6482602118002955,0.9645339514294405,0.0391070274628644,0,0,0,0.0,Hold,0,0.0,-0.105,0.105
2025-06-18 16:03:00,175.29,175.5,175.27,175.48,183458.0,175.5326,175.4274,0.4000000000000057,0.6290966785797913,0.43224551545278506,0.987041478197846,0.04001959509840355,0,0,0,0.0,Hold,0,0.0,0.095,-0.095
2025-06-18 16:04:00,175.5,175.61,175.33,175.345,92634.0,175.3976,175.2924,0.5349999999999966,0.6373558684974463,0.5781283769180882,1.0,0.04054499834340485,0,0,0,0.0,Hold,0,0.0,-0.04,0.04
2025-06-18 16:05:00,175.345,175.39,175.15,175.24,68522.0,175.2926,175.1874,0.6399999999999864,0.6325618968702534,0.6915928247244315,0.9924783439454404,0.04024003281113307,0,0,0,0.0,Hold,0,0.0,-0.145,0.145
2025-06-18 16:06:00,175.2373,175.2373,175.1,175.13,42573.0,175.1825,175.0775,0.75,0.6223816541258399,0.8104603414739605,0.9765057244912363,0.03959242298182253,0,0,0,0.0,Hold,0,0.0,-0.255,0.255
2025-06-18 16:07:00,175.1198,175.16,174.99,175.16,72304.0,175.2125,175.1075,0.7199999999999989,0.6119533333333285,0.7780419278150008,0.9601438750003137,0.03892903182131804,0,0,0,0.0,Hold,0,0.0,-0.225,0.225
2025-06-18 16:08:00,175.14,175.32,175.11,175.305,29208.0,175.3576,175.2524,0.5749999999999886,0.5889266666666609,0.6213529284633574,0.9240154453351842,0.03746420470039554,0,0,0,0.0,Hold,0,0.0,-0.08,0.08
2025-06-18 16:09:00,175.31,175.35,175.28,175.3,17273.0,175.3526,175.2474,0.5799999999999841,0.5839266666666617,0.6267559974065122,0.9161705344351142,0.03714613280094804,0,0,0,0.0,Hold,0,0.0,-0.085,0.085
2025-06-18 16:10:00,175.3018,175.355,175.3,175.31,34745.0,175.3626,175.2574,0.5699999999999932,0.5892666666666628,0.6159498595202026,0.924548899276392,0.03748583358955809,0,0,0,0.0,Hold,0,0.0,-0.075,0.075
2025-06-18 16:11:00,175.305,175.3848,175.26,175.3013,56457.0,175.3539,175.2487,0.5786999999999978,0.6019333333333293,0.6253511994813056,0.9444226735565723,0.0382916157348252,0,0,0,0.0,Hold,0,0.0,-0.084,0.084
2025-06-18 16:12:00,175.3,175.4,175.29,175.4,25245.0,175.4526,175.3474,0.47999999999998977,0.6079333333333296,0.5186946185433237,0.9538365666366582,0.038673302014162275,0,0,0,0.0,Hold,0,0.0,0.015,-0.015
2025-06-18 16:13:00,175.4,175.4569,175.385,175.39,18191.0,175.4426,175.3374,0.4900000000000091,0.5992866666666639,0.529500756429664,0.9402701007201364,0.038123249676051046,0,0,0,0.0,Hold,0,0.0,0.005,-0.005
2025-06-18 16:14:00,175.4,175.423,175.33,175.3397,15791.0,175.3923,175.2871,0.540300000000002,0.5839466666666643,0.5838556299978434,0.9162019140787184,0.03714740508854599,0,0,0,0.0,Hold,0,0.0,-0.046,0.046
2025-06-18 16:15:00,175.33,175.34,175.28,175.3,20101.0,175.3526,175.2474,0.5799999999999841,0.5639399999999967,0.6267559974065122,0.8848118105972319,0.035874693394889814,0,0,0,0.0,Hold,0,0.0,-0.085,0.085
2025-06-18 16:16:00,175.3,175.328,175.13,175.16,49933.0,175.2125,175.1075,0.7199999999999989,0.5526066666666641,0.7780419278150008,0.8670300125570716,0.035153730422808754,0,0,0,0.0,Hold,0,0.0,-0.225,0.225
2025-06-18 16:17:00,175.14,175.23,175.14,175.2,13701.0,175.2526,175.1474,0.6800000000000068,0.5339399999999974,0.7348173762697315,0.8377423451968055,0.03396626199820457,0,0,0,0.0,Hold,0,0.0,-0.185,0.185
2025-06-18 16:18:00,175.2,175.303,175.2,175.29,14945.0,175.3426,175.2374,0.5900000000000034,0.5186066666666648,0.6375621352928527,0.813684618436588,0.03299084150656547,0,0,0,0.0,Hold,0,0.0,-0.095,0.095
2025-06-18 16:19:00,175.27,175.305,175.255,175.255,14028.0,175.3076,175.2024,0.625,0.5000266666666637,0.6753836178949671,0.7845329295319217,0.03180888632821832,0,0,0,0.0,Hold,0,0.0,-0.13,0.13
2025-06-18 16:20:00,175.255,175.38,175.255,175.3697,21589.0,175.4223,175.3171,0.5103000000000009,0.4970266666666646,0.5514372163388837,0.7798259829918802,0.03161804318854984,0,0,0,0.0,Hold,0,0.0,-0.016,0.016
2025-06-18 16:21:00,175.36,175.37,175.3,175.3601,13350.0,175.4127,175.3075,0.5199000000000069,0.4970266666666646,0.5618111087097569,0.7798259829918802,0.03161804318854984,0,0,0,0.0,Hold,0,0.0,-0.025,0.025
2025-06-18 16:22:00,175.375,175.48,175.35,175.4601,33135.0,175.5127,175.4075,0.4198999999999842,0.49367333333333174,0.4537497298465376,0.7745646627482332,0.031404722967987055,0,0,0,0.0,Hold,0,0.0,0.075,-0.075
2025-06-18 16:23:00,175.465,175.5,175.4264,175.475,34303.0,175.5276,175.4224,0.40500000000000114,0.4826733333333323,0.4376485843959399,0.7573058587680772,0.03070496478920248,0,0,0,0.0,Hold,0,0.0,0.09,-0.09
2025-06-18 16:24:00,175.475,175.6,175.4692,175.58,47332.0,175.6327,175.5273,0.29999999999998295,0.46067333333333144,0.3241841365895658,0.7227882508077624,0.02930544843163322,0,0,0,0.0,Hold,0,0.0,0.195,-0.195
2025-06-18 16:25:00,175.5702,175.6,175.5118,175.54,24591.0,175.5927,175.4873,0.3400000000000034,0.4406733333333307,0.36740868813486577,0.6914086072074762,0.02803316083384298,0,0,0,0.0,Hold,0,0.0,0.155,-0.155
2025-06-18 16:26:00,175.53,175.59,175.49,175.58,22204.0,175.6327,175.5273,0.29999999999998295,0.4253399999999961,0.3241841365895658,0.6673508804472557,0.02705774034220375,0,0,0,0.0,Hold,0,0.0,0.195,-0.195
2025-06-18 16:27:00,175.57,175.57,175.43,175.445,119843.0,175.4976,175.3924,0.4350000000000023,0.4013399999999952,0.47006699805489954,0.6296953081269122,0.025530995224855465,0,0,0,0.0,Hold,0,0.0,0.06,-0.06
2025-06-18 16:28:00,175.43,175.455,175.385,175.39,26691.0,175.4426,175.3374,0.4900000000000091,0.38998666666666204,0.529500756429664,0.6118821304431507,0.024808759965176574,0,0,0,0.0,Hold,0,0.0,0.005,-0.005
2025-06-18 16:29:00,175.38,175.4,175.34,175.39,45602.0,175.4426,175.3374,0.4900000000000091,0.37432666666666137,0.529500756429664,0.5873118695041265,0.023812558776106815,0,0,0,0.0,Hold,0,0.0,0.005,-0.005
2025-06-18 16:30:00,175.4,175.49,175.35,175.465,35228.0,175.5176,175.4124,0.41499999999999204,0.36633333333332796,0.44845472228224953,0.5747704719452125,0.023304067832856663,0,0,0,0.0,Hold,0,0.0,0.08,-0.08
2025-06-18 16:31:00,175.47,175.545,175.4599,175.49,17381.0,175.5426,175.4374,0.38999999999998636,0.3586666666666607,0.42143937756644473,0.5627416085651022,0.022816357587037053,0,0,0,0.0,Hold,0,0.0,0.105,-0.105
2025-06-18 16:32:00,175.5,175.5221,175.46,175.5,18120.0,175.5526,175.4474,0.37999999999999545,0.3546666666666624,0.4106332396801351,0.5564656798450479,0.022561900067479122,0,0,0,0.0,Hold,0,0.0,0.115,-0.115
2025-06-18 16:33:00,175.498,175.54,175.49,175.52,17658.0,175.5727,175.4673,0.3599999999999852,0.34833333333332916,0.3890209639074851,0.5465287927049578,0.022159008994845568,0,0,0,0.0,Hold,0,0.0,0.135,-0.135
2025-06-18 16:34:00,175.515,175.63,175.515,175.615,21452.0,175.6677,175.5623,0.26499999999998636,0.3463333333333291,0.2863626539874513,0.5433908283449292,0.022031780235066547,0,0,0,0.0,Hold,0,0.0,0.23,-0.23
2025-06-18 16:35:00,175.615,175.615,175.48,175.54,17441.0,175.5927,175.4873,0.3400000000000034,0.33433333333332865,0.36740868813486577,0.5245630421847575,0.0212684076763924,0,0,0,0.0,Hold,0,0.0,0.155,-0.155
2025-06-18 16:36:00,175.5387,175.61,175.53,175.595,18355.0,175.6477,175.5423,0.2849999999999966,0.31433333333332786,0.3079749297601013,0.4931833985844712,0.01999612007860216,0,0,0,0.0,Hold,0,0.0,0.21,-0.21
2025-06-18 16:37:00,175.595,175.595,175.52,175.58,16487.0,175.6327,175.5273,0.29999999999998295,0.2963333333333272,0.3241841365895658,0.4649417193442136,0.018851061240590942,0,0,0,0.0,Hold,0,0.0,0.195,-0.195
2025-06-18 16:38:00,175.57,175.59,175.495,175.59,31732.0,175.6427,175.5373,0.28999999999999204,0.28899999999999487,0.3133779987032561,0.4534358500241107,0.018384555788067938,0,0,0,0.0,Hold,0,0.0,0.204,-0.204
2025-06-18 16:39:00,175.58,175.65,175.55,175.64,19747.0,175.6927,175.5873,0.2400000000000091,0.27666666666666134,0.2593473092716772,0.43408506980393463,0.01759997843609731,0,0,0,0.0,Hold,0,0.0,0.255,-0.255
2025-06-18 16:40:00,175.635,175.715,175.62,175.635,31061.0,175.6877,175.5823,0.24500000000000455,0.26375333333332757,0.264750378214832,0.4138242799193499,0.016778504743790747,0,0,0,0.0,Hold,0,0.0,0.25,-0.25
2025-06-18 16:41:00,175.6301,175.685,175.595,175.61,14341.0,175.6627,175.5573,0.2699999999999818,0.2524199999999951,0.29176572293060615,0.3960424818791897,0.016057541771709694,0,0,0,0.0,Hold,0,0.0,0.225,-0.225
2025-06-18 16:42:00,175.64,175.68,175.6109,175.625,10421.0,175.6777,175.5723,0.25499999999999545,0.24646666666666306,0.2755565161011417,0.3867018079675069,0.01567882416343423,0,0,0,0.0,Hold,0,0.0,0.24,-0.24
2025-06-18 16:43:00,175.615,175.715,175.61,175.69,17085.0,175.7427,175.6373,0.18999999999999773,0.2277999999999963,0.20531661984006755,0.35741414060724075,0.014491355738830045,0,0,0,0.0,Hold,0,0.0,0.305,-0.305
2025-06-18 16:44:00,175.67,175.68,175.63,175.66,18482.0,175.7127,175.6073,0.21999999999999886,0.22013333333332905,0.2377350334990272,0.3453852772271305,0.014003645493010433,0,0,0,0.0,Hold,0,0.0,0.275,-0.275
2025-06-18 16:45:00,175.66,175.66,175.565,175.575,32216.0,175.6277,175.5223,0.3050000000000068,0.20779999999999746,0.32958720553275134,0.3260344970069575,0.013219068141039927,0,0,0,0.0,Hold,0,0.0,0.19,-0.19
2025-06-18 16:46:00,175.57,175.685,175.5542,175.675,30871.0,175.7277,175.6223,0.20499999999998408,0.2001333333333302,0.221525826669532,0.3140056336268473,0.012731357895220315,0,0,0,0.0,Hold,0,0.0,0.29,-0.29
2025-06-18 16:47:00,175.6719,175.7535,175.67,175.6937,28096.0,175.7464,175.641,0.18629999999998859,0.19646666666666307,0.20131834882211946,0.30825269896679436,0.012498105168958752,0,0,0,0.0,Hold,0,0.0,0.308,-0.308
2025-06-18 16:48:00,175.6815,175.69,175.63,175.69,15025.0,175.7427,175.6373,0.18999999999999773,0.1934733333333289,0.20531661984006755,0.3035562123079503,0.012307686125156097,0,0,0,0.0,Hold,0,0.0,0.305,-0.305
2025-06-18 16:49:00,175.6815,175.74,175.6815,175.7043,12509.0,175.757,175.6516,0.17570000000000618,0.18513999999999556,0.18986384266263984,0.2904813608078316,0.01177756629274352,0,0,0,0.0,Hold,0,0.0,0.319,-0.319
2025-06-18 16:50:00,175.715,175.82,175.67,175.82,27545.0,175.8727,175.7673,0.060000000000002274,0.18147333333332843,0.0648368273179193,0.2847284261477786,0.011544313566481954,0,0,0,0.0,Hold,0,0.0,0.435,-0.435
2025-06-18 16:51:00,175.815,175.82,175.71,175.71,30494.0,175.7627,175.6573,0.1699999999999875,0.17880666666666228,0.18370434406741754,0.28054447366774143,0.011374675220109962,0,0,0,0.0,Hold,0,0.0,0.325,-0.325
2025-06-18 16:52:00,175.7204,175.8,175.665,175.765,39793.0,175.8177,175.7123,0.1150000000000091,0.17813999999999625,0.12427058569268377,0.2794984855477329,0.011332265633516995,0,0,0,0.0,Hold,0,0.0,0.38,-0.38
2025-06-18 16:53:00,175.765,175.775,175.68,175.705,22675.0,175.7577,175.6523,0.17499999999998295,0.17580666666666123,0.18910741301057235,0.275837527127697,0.011183832080441365,0,0,0,0.0,Hold,0,0.0,0.32,-0.32
2025-06-18 16:54:00,175.71,175.7398,175.655,175.695,12776.0,175.7477,175.6423,0.18500000000000227,0.17947333333332835,0.1999135508969127,0.28159046178775,0.011417084806702931,0,0,0,0.0,Hold,0,0.0,0.31,-0.31
2025-06-18 16:55:00,175.695,175.72,175.6516,175.6799,19146.0,175.7326,175.6272,0.20009999999999195,0.18171999999999572,0.21623081910524397,0.2851154417521831,0.011560005113521407,0,0,0,0.0,Hold,0,0.0,0.294,-0.294
2025-06-18 16:56:00,175.7,175.74,175.67,175.735,21640.0,175.7877,175.6823,0.1449999999999818,0.1816666666666625,0.1566889993516127,0.2850317627025825,0.011556612346593973,0,0,0,0.0,Hold,0,0.0,0.35,-0.35
2025-06-18 16:57:00,175.715,175.745,175.675,175.68,43374.0,175.7327,175.6273,0.19999999999998863,0.1806199999999952,0.21612275772637718,0.2833895613541666,0.011490029295642912,0,0,0,0.0,Hold,0,0.0,0.294,-0.294
2025-06-18 16:58:00,175.68,175.74,175.68,175.73,28023.0,175.7827,175.6773,0.15000000000000568,0.17661999999999503,0.16209206829479825,0.2771136326341093,0.011235571776084863,0,0,0,0.0,Hold,0,0.0,0.345,-0.345
2025-06-18 16:59:00,175.73,175.765,175.67,175.67,60240.0,175.7227,175.6173,0.21000000000000796,0.16528666666666253,0.22692889561271753,0.2593318345939491,0.010514608804003808,0,0,0,0.0,Hold,0,0.0,0.285,-0.285
2025-06-18 17:00:00,175.67,175.67,175.58,175.61,58895.0,175.6627,175.5573,0.2699999999999818,0.15761999999999526,0.29176572293060615,0.24730297121383893,0.010026898558184198,0,0,0,0.0,Hold,0,0.0,0.225,-0.225
2025-06-18 17:01:00,175.625,175.65,175.585,175.62,26903.0,175.6727,175.5673,0.2599999999999909,0.14595333333332974,0.28095958504429647,0.22899817911367445,0.009284730792806659,0,0,0,0.0,Hold,0,0.0,0.234,-0.234
2025-06-18 17:02:00,175.6154,175.695,175.59,175.66,24023.0,175.7127,175.6073,0.21999999999999886,0.13361999999999624,0.2377350334990272,0.2096473988934984,0.008500153440836029,0,0,0,0.0,Hold,0,0.0,0.275,-0.275
2025-06-18 17:03:00,175.66,175.725,175.65,175.6908,15376.0,175.7435,175.6381,0.1891999999999996,0.12027999999999679,0.204452128809164,0.18871717661210916,0.007651537613110006,0,0,0,0.0,Hold,0,0.0,0.305,-0.305
2025-06-18 17:04:00,175.7,175.77,175.7,175.72,19845.0,175.7727,175.6673,0.1599999999999966,0.11061333333333133,0.17289820618110788,0.1735503488719733,0.0070365986075114914,0,0,0,0.0,Hold,0,0.0,0.335,-0.335
2025-06-18 17:05:00,175.71,175.92,175.69,175.92,37603.0,175.9728,175.8672,0.0,0.09727999999999876,0.0,0.15263058647178446,0.006188406875651412,0,0,0,0.0,Hold,0,0.0,0.534,-0.534
2025-06-18 17:06:00,175.91,176.04,175.86,176.04,53136.0,176.0928,175.9872,0.0,0.08727999999999839,0.0,0.13694076467164135,0.005552263076756292,0,0,0,0.0,Hold,0,0.0,0.654,-0.654
2025-06-18 17:07:00,176.03,176.21,176.02,176.115,113266.0,176.1678,176.0622,0.0,0.07327999999999785,0.0,0.11497501415144099,0.004661661758303124,0,0,0,0.0,Hold,0,0.0,0.729,-0.729
2025-06-18 17:08:00,176.11,176.17,175.98,176.02,51619.0,176.0728,175.9672,0.0,0.055279999999999066,0.0,0.08673333491118637,0.00351660292029203,0,0,0,0.0,Hold,0,0.0,0.634,-0.634
2025-06-18 17:09:00,176.03,176.175,176.01,176.13,33239.0,176.1828,176.0772,0.0,0.03794666666666634,0.0,0.05953764379094029,0.002413953668873902,0,0,0,0.0,Hold,0,0.0,0.744,-0.744
2025-06-18 17:10:00,176.14,176.15,176.07,176.09,49472.0,176.1428,176.0372,0.0,0.023279999999999745,0.0,0.036525905150731376,0.0014809427638277663,0,0,0,0.0,Hold,0,0.0,0.704,-0.704
2025-06-18 17:11:00,176.09,176.1598,176.04,176.1,45889.0,176.1528,176.0472,0.0,0.010666666666666439,0.0,0.01673580992015166,0.0006785533854880876,0,0,0,0.0,Hold,0,0.0,0.714,-0.714
2025-06-18 17:12:00,176.1,176.12,175.99,176.08,55201.0,176.1328,176.0272,0.0,0.0,0.0,0.0,0.0,0,0,0,0.0,Hold,0,0.0,0.694,-0.694
2025-06-18 17:13:00,176.0739,176.135,175.96,175.97,49615.0,176.0228,175.9172,0.0,0.0,0.0,0.0,0.0,0,0,0,0.0,Hold,0,0.0,0.584,-0.584
2025-06-18 17:14:00,175.99,175.99,175.79,175.81,49867.0,175.8627,175.7573,0.0,0.0,0.0,0.0,0.0,0,0,0,0.0,Hold,0,0.0,0.424,-0.424
2025-06-18 17:15:00,175.815,175.93,175.81,175.89,37675.0,175.9428,175.8372,0.0,0.0012718150341586014,0.0,0.0019954551248690623,8.090572473215485e-05,0,0,0,0.0,Hold,0,0.0,0.504,-0.504
2025-06-18 17:16:00,175.905,175.92,175.84,175.8731,27041.0,175.9259,175.8203,0.0,0.00348057258818112,0.0,0.0054609563671022595,0.0002214144668575673,0,0,0,0.0,Hold,0,0.0,0.488,-0.488
2025-06-18 17:17:00,175.8708,175.885,175.77,175.86,23815.0,175.9128,175.8072,0.0,0.004368228811375822,0.0,0.0068536731632735,0.00027788216705116237,0,0,0,0.0,Hold,0,0.0,0.474,-0.474
2025-06-18 17:18:00,175.86,175.89,175.8,175.885,35231.0,175.9378,175.8322,0.0,0.005839746576061647,0.0,0.009162458313639965,0.0003714918571480484,0,0,0,0.0,Hold,0,0.0,0.499,-0.499
2025-06-18 17:19:00,175.885,175.93,175.835,175.84,31650.0,175.8928,175.7872,0.0,0.006652885895542876,0.0,0.010438259415774928,0.00042321921072062456,0,0,0,0.0,Hold,0,0.0,0.454,-0.454
2025-06-18 17:20:00,175.85,175.89,175.82,175.88,23008.0,175.9328,175.8272,0.0,0.007851096466521896,0.0,0.012318230449545713,0.0004994426331705102,0,0,0,0.0,Hold,0,0.0,0.494,-0.494
2025-06-18 17:21:00,175.88,175.89,175.69,175.72,35085.0,175.7727,175.6673,0.0,0.012816949504435236,0.0,0.02010956537460138,0.0008153422947998045,0,0,0,0.0,Hold,0,0.0,0.335,-0.335
2025-06-18 17:22:00,175.71,175.72,175.625,175.63,34141.0,175.6827,175.5773,0.01907722551237902,0.02287849616615822,0.020615112937517936,0.03589595279022662,0.0014554013464146772,0,0,0,0.0,Hold,0,0.0,0.245,-0.245
2025-06-18 17:23:00,175.62,175.65,175.575,175.59,19578.0,175.6427,175.5373,0.03313136331033777,0.035009109360410205,0.0358022080293256,0.05492866872465375,0.00222708278244652,0,0,0,0.0,Hold,0,0.0,0.204,-0.204
2025-06-18 17:24:00,175.57,175.67,175.56,175.66,62904.0,175.7127,175.6073,0.013314843347920532,0.04915286233176177,0.014388203315237288,0.07711996509522798,0.003126828857029458,0,0,0,0.0,Hold,0,0.0,0.275,-0.275
2025-06-18 17:25:00,175.65,175.65,175.59,175.64,415050.0,175.6927,175.5873,0.022072766470287376,0.06298146911782056,0.023852135801045456,0.09881680271697836,0.004006527102460452,0,0,0,0.0,Hold,0,0.0,0.255,-0.255
2025-06-18 17:26:00,175.63,175.67,175.58,175.67,43973.0,175.7227,175.6173,0.012197089792218436,0.08536010970195188,0.013180343410653215,0.13392849100642412,0.005430130445990178,0,0,0,0.0,Hold,0,0.0,0.285,-0.285
2025-06-18 17:27:00,175.68,175.7234,175.65,175.66,32264.0,175.7127,175.6073,0.017973158564685288,0.10798104515285087,0.0194220429702673,0.1694203356241373,0.006869147227219741,0,0,0,0.0,Hold,0,0.0,0.275,-0.275
2025-06-18 17:28:00,175.65,175.655,175.55,175.55,25707.0,175.6027,175.4973,0.07448779556870012,0.1366477118195161,0.08049253897633502,0.21439782478454358,0.008692759450718924,0,0,0,0.0,Hold,0,0.0,0.165,-0.165
2025-06-18 17:29:00,175.55,175.55,175.4132,175.425,35264.0,175.4776,175.3724,0.15092319992584477,0.16264771181951518,0.16308969086432396,0.25519136146491267,0.010346733327846113,0,0,0,0.0,Hold,0,0.0,0.04,-0.04
2025-06-18 17:30:00,175.42,175.455,175.39,175.4,29794.0,175.4526,175.3474,0.18195919791377968,0.18170923011868848,0.1966276182340398,0.2850985440003312,0.011559319994200564,0,0,0,0.0,Hold,0,0.0,0.015,-0.015
2025-06-18 17:31:00,175.4,175.415,175.27,175.3835,45121.0,175.4361,175.3309,0.2121562945702736,0.19483380589799862,0.2292590172576988,0.3056907695183154,0.012394231743714254,0,0,0,0.0,Hold,0,0.0,-0.002,0.002
2025-06-18 17:32:00,175.38,175.42,175.32,175.42,40050.0,175.4726,175.3674,0.20742910179088184,0.20659948300813666,0.22415074755876668,0.3241509072399236,0.013142697997055882,0,0,0,0.0,Hold,0,0.0,0.035,-0.035
2025-06-18 17:33:00,175.41,175.42,175.27,175.29,30351.0,175.3426,175.2374,0.3356796087619697,0.21913463191011634,0.36274001379076193,0.34381833249095495,0.013940113721277987,0,0,0,0.0,Hold,0,0.0,-0.095,0.095
2025-06-18 17:34:00,175.27,175.341,175.23,175.325,41642.0,175.3776,175.2724,0.33931403176348485,0.22765482592396755,0.36666742139992026,0.3571863650689516,0.014482120580007442,0,0,0,0.0,Hold,0,0.0,-0.06,0.06
2025-06-18 17:35:00,175.325,175.34,175.23,175.27,42690.0,175.3226,175.2174,0.4299999999999784,0.23445661535298692,0.464663929111714,0.3678582514752923,0.014914812196673531,0,0,0,0.0,Hold,0,0.0,-0.115,0.115
2025-06-18 17:36:00,175.27,175.31,175.22,175.31,22450.0,175.3626,175.2574,0.38999999999998636,0.23517742898173957,0.42143937756644473,0.3689891952139166,0.014960666308682539,0,0,0,0.0,Hold,0,0.0,-0.075,0.075
2025-06-18 17:37:00,175.33,175.41,175.32,175.395,29272.0,175.4476,175.3424,0.3049999999999784,0.2301158823200158,0.3295872055327206,0.3610477186983614,0.014638679156515164,0,0,0,0.0,Hold,0,0.0,0.01,-0.01
2025-06-18 17:38:00,175.4,175.47,175.4,175.47,27605.0,175.5226,175.4174,0.22999999999998977,0.2186519357924299,0.24854117138533682,0.3430609908839428,0.013909407307076288,0,0,0,0.0,Hold,0,0.0,0.085,-0.085
2025-06-18 17:39:00,175.46,175.53,175.41,175.5102,26773.0,175.5629,175.4575,0.1897999999999911,0.20450818282107833,0.20510049708233397,0.3208696945133686,0.013009661232493351,0,0,0,0.0,Hold,0,0.0,0.125,-0.125
2025-06-18 17:40:00,175.52,175.525,175.42,175.4899,24774.0,175.5425,175.4373,0.21009999999998286,0.19067957603501953,0.2270369569915536,0.2991728568916182,0.012129962987062357,0,0,0,0.0,Hold,0,0.0,0.105,-0.105
2025-06-18 17:41:00,175.52,175.58,175.445,175.56,30064.0,175.6127,175.5073,0.13999999999998636,0.16830093545088823,0.1512859304084579,0.2640611686021725,0.010706359643532634,0,0,0,0.0,Hold,0,0.0,0.174,-0.174
2025-06-18 17:42:00,175.5643,175.6,175.53,175.58,18417.0,175.6327,175.5273,0.11999999999997613,0.14567999999998923,0.12967365463580788,0.22856932398445928,0.009267342862303069,0,0,0,0.0,Hold,0,0.0,0.195,-0.195
2025-06-18 17:43:00,175.59,175.625,175.54,175.6147,31731.0,175.6674,175.562,0.0852999999999895,0.117013333333324,0.09217635617029375,0.183591834824053,0.0074437306388038865,0,0,0,0.0,Hold,0,0.0,0.229,-0.229
2025-06-18 17:44:00,175.62,175.64,175.5801,175.625,28165.0,175.6777,175.5723,0.07499999999998863,0.09101333333332491,0.08104603414738376,0.1427982981436839,0.005789756761676696,0,0,0,0.0,Hold,0,0.0,0.24,-0.24
2025-06-18 17:45:00,175.6552,175.71,175.65,175.69,25047.0,175.7427,175.6373,0.009999999999990905,0.07067999999999301,0.010806137886309646,0.11089566048339634,0.004496264370590091,0,0,0,0.0,Hold,0,0.0,0.305,-0.305
2025-06-18 17:46:00,175.69,175.79,175.69,175.78,19374.0,175.8327,175.7273,0.0,0.05534666666666036,0.0,0.08683793372317888,0.003520843878950988,0,0,0,0.0,Hold,0,0.0,0.395,-0.395
2025-06-18 17:47:00,175.795,175.83,175.7701,175.78,19867.0,175.8327,175.7273,0.0,0.04269333333332762,0.0,0.06698507920539949,0.002715909925415765,0,0,0,0.0,Hold,0,0.0,0.395,-0.395
2025-06-18 17:48:00,175.79,175.83,175.765,175.77,13628.0,175.8227,175.7173,0.0,0.0286866666666621,0.0,0.04500886880400167,0.001824884511096774,0,0,0,0.0,Hold,0,0.0,0.385,-0.385
2025-06-18 17:49:00,175.78,175.78,175.72,175.735,14837.0,175.7877,175.6823,0.0,0.019353333333329677,0.0,0.03036503512387008,0.0012311502987947425,0,0,0,0.0,Hold,0,0.0,0.35,-0.35
2025-06-18 17:50:00,175.73,175.755,175.68,175.71,17910.0,175.7627,175.6573,0.0,0.011353333333331269,0.0,0.017813177683758567,0.0007222352596787673,0,0,0,0.0,Hold,0,0.0,0.325,-0.325
2025-06-18 17:51:00,175.72,175.83,175.71,175.795,45172.0,175.8477,175.7423,0.0,0.005666666666665303,0.0,0.00889089902007862,0.0003604814860404675,0,0,0,0.0,Hold,0,0.0,0.41,-0.41
2025-06-18 17:52:00,175.8,175.84,175.755,175.77,28998.0,175.8227,175.7173,0.0,0.0006666666666660604,0.0,0.0010459881200085498,4.240958659296781e-05,0,0,0,0.0,Hold,0,0.0,0.385,-0.385
2025-06-18 17:53:00,175.775,175.8015,175.745,175.78,36159.0,175.8327,175.7273,0.0,0.0,0.0,0.0,0.0,0,0,0,0.0,Hold,0,0.0,0.395,-0.395
2025-06-18 17:54:00,175.77,175.82,175.7669,175.78,17626.0,175.8327,175.7273,0.0,0.0,0.0,0.0,0.0,0,0,0,0.0,Hold,0,0.0,0.395,-0.395
2025-06-18 17:55:00,175.78,175.795,175.73,175.78,14919.0,175.8327,175.7273,0.0,0.0,0.0,0.0,0.0,0,0,0,0.0,Hold,0,0.0,0.395,-0.395
2025-06-18 17:56:00,175.78,175.86,175.78,175.85,22351.0,175.9028,175.7972,0.0,0.0,0.0,0.0,0.0,0,0,0,0.0,Hold,0,0.0,0.464,-0.464
2025-06-18 17:57:00,175.8515,175.86,175.81,175.83,14164.0,175.8827,175.7773,0.0,0.0,0.0,0.0,0.0,0,0,0,0.0,Hold,0,0.0,0.445,-0.445
2025-06-18 17:58:00,175.79,175.8,175.67,175.7008,18997.0,175.7535,175.6481,0.0,0.0,0.0,0.0,0.0,0,0,0,0.0,Hold,0,0.0,0.315,-0.315
2025-06-18 17:59:00,175.72,175.87,175.7002,175.78,31901.0,175.8327,175.7273,0.0,0.0,0.0,0.0,0.0,0,0,0,0.0,Hold,0,0.0,0.395,-0.395
2025-06-18 18:00:00,175.83,176.15,175.77,175.95,77590.0,176.0028,175.8972,0.0,0.0,0.0,0.0,0.0,0,0,0,0.0,Hold,0,0.0,0.564,-0.564
2025-06-18 18:01:00,175.96,176.01,175.79,175.8,24932.0,175.8527,175.7473,0.0,0.0,0.0,0.0,0.0,0,0,0,0.0,Hold,0,0.0,0.415,-0.415
2025-06-18 18:02:00,175.75,175.83,175.58,175.58,33899.0,175.6327,175.5273,0.0,0.0,0.0,0.0,0.0,0,0,0,0.0,Hold,0,0.0,0.195,-0.195
2025-06-18 18:03:00,175.57,175.68,175.57,175.68,23532.0,175.7327,175.6273,0.0,0.0,0.0,0.0,0.0,0,0,0,0.0,Hold,0,0.0,0.294,-0.294
2025-06-18 18:04:00,175.69,175.75,175.48,175.49,23400.0,175.5426,175.4374,0.0,0.0,0.0,0.0,0.0,0,0,0,0.0,Hold,0,0.0,0.105,-0.105
2025-06-18 18:05:00,175.5,175.65,175.44,175.58,37935.0,175.6327,175.5273,0.0,0.0,0.0,0.0,0.0,0,0,0,0.0,Hold,0,0.0,0.195,-0.195
2025-06-18 18:06:00,175.565,175.72,175.52,175.7,18181.0,175.7527,175.6473,0.0,0.0,0.0,0.0,0.0,0,0,0,0.0,Hold,0,0.0,0.315,-0.315
2025-06-18 18:07:00,175.7,175.78,175.5983,175.77,24180.0,175.8227,175.7173,0.0,0.0,0.0,0.0,0.0,0,0,0,0.0,Hold,0,0.0,0.385,-0.385
2025-06-18 18:08:00,175.75,175.82,175.7001,175.705,31484.0,175.7577,175.6523,0.0,0.0,0.0,0.0,0.0,0,0,0,0.0,Hold,0,0.0,0.32,-0.32
2025-06-18 18:09:00,175.7087,175.735,175.64,175.735,22650.0,175.7877,175.6823,0.0,0.0,0.0,0.0,0.0,0,0,0,0.0,Hold,0,0.0,0.35,-0.35
2025-06-18 18:10:00,175.71,175.725,175.63,175.7,22112.0,175.7527,175.6473,0.0,0.0,0.0,0.0,0.0,0,0,0,0.0,Hold,0,0.0,0.315,-0.315
2025-06-18 18:11:00,175.695,175.77,175.66,175.72,27662.0,175.7727,175.6673,0.0,0.0,0.0,0.0,0.0,0,0,0,0.0,Hold,0,0.0,0.335,-0.335
2025-06-18 18:12:00,175.71,175.75,175.6,175.6,16548.0,175.6527,175.5473,0.0,0.0,0.0,0.0,0.0,0,0,0,0.0,Hold,0,0.0,0.215,-0.215
2025-06-18 18:13:00,175.6159,175.66,175.53,175.64,29313.0,175.6927,175.5873,0.0,0.0,0.0,0.0,0.0,0,0,0,0.0,Hold,0,0.0,0.255,-0.255
2025-06-18 18:14:00,175.63,175.6698,175.55,175.6433,34832.0,175.696,175.5906,0.0,0.0,0.0,0.0,0.0,0,0,0,0.0,Hold,0,0.0,0.258,-0.258
2025-06-18 18:15:00,175.66,175.74,175.6,175.71,29861.0,175.7627,175.6573,0.0,0.0,0.0,0.0,0.0,0,0,0,0.0,Hold,0,0.0,0.325,-0.325
2025-06-18 18:16:00,175.7,175.77,175.675,175.7101,27840.0,175.7628,175.6574,0.0,0.0,0.0,0.0,0.0,0,0,0,0.0,Hold,0,0.0,0.325,-0.325
2025-06-18 18:17:00,175.71,175.84,175.69,175.84,30300.0,175.8928,175.7872,0.0,0.0,0.0,0.0,0.0,0,0,0,0.0,Hold,0,0.0,0.454,-0.454
2025-06-18 18:18:00,175.84,175.84,175.71,175.72,41157.0,175.7727,175.6673,0.0,0.0,0.0,0.0,0.0,0,0,0,0.0,Hold,0,0.0,0.335,-0.335
2025-06-18 18:19:00,175.74,175.74,175.68,175.69,15573.0,175.7427,175.6373,0.0,0.0,0.0,0.0,0.0,0,0,0,0.0,Hold,0,0.0,0.305,-0.305
2025-06-18 18:20:00,175.69,175.695,175.62,175.66,47276.0,175.7127,175.6073,0.0,0.0,0.0,0.0,0.0,0,0,0,0.0,Hold,0,0.0,0.275,-0.275
2025-06-18 18:21:00,175.6697,175.71,175.62,175.62,15459.0,175.6727,175.5673,0.0,0.0,0.0,0.0,0.0,0,0,0,0.0,Hold,0,0.0,0.234,-0.234
2025-06-18 18:22:00,175.63,175.6999,175.59,175.64,17725.0,175.6927,175.5873,0.0,0.0,0.0,0.0,0.0,0,0,0,0.0,Hold,0,0.0,0.255,-0.255
2025-06-18 18:23:00,175.635,175.69,175.61,175.64,29338.0,175.6927,175.5873,0.0,0.0,0.0,0.0,0.0,0,0,0,0.0,Hold,0,0.0,0.255,-0.255
2025-06-18 18:24:00,175.65,175.7201,175.57,175.72,31045.0,175.7727,175.6673,0.0,0.0,0.0,0.0,0.0,0,0,0,0.0,Hold,0,0.0,0.335,-0.335
2025-06-18 18:25:00,175.72,175.89,175.69,175.89,32147.0,175.9428,175.8372,0.0,0.0,0.0,0.0,0.0,0,0,0,0.0,Hold,0,0.0,0.504,-0.504
2025-06-18 18:26:00,175.91,175.935,175.84,175.85,19893.0,175.9028,175.7972,0.0,0.0,0.0,0.0,0.0,0,0,0,0.0,Hold,0,0.0,0.464,-0.464
2025-06-18 18:27:00,175.855,175.905,175.83,175.905,20384.0,175.9578,175.8522,0.0,0.0,0.0,0.0,0.0,0,0,0,0.0,Hold,0,0.0,0.519,-0.519
2025-06-18 18:28:00,175.89,175.92,175.81,175.83,26303.0,175.8827,175.7773,0.0,0.0,0.0,0.0,0.0,0,0,0,0.0,Hold,0,0.0,0.445,-0.445
2025-06-18 18:29:00,175.83,175.93,175.82,175.8596,22911.0,175.9124,175.8068,0.0,0.0,0.0,0.0,0.0,0,0,0,0.0,Hold,0,0.0,0.474,-0.474
2025-06-18 18:30:00,175.86,175.87,175.72,175.725,22003.0,175.7777,175.6723,0.0,0.0,0.0,0.0,0.0,0,0,0,0.0,Hold,0,0.0,0.34,-0.34
2025-06-18 18:31:00,175.73,175.865,175.73,175.84,29683.0,175.8928,175.7872,0.0,0.0,0.0,0.0,0.0,0,0,0,0.0,Hold,0,0.0,0.454,-0.454
2025-06-18 18:32:00,175.8499,176.01,175.8499,176.0,25505.0,176.0528,175.9472,0.0,0.0,0.0,0.0,0.0,0,0,0,0.0,Hold,0,0.0,0.614,-0.614
2025-06-18 18:33:00,176.02,176.1,175.9982,176.1,33360.0,176.1528,176.0472,0.0,0.0,0.0,0.0,0.0,0,0,0,0.0,Hold,0,0.0,0.714,-0.714
2025-06-18 18:34:00,176.095,176.12,176.0701,176.09,27954.0,176.1428,176.0372,0.0,0.0,0.0,0.0,0.0,0,0,0,0.0,Hold,0,0.0,0.704,-0.704
2025-06-18 18:35:00,176.09,176.1,175.7,175.76,68737.0,175.8127,175.7073,0.0,0.0,0.0,0.0,0.0,0,0,0,0.0,Hold,0,0.0,0.375,-0.375
2025-06-18 18:36:00,175.77,175.945,175.75,175.91,19156.0,175.9628,175.8572,0.0,0.0,0.0,0.0,0.0,0,0,0,0.0,Hold,0,0.0,0.524,-0.524
2025-06-18 18:37:00,175.91,175.915,175.81,175.81,30509.0,175.8627,175.7573,0.0,0.0,0.0,0.0,0.0,0,0,0,0.0,Hold,0,0.0,0.424,-0.424
2025-06-18 18:38:00,175.815,176.01,175.815,175.98,43472.0,176.0328,175.9272,0.0,0.0,0.0,0.0,0.0,0,0,0,0.0,Hold,0,0.0,0.594,-0.594
2025-06-18 18:39:00,175.975,175.99,175.8493,175.855,54762.0,175.9078,175.8022,0.0,0.0,0.0,0.0,0.0,0,0,0,0.0,Hold,0,0.0,0.469,-0.469
2025-06-18 18:40:00,175.84,175.98,175.795,175.975,44617.0,176.0278,175.9222,0.0,0.0,0.0,0.0,0.0,0,0,0,0.0,Hold,0,0.0,0.589,-0.589
2025-06-18 18:41:00,175.98,176.1401,175.94,176.1401,35119.0,176.1929,176.0873,0.0,0.0,0.0,0.0,0.0,0,0,0,0.0,Hold,0,0.0,0.755,-0.755
2025-06-18 18:42:00,176.14,176.205,176.1,176.15,64259.0,176.2028,176.0972,0.0,0.0,0.0,0.0,0.0,0,0,0,0.0,Hold,0,0.0,0.764,-0.764
2025-06-18 18:43:00,176.14,176.16,176.07,176.08,24527.0,176.1328,176.0272,0.0,0.0,0.0,0.0,0.0,0,0,0,0.0,Hold,0,0.0,0.694,-0.694
2025-06-18 18:44:00,176.1,176.105,176.0001,176.05,32202.0,176.1028,175.9972,0.0,0.0,0.0,0.0,0.0,0,0,0,0.0,Hold,0,0.0,0.664,-0.664
2025-06-18 18:45:00,176.04,176.04,175.88,175.88,41071.0,175.9328,175.8272,0.0,0.0,0.0,0.0,0.0,0,0,0,0.0,Hold,0,0.0,0.494,-0.494
2025-06-18 18:46:00,175.88,175.93,175.76,175.93,29505.0,175.9828,175.8772,0.0,0.0,0.0,0.0,0.0,0,0,0,0.0,Hold,0,0.0,0.544,-0.544
2025-06-18 18:47:00,175.91,175.95,175.82,175.86,46704.0,175.9128,175.8072,0.0,0.0,0.0,0.0,0.0,0,0,0,0.0,Hold,0,0.0,0.474,-0.474
2025-06-18 18:48:00,175.87,175.87,175.77,175.83,27161.0,175.8827,175.7773,0.0,0.0,0.0,0.0,0.0,0,0,0,0.0,Hold,0,0.0,0.445,-0.445
2025-06-18 18:49:00,175.81,175.85,175.7601,175.78,21649.0,175.8327,175.7273,0.0,0.0,0.0,0.0,0.0,0,0,0,0.0,Hold,0,0.0,0.395,-0.395
2025-06-18 18:50:00,175.76,175.77,175.62,175.655,30433.0,175.7077,175.6023,0.0,0.0,0.0,0.0,0.0,0,0,0,0.0,Hold,0,0.0,0.27,-0.27
2025-06-18 18:51:00,175.65,175.71,175.56,175.65,43089.0,175.7027,175.5973,0.0,0.0,0.0,0.0,0.0,0,0,0,0.0,Hold,0,0.0,0.264,-0.264
2025-06-18 18:52:00,175.65,175.65,175.57,175.58,30819.0,175.6327,175.5273,0.0,0.0,0.0,0.0,0.0,0,0,0,0.0,Hold,0,0.0,0.195,-0.195
2025-06-18 18:53:00,175.57,175.61,175.41,175.46,59948.0,175.5126,175.4074,0.0,0.0,0.0,0.0,0.0,0,0,0,0.0,Hold,0,0.0,0.075,-0.075
2025-06-18 18:54:00,175.45,175.57,175.34,175.5524,58346.0,175.6051,175.4997,0.0,0.0,0.0,0.0,0.0,0,0,0,0.0,Hold,0,0.0,0.167,-0.167
2025-06-18 18:55:00,175.53,175.53,175.3613,175.445,28285.0,175.4976,175.3924,0.0,0.0,0.0,0.0,0.0,0,0,0,0.0,Hold,0,0.0,0.06,-0.06
2025-06-18 18:56:00,175.425,175.4714,175.25,175.306,34748.0,175.3586,175.2534,0.0,0.0,0.0,0.0,0.0,0,0,0,0.0,Hold,0,0.0,-0.079,0.079
2025-06-18 18:57:00,175.3,175.31,175.09,175.13,74020.0,175.1825,175.0775,0.0,0.0,0.0,0.0,0.0,0,0,0,0.0,Hold,0,0.0,-0.255,0.255
2025-06-18 18:58:00,175.125,175.27,174.8919,175.12,130593.0,175.1725,175.0675,0.0,0.0,0.0,0.0,0.0,0,0,0,0.0,Hold,0,0.0,-0.265,0.265
2025-06-18 18:59:00,175.0901,175.12,174.93,175.07,90364.0,175.1225,175.0175,0.0,0.0,0.0,0.0,0.0,0,0,0,0.0,Hold,0,0.0,-0.315,0.315
2025-06-18 19:00:00,175.085,175.15,174.88,175.055,74991.0,175.1075,175.0025,0.0,0.0,0.0,0.0,0.0,0,0,0,0.0,Hold,0,0.0,-0.33,0.33
2025-06-18 19:01:00,175.04,175.25,174.96,175.19,58092.0,175.2426,175.1374,0.0,0.0,0.0,0.0,0.0,0,0,0,0.0,Hold,0,0.0,-0.195,0.195
2025-06-18 19:02:00,175.2,175.34,175.12,175.27,61668.0,175.3226,175.2174,0.0,0.0,0.0,0.0,0.0,0,0,0,0.0,Hold,0,0.0,-0.115,0.115
2025-06-18 19:03:00,175.27,175.34,175.19,175.2,35527.0,175.2526,175.1474,0.0,0.0,0.0,0.0,0.0,0,0,0,0.0,Hold,0,0.0,-0.185,0.185
2025-06-18 19:04:00,175.21,175.46,175.18,175.45,42386.0,175.5026,175.3974,0.0,0.0,0.0,0.0,0.0,0,0,0,0.0,Hold,0,0.0,0.065,-0.065
2025-06-18 19:05:00,175.45,175.52,175.38,175.4041,43012.0,175.4567,175.3515,0.0,0.0,0.0,0.0,0.0,0,0,0,0.0,Hold,0,0.0,0.019,-0.019
2025-06-18 19:06:00,175.42,175.48,175.3,175.32,25310.0,175.3726,175.2674,0.0,0.0,0.0,0.0,0.0,0,0,0,0.0,Hold,0,0.0,-0.065,0.065
2025-06-18 19:07:00,175.33,175.37,175.21,175.28,51301.0,175.3326,175.2274,0.0,0.0,0.0,0.0,0.0,0,0,0,0.0,Hold,0,0.0,-0.105,0.105
2025-06-18 19:08:00,175.3,175.33,175.19,175.19,35873.0,175.2426,175.1374,0.0,0.0,0.0,0.0,0.0,0,0,0,0.0,Hold,0,0.0,-0.195,0.195
2025-06-18 19:09:00,175.19,175.29,175.19,175.25,46391.0,175.3026,175.1974,0.0,0.0,0.0,0.0,0.0,0,0,0,0.0,Hold,0,0.0,-0.135,0.135
2025-06-18 19:10:00,175.24,175.26,175.16,175.255,38734.0,175.3076,175.2024,0.0,0.0,0.0,0.0,0.0,0,0,0,0.0,Hold,0,0.0,-0.13,0.13
2025-06-18 19:11:00,175.255,175.39,175.25,175.38,59707.0,175.4326,175.3274,0.0,0.0,0.0,0.0,0.0,0,0,0,0.0,Hold,0,0.0,-0.005,0.005
2025-06-18 19:12:00,175.38,175.4,175.24,175.2493,60140.0,175.3019,175.1967,0.0,0.0,0.0,0.0,0.0,0,0,0,0.0,Hold,0,0.0,-0.136,0.136
2025-06-18 19:13:00,175.23,175.58,175.1,175.56,123609.0,175.6127,175.5073,0.0,0.0,0.0,0.0,0.0,0,0,0,0.0,Hold,0,0.0,0.174,-0.174
2025-06-18 19:14:00,175.55,175.76,175.53,175.665,52878.0,175.7177,175.6123,0.0,0.0,0.0,0.0,0.0,0,0,0,0.0,Hold,0,0.0,0.28,-0.28
2025-06-18 19:15:00,175.6436,175.6436,175.5,175.56,51598.0,175.6127,175.5073,0.0,0.0,0.0,0.0,0.0,0,0,0,0.0,Hold,0,0.0,0.174,-0.174
2025-06-18 19:16:00,175.55,175.59,175.44,175.58,34911.0,175.6327,175.5273,0.0,0.0,0.0,0.0,0.0,0,0,0,0.0,Hold,0,0.0,0.195,-0.195
2025-06-18 19:17:00,175.56,175.5701,175.43,175.43,30251.0,175.4826,175.3774,0.0,0.0,0.0,0.0,0.0,0,0,0,0.0,Hold,0,0.0,0.045,-0.045
2025-06-18 19:18:00,175.44,175.53,175.43,175.51,34777.0,175.5627,175.4573,0.0,0.0,0.0,0.0,0.0,0,0,0,0.0,Hold,0,0.0,0.125,-0.125
2025-06-18 19:19:00,175.53,175.59,175.45,175.57,41807.0,175.6227,175.5173,0.0,0.0,0.0,0.0,0.0,0,0,0,0.0,Hold,0,0.0,0.185,-0.185
2025-06-18 19:20:00,175.565,175.585,175.48,175.53,33483.0,175.5827,175.4773,0.0,0.0,0.0,0.0,0.0,0,0,0,0.0,Hold,0,0.0,0.145,-0.145
2025-06-18 19:21:00,175.52,175.635,175.52,175.635,36887.0,175.6877,175.5823,0.0,0.0,0.0,0.0,0.0,0,0,0,0.0,Hold,0,0.0,0.25,-0.25
2025-06-18 19:22:00,175.615,175.75,175.605,175.6846,46782.0,175.7373,175.6319,0.0,0.0,0.0,0.0,0.0,0,0,0,0.0,Hold,0,0.0,0.299,-0.299
2025-06-18 19:23:00,175.69,175.71,175.6401,175.684,27813.0,175.7367,175.6313,0.0,0.0,0.0,0.0,0.0,0,0,0,0.0,Hold,0,0.0,0.299,-0.299
2025-06-18 19:24:00,175.68,175.72,175.58,175.585,27271.0,175.6377,175.5323,0.0,0.0,0.0,0.0,0.0,0,0,0,0.0,Hold,0,0.0,0.2,-0.2
2025-06-18 19:25:00,175.57,175.64,175.52,175.62,35926.0,175.6727,175.5673,0.0,0.0,0.0,0.0,0.0,0,0,0,0.0,Hold,0,0.0,0.234,-0.234
2025-06-18 19:26:00,175.61,175.61,175.47,175.48,29887.0,175.5326,175.4274,0.0,0.0,0.0,0.0,0.0,0,0,0,0.0,Hold,0,0.0,0.095,-0.095
2025-06-18 19:27:00,175.47,175.475,175.31,175.32,41781.0,175.3726,175.2674,0.0,0.0,0.0,0.0,0.0,0,0,0,0.0,Hold,0,0.0,-0.065,0.065
2025-06-18 19:28:00,175.31,175.31,175.13,175.18,55245.0,175.2326,175.1274,0.0,0.0,0.0,0.0,0.0,0,0,0,0.0,Hold,0,0.0,-0.205,0.205
2025-06-18 19:29:00,175.18,175.21,175.12,175.12,48814.0,175.1725,175.0675,0.0,0.0,0.0,0.0,0.0,0,0,0,0.0,Hold,0,0.0,-0.265,0.265
2025-06-18 19:30:00,175.12,175.28,175.03,175.24,73115.0,175.2926,175.1874,0.0,0.0,0.0,0.0,0.0,0,0,0,0.0,Hold,0,0.0,-0.145,0.145
2025-06-18 19:31:00,175.255,175.38,175.2538,175.345,64050.0,175.3976,175.2924,0.0,0.0,0.0,0.0,0.0,0,0,0,0.0,Hold,0,0.0,-0.04,0.04
2025-06-18 19:32:00,175.345,175.38,175.2901,175.31,43056.0,175.3626,175.2574,0.0,0.0,0.0,0.0,0.0,0,0,0,0.0,Hold,0,0.0,-0.075,0.075
2025-06-18 19:33:00,175.315,175.35,175.28,175.3215,34632.0,175.3741,175.2689,0.0,0.0,0.0,0.0,0.0,0,0,0,0.0,Hold,0,0.0,-0.064,0.064
2025-06-18 19:34:00,175.3254,175.38,175.3,175.305,46476.0,175.3576,175.2524,0.0,0.0,0.0,0.0,0.0,0,0,0,0.0,Hold,0,0.0,-0.08,0.08
2025-06-18 19:35:00,175.3,175.42,175.275,175.42,49548.0,175.4726,175.3674,0.0,0.0,0.0,0.0,0.0,0,0,0,0.0,Hold,0,0.0,0.035,-0.035
2025-06-18 19:36:00,175.4298,175.52,175.42,175.44,40256.0,175.4926,175.3874,0.0,0.0,0.0,0.0,0.0,0,0,0,0.0,Hold,0,0.0,0.055,-0.055
2025-06-18 19:37:00,175.435,175.505,175.39,175.41,42228.0,175.4626,175.3574,0.0,0.0,0.0,0.0,0.0,0,0,0,0.0,Hold,0,0.0,0.025,-0.025
2025-06-18 19:38:00,175.42,175.435,175.32,175.36,43312.0,175.4126,175.3074,0.0,0.0,0.0,0.0,0.0,0,0,0,0.0,Hold,0,0.0,-0.025,0.025
2025-06-18 19:39:00,175.365,175.43,175.36,175.41,32193.0,175.4626,175.3574,0.0,0.0,0.0,0.0,0.0,0,0,0,0.0,Hold,0,0.0,0.025,-0.025
2025-06-18 19:40:00,175.4122,175.42,175.31,175.32,44748.0,175.3726,175.2674,0.0,0.0,0.0,0.0,0.0,0,0,0,0.0,Hold,0,0.0,-0.065,0.065
2025-06-18 19:41:00,175.32,175.33,175.24,175.25,38964.0,175.3026,175.1974,0.0,0.0,0.0,0.0,0.0,0,0,0,0.0,Hold,0,0.0,-0.135,0.135
2025-06-18 19:42:00,175.245,175.29,175.125,175.24,62732.0,175.2926,175.1874,0.0,0.0,0.0,0.0,0.0,0,0,0,0.0,Hold,0,0.0,-0.145,0.145
2025-06-18 19:43:00,175.21,175.38,175.205,175.37,62061.0,175.4226,175.3174,0.0,0.0,0.0,0.0,0.0,0,0,0,0.0,Hold,0,0.0,-0.015,0.015
2025-06-18 19:44:00,175.375,175.43,175.315,175.36,42834.0,175.4126,175.3074,0.0,0.0,0.0,0.0,0.0,0,0,0,0.0,Hold,0,0.0,-0.025,0.025
2025-06-18 19:45:00,175.355,175.39,175.205,175.23,47520.0,175.2826,175.1774,0.0,0.0,0.0,0.0,0.0,0,0,0,0.0,Hold,0,0.0,-0.155,0.155
2025-06-18 19:46:00,175.23,175.23,175.0749,175.0978,65253.0,175.1503,175.0453,0.0,0.0,0.0,0.0,0.0,0,0,0,0.0,Hold,0,0.0,-0.287,0.287
2025-06-18 19:47:00,175.095,175.145,175.065,175.12,68847.0,175.1725,175.0675,0.0,0.0,0.0,0.0,0.0,0,0,0,0.0,Hold,0,0.0,-0.265,0.265
2025-06-18 19:48:00,175.11,175.1564,175.065,175.14,51145.0,175.1925,175.0875,0.0,0.02234400153452131,0.0,0.03505734023787503,0.0014213998018688234,0,0,0,0.0,Hold,0,0.0,-0.245,0.245
2025-06-18 19:49:00,175.14,175.155,175.0302,175.145,82803.0,175.1975,175.0925,0.0,0.03740730535504991,0.0,0.058691395504424995,0.0023796425334990305,0,0,0,0.0,Hold,0,0.0,-0.24,0.24
2025-06-18 19:50:00,175.15,175.22,174.38,174.45,545328.0,174.5023,174.3977,0.0,0.06415250995559782,0.0,0.10065414492351984,0.004081022139180944,0,0,0,0.0,Hold,0,0.0,-0.935,0.935
2025-06-18 19:51:00,174.45,174.45,174.15,174.3,320230.0,174.3523,174.2477,0.0,0.09793310689560711,0.0,0.15365529955263837,0.006229953865817099,0,0,0,0.0,Hold,0,0.0,-1.085,1.085
2025-06-18 19:52:00,174.29,174.37,174.165,174.26,241097.0,174.3123,174.2077,0.0,0.1372664402289407,0.0,0.21536859863319935,0.008732119474804493,0,0,0,0.0,Hold,0,0.0,-1.125,1.125
2025-06-18 19:53:00,174.27,174.42,174.2,174.32,221999.0,174.3723,174.2677,0.0,0.15461977356227408,0.0,0.24259566939704674,0.009836041013820452,0,0,0,0.0,Hold,0,0.0,-1.065,1.065
2025-06-18 19:54:00,174.31,174.31,173.88,174.05,521686.0,174.1022,173.9978,0.0,0.1766197735622749,0.0,0.2771132773573616,0.011235557371389714,0,0,0,0.0,Hold,0,0.0,-1.335,1.335
2025-06-18 19:55:00,174.05,174.18,173.31,173.37,828892.0,173.422,173.318,0.33516002301781966,0.19995310689560786,0.3621785422712568,0.3137228615576935,0.012719892902144914,0,0,0,0.0,Hold,0,0.0,-2.015,2.015
2025-06-18 19:56:00,173.375,173.6771,173.215,173.565,621199.0,173.6171,173.5129,0.225949557307929,0.2232864402289408,0.24416420716223247,0.35033244575802547,0.014204228432900113,0,0,0,0.0,Hold,0,0.0,-1.82,1.82
2025-06-18 19:57:00,173.565,173.59,173.24,173.38,624198.0,173.432,173.328,0.40117806900821856,0.2412864402289415,0.43351855306701986,0.3785741249982831,0.01534928727091133,0,0,0,0.0,Hold,0,0.0,-2.005,2.005
2025-06-18 19:58:00,173.39,173.41,173.2,173.31,454542.0,173.362,173.258,0.5067089541001394,0.2620797735622754,0.5475566826238831,0.4111984944613803,0.016672042276747234,0,0,0,0.0,Hold,0,0.0,-2.075,2.075
2025-06-18 19:59:00,173.315,173.4,173.23,173.28,1094746.0,173.332,173.228,0.5900000000000034,0.2847464402289423,0.6375621352928527,0.4467620905417037,0.018113968220909465,0,0,0,0.0,Hold,0,0.0,-2.105,2.105
2025-06-18 20:00:00,173.3,174.05,173.17,173.6097,7649838.0,173.6618,173.5576,0.26030000000000086,0.303413106895609,0.2812837691808968,0.4760497579019698,0.019301436645513648,0,0,0,0.0,Hold,0,0.0,-1.775,1.775
2025-06-18 20:01:00,173.53,173.61,173.32,173.54,126512.0,173.5921,173.4879,0.3300000000000125,0.3220797735622758,0.35660255024855614,0.505337425262236,0.020488905070117833,0,0,0,0.0,Hold,0,0.0,-1.845,1.845
2025-06-18 20:02:00,173.54,173.6,173.32,173.52,161249.0,173.5721,173.4679,0.3499999999999943,0.33674644022894235,0.37821482602117545,0.5283491639024449,0.021421915975163967,0,0,0,0.0,Hold,0,0.0,-1.865,1.865
2025-06-18 20:03:00,173.5,173.57,173.43,173.52,22465.0,173.5721,173.4679,0.3499999999999943,0.3324024386944217,0.37821482602117545,0.5215335029048274,0.021145575011306355,0,0,0,0.0,Hold,0,0.0,-1.865,1.865
2025-06-18 20:04:00,173.56,173.6,173.32,173.6,4354.0,173.6521,173.5479,0.27000000000001023,0.33533913487389383,0.29176572293063685,0.5261411268785351,0.021332391117687366,0,0,0,0.0,Hold,0,0.0,-1.785,1.785
2025-06-18 20:05:00,173.5419,173.6,173.32,173.5581,4619.0,173.6102,173.506,0.3119000000000085,0.3085939302733459,0.3370434406743136,0.48417837745944026,0.019631011512005456,0,0,0,0.0,Hold,0,0.0,-1.827,1.827
2025-06-18 20:06:00,173.53,173.59,173.32,173.53,13003.0,173.5821,173.4779,0.3400000000000034,0.27481333333333663,0.36740868813486577,0.4311772228303217,0.0174820797853693,0,0,0,0.0,Hold,0,0.0,-1.855,1.855
2025-06-18 20:07:00,173.52,173.63,173.52,173.59,4642.0,173.6421,173.5379,0.28000000000000114,0.23548000000000305,0.3025718608169465,0.3694639237497608,0.014979914176381908,0,0,0,0.0,Hold,0,0.0,-1.795,1.795
2025-06-18 20:08:00,173.59,173.6,173.32,173.59,8643.0,173.6421,173.5379,0.28000000000000114,0.21812666666666966,0.3025718608169465,0.3422368529859134,0.013875992637365948,0,0,0,0.0,Hold,0,0.0,-1.795,1.795
2025-06-18 20:09:00,173.5992,173.67,173.53,173.65,3159.0,173.7021,173.5979,0.21999999999999886,0.19612666666666884,0.2377350334990272,0.30771924502559855,0.012476476279796684,0,0,0,0.0,Hold,0,0.0,-1.735,1.735
2025-06-18 20:10:00,173.65,173.71,173.55,173.6,3332.0,173.6521,173.5479,0.27000000000001023,0.17279333333333588,0.29176572293063685,0.2711096608252666,0.010992140749041486,0,0,0,0.0,Hold,0,0.0,-1.785,1.785
2025-06-18 20:11:00,173.65,173.7,173.6,173.6,7899.0,173.6521,173.5479,0.27000000000001023,0.14946000000000292,0.29176572293063685,0.23450007662493463,0.009507805218286286,0,0,0,0.0,Hold,0,0.0,-1.785,1.785
2025-06-18 20:12:00,173.6,174.2,173.6,174.12,26789.0,174.1722,174.0678,0.0,0.13146000000000224,0.0,0.20625839738467705,0.008362746380275071,0,0,0,0.0,Hold,0,0.0,-1.265,1.265
2025-06-18 20:13:00,174.0001,174.1,173.7,174.1,11296.0,174.1522,174.0478,0.0,0.11066666666666833,0.0,0.17363402792157978,0.007039991374439164,0,0,0,0.0,Hold,0,0.0,-1.285,1.285
2025-06-18 20:14:00,174.0044,174.1,173.77,173.86,5221.0,173.9122,173.8078,0.0,0.08800000000000144,0.0,0.1380704318412564,0.005598065430276933,0,0,0,0.0,Hold,0,0.0,-1.525,1.525
2025-06-18 20:15:00,173.801,174.0,173.32,173.9983,5785.0,174.0505,173.9461,0.0,0.0693333333333347,0.0,0.10878276448099027,0.00441059700567275,0,0,0,0.0,Hold,0,0.0,-1.387,1.387
2025-06-18 20:16:00,173.99,174.1,173.87,173.93,2675.0,173.9822,173.8778,0.0,0.050666666666667956,0.0,0.07949509712072411,0.003223128581068567,0,0,0,0.0,Hold,0,0.0,-1.455,1.455
2025-06-18 20:17:00,173.9899,173.99,173.9,173.9495,2086.0,174.0017,173.8973,0.0,0.036000000000001364,0.0,0.0564833584805152,0.002290117676022431,0,0,0,0.0,Hold,0,0.0,-1.435,1.435
2025-06-18 20:18:00,173.91,173.99,173.86,173.88,4555.0,173.9322,173.8278,0.0,0.018000000000000682,0.0,0.0282416792402576,0.0011450588380112156,0,0,0,0.0,Hold,0,0.0,-1.505,1.505
2025-06-18 20:19:00,173.93,173.93,173.77,173.88,3899.0,173.9322,173.8278,0.0,0.0,0.0,0.0,0.0,0,0,0,0.0,Hold,0,0.0,-1.505,1.505
2025-06-18 20:20:00,173.7707,173.92,173.76,173.77,1035.0,173.8221,173.7179,0.0,0.0,0.0,0.0,0.0,0,0,0,0.0,Hold,0,0.0,-1.615,1.615
2025-06-18 20:21:00,173.85,173.99,173.76,173.93,1769.0,173.9822,173.8778,0.0,0.0,0.0,0.0,0.0,0,0,0,0.0,Hold,0,0.0,-1.455,1.455
2025-06-18 20:22:00,173.94,173.99,173.85,173.96,1054.0,174.0122,173.9078,0.0,0.0,0.0,0.0,0.0,0,0,0,0.0,Hold,0,0.0,-1.425,1.425
2025-06-18 20:23:00,173.97,173.99,173.85,173.95,1063.0,174.0022,173.8978,0.0,0.0,0.0,0.0,0.0,0,0,0,0.0,Hold,0,0.0,-1.435,1.435
2025-06-18 20:24:00,173.99,173.99,173.8632,173.97,324.0,174.0222,173.9178,0.0,0.0,0.0,0.0,0.0,0,0,0,0.0,Hold,0,0.0,-1.415,1.415
2025-06-18 20:25:00,173.97,174.0,173.9055,174.0,4001.0,174.0522,173.9478,0.0,0.0,0.0,0.0,0.0,0,0,0,0.0,Hold,0,0.0,-1.385,1.385
2025-06-18 20:26:00,174.0,174.0,173.9,173.97,261.0,174.0222,173.9178,0.0,0.0,0.0,0.0,0.0,0,0,0,0.0,Hold,0,0.0,-1.415,1.415
2025-06-18 20:27:00,173.99,174.05,173.94,174.02,1443.0,174.0722,173.9678,0.0,0.0,0.0,0.0,0.0,0,0,0,0.0,Hold,0,0.0,-1.365,1.365
2025-06-18 20:28:00,174.05,174.05,174.0,174.01,1424.0,174.0622,173.9578,0.0,0.0,0.0,0.0,0.0,0,0,0,0.0,Hold,0,0.0,-1.375,1.375
2025-06-18 20:29:00,174.0,174.05,173.94,173.9427,1145.0,173.9949,173.8905,0.0,0.0,0.0,0.0,0.0,0,0,0,0.0,Hold,0,0.0,-1.442,1.442
2025-06-18 20:30:00,173.97,174.05,173.91,173.97,1687.0,174.0222,173.9178,0.0,0.0,0.0,0.0,0.0,0,0,0,0.0,Hold,0,0.0,-1.415,1.415
2025-06-18 20:31:00,174.04,174.05,173.92,173.96,420.0,174.0122,173.9078,0.0,0.0,0.0,0.0,0.0,0,0,0,0.0,Hold,0,0.0,-1.425,1.425
2025-06-18 20:32:00,173.98,174.05,173.8,173.94,2691.0,173.9922,173.8878,0.0,0.0,0.0,0.0,0.0,0,0,0,0.0,Hold,0,0.0,-1.445,1.445
2025-06-18 20:33:00,174.05,174.05,173.86,173.94,111.0,173.9922,173.8878,0.0,0.0,0.0,0.0,0.0,0,0,0,0.0,Hold,0,0.0,-1.445,1.445
2025-06-18 20:34:00,173.95,173.95,173.8,173.9,1076.0,173.9522,173.8478,0.0,0.0,0.0,0.0,0.0,0,0,0,0.0,Hold,0,0.0,-1.485,1.485
2025-06-18 20:35:00,173.95,173.95,173.8,173.85,184.0,173.9022,173.7978,0.0,0.0,0.0,0.0,0.0,0,0,0,0.0,Hold,0,0.0,-1.535,1.535
2025-06-18 20:36:00,173.9,173.95,173.89,173.9475,159.0,173.9997,173.8953,0.0,0.0,0.0,0.0,0.0,0,0,0,0.0,Hold,0,0.0,-1.438,1.438
2025-06-18 20:37:00,173.9,173.95,173.32,173.89,218.0,173.9422,173.8378,0.0,0.0,0.0,0.0,0.0,0,0,0,0.0,Hold,0,0.0,-1.495,1.495
2025-06-18 20:38:00,173.94,173.94,173.32,173.94,2470.0,173.9922,173.8878,0.0,0.0,0.0,0.0,0.0,0,0,0,0.0,Hold,0,0.0,-1.445,1.445
2025-06-18 20:39:00,173.91,173.95,173.85,173.87,1019.0,173.9222,173.8178,0.0,0.0,0.0,0.0,0.0,0,0,0,0.0,Hold,0,0.0,-1.515,1.515
2025-06-18 20:40:00,173.86,173.98,173.85,173.98,1777.0,174.0322,173.9278,0.0,0.0,0.0,0.0,0.0,0,0,0,0.0,Hold,0,0.0,-1.405,1.405
2025-06-18 20:41:00,173.97,174.09,173.9,174.02,1316.0,174.0722,173.9678,0.0,0.0,0.0,0.0,0.0,0,0,0,0.0,Hold,0,0.0,-1.365,1.365
2025-06-18 20:42:00,174.05,174.1,174.02,174.05,1032.0,174.1022,173.9978,0.0,0.0,0.0,0.0,0.0,0,0,0,0.0,Hold,0,0.0,-1.335,1.335
2025-06-18 20:43:00,174.1,174.1,173.85,173.87,2085.0,173.9222,173.8178,0.0,0.0,0.0,0.0,0.0,0,0,0,0.0,Hold,0,0.0,-1.515,1.515
2025-06-18 20:44:00,173.87,174.0,173.87,173.9685,728.0,174.0207,173.9163,0.0,0.0,0.0,0.0,0.0,0,0,0,0.0,Hold,0,0.0,-1.416,1.416
2025-06-18 20:45:00,173.9,174.05,173.9,173.95,34.0,174.0022,173.8978,0.0,0.0,0.0,0.0,0.0,0,0,0,0.0,Hold,0,0.0,-1.435,1.435
2025-06-18 20:46:00,173.95,173.99,173.8746,173.99,514.0,174.0422,173.9378,0.0,0.0,0.0,0.0,0.0,0,0,0,0.0,Hold,0,0.0,-1.395,1.395
2025-06-18 20:47:00,173.99,174.09,173.9,174.0,2619.0,174.0522,173.9478,0.0,0.0,0.0,0.0,0.0,0,0,0,0.0,Hold,0,0.0,-1.385,1.385
2025-06-18 20:48:00,174.0,174.0,173.94,174.0,347.0,174.0522,173.9478,0.0,0.0,0.0,0.0,0.0,0,0,0,0.0,Hold,0,0.0,-1.385,1.385
2025-06-18 20:49:00,173.98,174.02,173.89,173.99,1604.0,174.0422,173.9378,0.0,0.0,0.0,0.0,0.0,0,0,0,0.0,Hold,0,0.0,-1.395,1.395
2025-06-18 20:50:00,173.98,173.98,163.4137,173.92,524.0,173.9722,173.8678,0.0,0.0,0.0,0.0,0.0,0,0,0,0.0,Hold,0,0.0,-1.465,1.465
2025-06-18 20:51:00,173.97,174.0,173.8933,173.9,3898.0,173.9522,173.8478,0.0,0.0,0.0,0.0,0.0,0,0,0,0.0,Hold,0,0.0,-1.485,1.485
2025-06-18 20:52:00,173.908,174.0,173.86,173.97,779.0,174.0222,173.9178,0.0,0.0,0.0,0.0,0.0,0,0,0,0.0,Hold,0,0.0,-1.415,1.415
2025-06-18 20:53:00,173.96,174.0,173.8911,174.0,939.0,174.0522,173.9478,0.0,0.0,0.0,0.0,0.0,0,0,0,0.0,Hold,0,0.0,-1.385,1.385
2025-06-18 20:54:00,173.99,174.0,173.9,173.9,316.0,173.9522,173.8478,0.0,,0.0,,,0,0,0,0.0,Hold,0,0.0,-1.485,1.485
2025-06-18 20:55:00,173.9,173.98,173.89,173.98,683.0,174.0322,173.9278,0.0,,0.0,,,0,0,0,0.0,Hold,0,0.0,-1.405,1.405
2025-06-18 20:56:00,173.9,173.98,173.88,173.97,808.0,174.0222,173.9178,0.0,,0.0,,,0,0,0,0.0,Hold,0,0.0,-1.415,1.415
2025-06-18 20:57:00,173.97,173.97,173.86,173.86,1633.0,173.9122,173.8078,0.0,,0.0,,,0,0,0,0.0,Hold,0,0.0,-1.525,1.525
2025-06-18 20:58:00,173.86,173.97,173.85,173.86,1011.0,173.9122,173.8078,0.0,,0.0,,,0,0,0,0.0,Hold,0,0.0,-1.525,1.525
2025-06-18 20:59:00,173.86,174.0,173.85,174.0,2280.0,174.0522,173.9478,0.0,,0.0,,,0,0,0,0.0,Hold,0,0.0,-1.385,1.385
2025-06-18 21:00:00,173.92,173.98,173.85,173.85,498.0,173.9022,173.7978,0.0,,0.0,,,0,0,0,0.0,No trade,0,0.0,-1.535,1.535
