TimeStamp,bb_feature,close,Ask,Bid,Volume,Position,Cash,NetValue,Action
2025-05-20 15:30:00,3.773,321.0,321.22,321.0,9962.0,1,-321.22,-0.22,Buy
2025-05-20 15:31:00,5.844,319.07,319.2,318.96,4359.0,1,-321.22,-2.26,Hold
2025-05-20 15:32:00,5.431,319.56,319.62,319.26,3951.0,1,-321.22,-1.96,Hold
2025-05-20 15:33:00,8.205,317.05,317.05,316.81,6078.0,1,-321.22,-4.41,Hold
2025-05-20 15:34:00,6.225,319.1,319.18,318.96,2530.0,1,-321.22,-2.26,Hold
2025-05-20 15:35:00,7.579,317.88,317.95,317.87,2410.0,1,-321.22,-3.35,Hold
2025-05-20 15:36:00,9.901,315.83,315.85,315.55,4626.0,1,-321.22,-5.67,Hold
2025-05-20 15:37:00,9.665,316.26,316.21,315.8,6643.0,1,-321.22,-5.42,Hold
2025-05-20 15:38:00,11.026,315.15,315.22,315.09,3903.0,1,-321.22,-6.13,Hold
2025-05-20 15:39:00,10.05,316.26,316.38,316.2,2051.0,1,-321.22,-5.02,Hold
2025-05-20 15:40:00,8.282,318.07,318.39,318.05,3734.0,1,-321.22,-3.17,Hold
2025-05-20 15:41:00,9.378,317.05,317.13,316.97,2592.0,1,-321.22,-4.25,Hold
2025-05-20 15:42:00,10.524,316.02,316.03,315.77,2508.0,1,-321.22,-5.45,Hold
2025-05-20 15:43:00,11.51,315.17,315.4,314.94,2474.0,1,-321.22,-6.28,Hold
2025-05-20 15:44:00,11.255,315.52,315.69,315.35,2602.0,1,-321.22,-5.87,Hold
2025-05-20 15:45:00,11.06,315.79,315.84,315.5,1874.0,1,-321.22,-5.72,Hold
2025-05-20 15:46:00,12.431,314.54,314.58,314.39,2563.0,1,-321.22,-6.83,Hold
2025-05-20 15:47:00,12.198,314.84,314.98,314.79,1829.0,1,-321.22,-6.43,Hold
2025-05-20 15:48:00,11.41,315.65,316.0,315.65,2057.0,1,-321.22,-5.57,Hold
2025-05-20 15:49:00,10.035,317.0,317.11,316.9,2244.0,1,-321.22,-4.32,Hold
2025-05-20 15:50:00,10.771,316.26,316.39,316.13,2845.0,1,-321.22,-5.09,Hold
2025-05-20 15:51:00,11.63,315.41,315.59,315.23,1655.0,1,-321.22,-5.99,Hold
2025-05-20 15:52:00,10.875,316.15,316.44,316.15,1174.0,1,-321.22,-5.07,Hold
2025-05-20 15:53:00,9.575,317.39,317.45,317.33,1145.0,1,-321.22,-3.89,Hold
2025-05-20 15:54:00,9.79,317.12,317.18,316.94,1630.0,1,-321.22,-4.28,Hold
2025-05-20 15:55:00,9.919,316.94,317.0,316.77,1685.0,1,-321.22,-4.45,Hold
2025-05-20 15:56:00,10.344,316.48,316.7,316.3,666.0,1,-321.22,-4.92,Hold
2025-05-20 15:57:00,10.713,316.08,316.23,316.0,1195.0,1,-321.22,-5.22,Hold
2025-05-20 15:58:00,10.642,316.12,316.34,316.11,880.0,1,-321.22,-5.11,Hold
2025-05-20 15:59:00,10.929,315.8,315.95,315.65,1083.0,1,-321.22,-5.57,Hold
2025-05-20 16:00:00,11.447,315.27,315.4,315.13,1309.0,1,-321.22,-6.09,Hold
2025-05-20 16:01:00,10.794,315.89,316.09,315.68,963.0,1,-321.22,-5.54,Hold
2025-05-20 16:02:00,11.209,315.45,315.57,315.33,546.0,1,-321.22,-5.89,Hold
2025-05-20 16:03:00,10.978,315.64,315.73,315.54,635.0,1,-321.22,-5.68,Hold
2025-05-20 16:04:00,10.859,315.7,315.7,315.5,1044.0,1,-321.22,-5.72,Hold
2025-05-20 16:05:00,10.171,316.33,316.53,316.12,1113.0,1,-321.22,-5.1,Hold
2025-05-20 16:06:00,9.957,316.49,316.57,316.34,885.0,1,-321.22,-4.88,Hold
2025-05-20 16:07:00,9.217,317.18,317.32,317.16,1185.0,1,-321.22,-4.06,Hold
2025-05-20 16:08:00,9.929,316.42,316.6,316.42,1169.0,1,-321.22,-4.8,Hold
2025-05-20 16:09:00,10.754,315.57,315.64,315.5,1226.0,1,-321.22,-5.72,Hold
2025-05-20 16:10:00,11.926,314.39,314.48,314.29,3147.0,1,-321.22,-6.93,Hold
2025-05-20 16:11:00,11.523,314.77,314.93,314.61,1506.0,1,-321.22,-6.61,Hold
2025-05-20 16:12:00,12.798,313.49,313.57,313.48,1766.0,1,-321.22,-7.74,Hold
2025-05-20 16:13:00,12.484,313.79,313.87,313.63,1875.0,1,-321.22,-7.59,Hold
2025-05-20 16:14:00,12.299,313.95,314.07,313.86,1331.0,1,-321.22,-7.36,Hold
2025-05-20 16:15:00,11.828,314.37,314.43,314.2,1059.0,1,-321.22,-7.02,Hold
2025-05-20 16:16:00,11.41,314.73,314.78,314.51,1332.0,1,-321.22,-6.71,Hold
2025-05-20 16:17:00,11.75,314.33,314.35,314.11,1003.0,1,-321.22,-7.11,Hold
2025-05-20 16:18:00,11.742,314.28,314.38,314.2,625.0,1,-321.22,-7.02,Hold
2025-05-20 16:19:00,11.365,314.6,314.7,314.58,706.0,1,-321.22,-6.64,Hold
2025-05-20 16:20:00,10.797,315.12,315.12,314.97,672.0,1,-321.22,-6.25,Hold
2025-05-20 16:21:00,10.568,315.29,315.45,315.21,876.0,1,-321.22,-6.01,Hold
2025-05-20 16:22:00,9.67,316.11,316.12,315.9,1573.0,1,-321.22,-5.32,Hold
2025-05-20 16:23:00,10.705,315.0,315.05,314.91,1187.0,1,-321.22,-6.31,Hold
2025-05-20 16:24:00,10.638,314.98,315.03,314.78,739.0,1,-321.22,-6.44,Hold
2025-05-20 16:25:00,10.176,315.34,315.37,315.13,776.0,1,-321.22,-6.09,Hold
2025-05-20 16:26:00,10.267,315.14,315.19,315.09,520.0,1,-321.22,-6.13,Hold
2025-05-20 16:27:00,9.721,315.58,315.66,315.5,669.0,1,-321.22,-5.72,Hold
2025-05-20 16:28:00,9.99,315.21,315.38,315.2,397.0,1,-321.22,-6.02,Hold
2025-05-20 16:29:00,9.817,315.28,315.4,315.05,912.0,1,-321.22,-6.17,Hold
2025-05-20 16:30:00,10.417,314.58,314.7,314.56,784.0,1,-321.22,-6.66,Hold
2025-05-20 16:31:00,9.865,315.01,315.07,314.95,564.0,1,-321.22,-6.27,Hold
2025-05-20 16:32:00,9.626,315.12,315.2,315.04,451.0,1,-321.22,-6.18,Hold
2025-05-20 16:33:00,9.754,314.86,315.0,314.81,486.0,1,-321.22,-6.41,Hold
2025-05-20 16:34:00,9.685,314.79,314.88,314.7,460.0,1,-321.22,-6.52,Hold
2025-05-20 16:35:00,9.086,315.24,315.39,315.16,566.0,1,-321.22,-6.06,Hold
2025-05-20 16:36:00,9.444,314.73,314.8,314.61,573.0,1,-321.22,-6.61,Hold
2025-05-20 16:37:00,9.385,314.61,314.78,314.61,446.0,1,-321.22,-6.61,Hold
2025-05-20 16:38:00,9.245,314.56,314.61,314.43,821.0,1,-321.22,-6.79,Hold
2025-05-20 16:39:00,8.952,314.67,314.79,314.67,687.0,1,-321.22,-6.55,Hold
2025-05-20 16:40:00,8.411,315.01,315.1,314.91,1544.0,1,-321.22,-6.31,Hold
2025-05-20 16:41:00,8.197,315.03,315.18,315.03,520.0,1,-321.22,-6.19,Hold
2025-05-20 16:42:00,7.348,315.67,315.74,315.59,763.0,1,-321.22,-5.63,Hold
2025-05-20 16:43:00,6.721,316.08,316.22,316.07,1112.0,1,-321.22,-5.15,Hold
2025-05-20 16:44:00,6.652,315.89,315.98,315.8,1013.0,1,-321.22,-5.42,Hold
2025-05-20 16:45:00,5.198,317.1,317.14,317.05,1339.0,1,-321.22,-4.17,Hold
2025-05-20 16:46:00,5.017,317.03,317.06,316.93,1309.0,1,-321.22,-4.29,Hold
2025-05-20 16:47:00,4.937,316.85,316.94,316.77,1079.0,1,-321.22,-4.45,Hold
2025-05-20 16:48:00,4.441,317.04,317.1,316.98,1107.0,1,-321.22,-4.24,Hold
2025-05-20 16:49:00,3.754,317.42,317.45,317.31,1200.0,1,-321.22,-3.91,Hold
2025-05-20 16:50:00,3.172,317.7,317.78,317.7,949.0,1,-321.22,-3.52,Hold
2025-05-20 16:51:00,3.255,317.29,317.37,317.23,1656.0,1,-321.22,-3.99,Hold
2025-05-20 16:52:00,2.854,317.33,317.44,317.24,596.0,1,-321.22,-3.98,Hold
2025-05-20 16:53:00,3.308,316.61,316.72,316.51,1057.0,1,-321.22,-4.71,Hold
2025-05-20 16:54:00,3.089,316.57,316.64,316.5,780.0,1,-321.22,-4.72,Hold
2025-05-20 16:55:00,2.66,316.77,316.77,316.57,539.0,1,-321.22,-4.65,Hold
2025-05-20 16:56:00,2.96,316.23,316.29,316.17,898.0,1,-321.22,-5.05,Hold
2025-05-20 16:57:00,2.666,316.33,316.44,316.33,555.0,1,-321.22,-4.89,Hold
2025-05-20 16:58:00,2.548,316.17,316.25,316.17,908.0,1,-321.22,-5.05,Hold
2025-05-20 16:59:00,2.095,316.42,316.42,316.22,446.0,1,-321.22,-5.0,Hold
2025-05-20 17:00:00,1.501,316.74,316.85,316.63,634.0,1,-321.22,-4.59,Hold
2025-05-20 17:01:00,1.53,316.59,316.71,316.53,512.0,1,-321.22,-4.69,Hold
2025-05-20 17:02:00,0.639,317.34,317.43,317.2,832.0,1,-321.22,-4.02,Hold
2025-05-20 17:03:00,0.583,317.41,317.46,317.36,565.0,1,-321.22,-3.86,Hold
2025-05-20 17:04:00,-4.682,318.42,318.51,318.35,1823.0,0,-2.87,-2.87,Sell
2025-05-20 17:05:00,-3.751,317.5,317.49,317.31,1478.0,0,-2.87,-2.87,Hold
2025-05-20 17:06:00,-3.517,317.26,317.29,317.15,1005.0,0,-2.87,-2.87,Hold
2025-05-20 17:07:00,-3.382,317.12,317.19,317.0,832.0,0,-2.87,-2.87,Hold
2025-05-20 17:08:00,-3.452,317.2,317.38,317.18,1271.0,0,-2.87,-2.87,Hold
2025-05-20 17:09:00,-3.54,317.28,317.35,317.21,743.0,0,-2.87,-2.87,Hold
2025-05-20 17:10:00,-4.247,317.99,317.93,317.63,1169.0,0,-2.87,-2.87,Hold
2025-05-20 17:11:00,-4.516,318.23,318.36,318.23,1119.0,0,-2.87,-2.87,Hold
2025-05-20 17:12:00,-4.814,318.49,318.55,318.5,1760.0,0,-2.87,-2.87,Hold
2025-05-20 17:13:00,-5.574,319.2,319.24,319.17,1632.0,0,-2.87,-2.87,Hold
2025-05-20 17:14:00,-5.553,319.13,319.23,319.1,1250.0,0,-2.87,-2.87,Hold
2025-05-20 17:15:00,-5.778,319.3,319.34,319.22,1060.0,0,-2.87,-2.87,Hold
2025-05-20 17:16:00,-6.108,319.6,319.71,319.5,1253.0,0,-2.87,-2.87,Hold
2025-05-20 17:17:00,-7.14,320.55,320.59,320.5,2203.0,0,-2.87,-2.87,Hold
2025-05-20 17:18:00,-7.547,320.85,320.93,320.77,1690.0,0,-2.87,-2.87,Hold
2025-05-20 17:19:00,-7.973,321.15,321.3,321.01,1995.0,0,-2.87,-2.87,Hold
2025-05-20 17:20:00,-8.452,321.5,321.5,321.3,2746.0,0,-2.87,-2.87,Hold
2025-05-20 17:21:00,-8.593,321.54,321.55,321.42,1840.0,0,-2.87,-2.87,Hold
2025-05-20 17:22:00,-7.629,320.52,320.61,320.33,2042.0,0,-2.87,-2.87,Hold
2025-05-20 17:23:00,-7.867,320.69,320.74,320.55,1565.0,0,-2.87,-2.87,Hold
2025-05-20 17:24:00,-7.411,320.19,320.3,320.08,1147.0,0,-2.87,-2.87,Hold
2025-05-20 17:25:00,-7.504,320.24,320.39,320.16,1145.0,0,-2.87,-2.87,Hold
2025-05-20 17:26:00,-6.881,319.6,319.88,319.65,840.0,0,-2.87,-2.87,Hold
2025-05-20 17:27:00,-7.744,320.43,320.46,320.38,1171.0,0,-2.87,-2.87,Hold
2025-05-20 17:28:00,-7.855,320.51,320.61,320.5,985.0,0,-2.87,-2.87,Hold
2025-05-20 17:29:00,-8.33,320.95,321.03,320.87,1111.0,0,-2.87,-2.87,Hold
2025-05-20 17:30:00,-8.398,321.0,321.11,320.89,1103.0,0,-2.87,-2.87,Hold
2025-05-20 17:31:00,-8.015,320.6,320.68,320.52,655.0,0,-2.87,-2.87,Hold
2025-05-20 17:32:00,-8.038,320.62,320.74,320.5,779.0,0,-2.87,-2.87,Hold
2025-05-20 17:33:00,-7.225,319.82,319.88,319.8,682.0,0,-2.87,-2.87,Hold
2025-05-20 17:34:00,-7.578,320.18,320.27,320.08,616.0,0,-2.87,-2.87,Hold
2025-05-20 17:35:00,-7.98,320.57,320.65,320.49,556.0,0,-2.87,-2.87,Hold
2025-05-20 17:36:00,-8.638,321.2,321.21,321.02,785.0,0,-2.87,-2.87,Hold
2025-05-20 17:37:00,-8.838,321.36,321.4,321.3,821.0,0,-2.87,-2.87,Hold
2025-05-20 17:38:00,-8.39,320.9,321.35,320.96,874.0,0,-2.87,-2.87,Hold
2025-05-20 17:39:00,-8.401,320.92,321.16,320.91,578.0,0,-2.87,-2.87,Hold
2025-05-20 17:40:00,-8.328,320.9,321.0,320.8,745.0,0,-2.87,-2.87,Hold
2025-05-20 17:41:00,-8.286,320.9,321.01,320.9,716.0,0,-2.87,-2.87,Hold
2025-05-20 17:42:00,-8.441,321.15,321.3,320.94,1014.0,0,-2.87,-2.87,Hold
2025-05-20 17:43:00,-8.18,320.98,321.1,320.86,616.0,0,-2.87,-2.87,Hold
2025-05-20 17:44:00,-7.735,320.63,320.69,320.57,683.0,0,-2.87,-2.87,Hold
2025-05-20 17:45:00,-7.664,320.64,320.74,320.53,893.0,0,-2.87,-2.87,Hold
2025-05-20 17:46:00,-7.584,320.63,320.68,320.58,448.0,0,-2.87,-2.87,Hold
2025-05-20 17:47:00,-7.382,320.52,320.59,320.44,508.0,0,-2.87,-2.87,Hold
2025-05-20 17:48:00,-7.314,320.55,320.59,320.5,629.0,0,-2.87,-2.87,Hold
2025-05-20 17:49:00,-7.094,320.42,320.5,320.35,1216.0,0,-2.87,-2.87,Hold
2025-05-20 17:50:00,-6.82,320.22,320.23,320.1,629.0,0,-2.87,-2.87,Hold
2025-05-20 17:51:00,-6.811,320.28,320.35,320.2,507.0,0,-2.87,-2.87,Hold
2025-05-20 17:52:00,-5.952,319.47,319.6,319.45,889.0,0,-2.87,-2.87,Hold
2025-05-20 17:53:00,-6.576,320.18,320.19,319.98,1074.0,0,-2.87,-2.87,Hold
2025-05-20 17:54:00,-6.294,319.99,320.1,319.84,577.0,0,-2.87,-2.87,Hold
2025-05-20 17:55:00,-5.963,319.74,319.8,319.64,508.0,0,-2.87,-2.87,Hold
2025-05-20 17:56:00,-5.421,319.29,319.27,319.12,1370.0,0,-2.87,-2.87,Hold
2025-05-20 17:57:00,-4.947,318.89,318.97,318.82,838.0,0,-2.87,-2.87,Hold
2025-05-20 17:58:00,-4.38,318.41,318.49,318.34,914.0,0,-2.87,-2.87,Hold
2025-05-20 17:59:00,-4.829,318.95,319.08,318.82,958.0,0,-2.87,-2.87,Hold
2025-05-20 18:00:00,-4.089,318.33,318.46,318.31,735.0,0,-2.87,-2.87,Hold
2025-05-20 18:01:00,-4.66,319.01,319.11,319.0,416.0,0,-2.87,-2.87,Hold
2025-05-20 18:02:00,-4.445,318.9,319.08,318.85,580.0,0,-2.87,-2.87,Hold
2025-05-20 18:03:00,-4.612,319.19,319.28,319.18,538.0,0,-2.87,-2.87,Hold
2025-05-20 18:04:00,-4.532,319.24,319.32,319.14,638.0,0,-2.87,-2.87,Hold
2025-05-20 18:05:00,-4.94,319.76,319.84,319.67,1034.0,0,-2.87,-2.87,Hold
2025-05-20 18:06:00,-4.267,319.23,319.36,319.22,714.0,0,-2.87,-2.87,Hold
2025-05-20 18:07:00,-4.242,319.36,319.51,319.36,309.0,0,-2.87,-2.87,Hold
2025-05-20 18:08:00,-3.869,319.15,319.2,319.11,472.0,0,-2.87,-2.87,Hold
2025-05-20 18:09:00,-3.38,318.82,319.01,318.86,537.0,0,-2.87,-2.87,Hold
2025-05-20 18:10:00,-3.693,319.28,319.28,318.99,564.0,0,-2.87,-2.87,Hold
2025-05-20 18:11:00,-2.751,318.48,318.62,318.33,651.0,0,-2.87,-2.87,Hold
2025-05-20 18:12:00,-2.029,317.85,318.07,317.83,1528.0,0,-2.87,-2.87,Hold
2025-05-20 18:13:00,-2.701,318.61,318.76,318.6,1040.0,0,-2.87,-2.87,Hold
2025-05-20 18:14:00,-3.191,319.21,319.27,319.16,597.0,0,-2.87,-2.87,Hold
2025-05-20 18:15:00,-3.306,319.38,319.36,319.07,762.0,0,-2.87,-2.87,Hold
2025-05-20 18:16:00,-3.466,319.6,319.68,319.52,425.0,0,-2.87,-2.87,Hold
2025-05-20 18:17:00,-3.446,319.65,319.76,319.55,442.0,0,-2.87,-2.87,Hold
2025-05-20 18:18:00,-3.682,319.95,320.0,319.82,646.0,0,-2.87,-2.87,Hold
2025-05-20 18:19:00,-4.094,320.41,320.49,320.33,1226.0,0,-2.87,-2.87,Hold
2025-05-20 18:20:00,-4.661,321.01,321.0,320.9,1776.0,0,-2.87,-2.87,Hold
2025-05-20 18:21:00,-4.833,321.23,321.27,321.2,1123.0,0,-2.87,-2.87,Hold
2025-05-20 18:22:00,-4.815,321.26,321.26,321.16,1448.0,0,-2.87,-2.87,Hold
2025-05-20 18:23:00,-4.973,321.5,321.56,321.44,1299.0,0,-2.87,-2.87,Hold
2025-05-20 18:24:00,-4.682,321.3,321.34,321.17,914.0,0,-2.87,-2.87,Hold
2025-05-20 18:25:00,-4.222,320.93,321.09,320.92,660.0,0,-2.87,-2.87,Hold
2025-05-20 18:26:00,-4.338,321.17,321.24,321.13,614.0,0,-2.87,-2.87,Hold
2025-05-20 18:27:00,-4.307,321.26,321.26,321.13,1446.0,0,-2.87,-2.87,Hold
2025-05-20 18:28:00,-4.137,321.23,321.3,321.17,756.0,0,-2.87,-2.87,Hold
2025-05-20 18:29:00,-3.998,321.22,321.4,321.21,392.0,0,-2.87,-2.87,Hold
2025-05-20 18:30:00,-3.874,321.21,321.33,321.17,818.0,0,-2.87,-2.87,Hold
2025-05-20 18:31:00,-3.602,321.07,321.14,321.0,722.0,0,-2.87,-2.87,Hold
2025-05-20 18:32:00,-2.551,320.11,320.21,320.01,1721.0,0,-2.87,-2.87,Hold
2025-05-20 18:33:00,-2.64,320.29,320.37,320.21,487.0,0,-2.87,-2.87,Hold
2025-05-20 18:34:00,-2.409,320.1,320.2,319.99,1120.0,0,-2.87,-2.87,Hold
2025-05-20 18:35:00,-2.848,320.63,320.78,320.61,540.0,0,-2.87,-2.87,Hold
2025-05-20 18:36:00,-2.707,320.6,320.7,320.59,401.0,0,-2.87,-2.87,Hold
2025-05-20 18:37:00,-2.461,320.48,320.55,320.39,422.0,0,-2.87,-2.87,Hold
2025-05-20 18:38:00,-2.806,320.95,320.95,320.85,276.0,0,-2.87,-2.87,Hold
2025-05-20 18:39:00,-3.186,321.45,321.51,321.39,936.0,0,-2.87,-2.87,Hold
2025-05-20 18:40:00,-2.857,321.2,321.32,321.09,566.0,0,-2.87,-2.87,Hold
2025-05-20 18:41:00,-2.952,321.36,321.38,321.3,451.0,0,-2.87,-2.87,Hold
2025-05-20 18:42:00,-3.082,321.54,321.56,321.45,415.0,0,-2.87,-2.87,Hold
2025-05-20 18:43:00,-2.94,321.42,321.48,321.35,1005.0,0,-2.87,-2.87,Hold
2025-05-20 18:44:00,-3.662,322.15,322.24,322.05,2382.0,0,-2.87,-2.87,Hold
2025-05-20 18:45:00,-4.021,322.5,322.5,322.41,1562.0,0,-2.87,-2.87,Hold
2025-05-20 18:46:00,-4.244,322.7,322.74,322.66,1183.0,0,-2.87,-2.87,Hold
2025-05-20 18:47:00,-3.866,322.3,322.49,322.22,1160.0,0,-2.87,-2.87,Hold
2025-05-20 18:48:00,-3.406,321.83,321.98,321.83,972.0,0,-2.87,-2.87,Hold
2025-05-20 18:49:00,-3.64,322.05,322.1,322.0,754.0,0,-2.87,-2.87,Hold
2025-05-20 18:50:00,-3.548,321.95,322.02,321.87,774.0,0,-2.87,-2.87,Hold
2025-05-20 18:51:00,-4.007,322.39,322.39,322.2,947.0,0,-2.87,-2.87,Hold
2025-05-20 18:52:00,-3.647,322.02,322.2,322.0,810.0,0,-2.87,-2.87,Hold
2025-05-20 18:53:00,-3.474,321.84,321.99,321.84,999.0,0,-2.87,-2.87,Hold
2025-05-20 18:54:00,-3.536,321.9,322.0,321.83,540.0,0,-2.87,-2.87,Hold
2025-05-20 18:55:00,-3.558,321.92,322.15,321.91,603.0,0,-2.87,-2.87,Hold
2025-05-20 18:56:00,-3.575,321.95,321.95,321.73,502.0,0,-2.87,-2.87,Hold
2025-05-20 18:57:00,-3.032,321.41,321.54,321.45,554.0,0,-2.87,-2.87,Hold
2025-05-20 18:58:00,-3.009,321.39,321.5,321.35,412.0,0,-2.87,-2.87,Hold
2025-05-20 18:59:00,-3.111,321.49,321.67,321.45,384.0,0,-2.87,-2.87,Hold
2025-05-20 19:00:00,-3.375,321.75,321.99,321.74,362.0,0,-2.87,-2.87,Hold
2025-05-20 19:01:00,-3.834,322.2,322.3,322.17,578.0,0,-2.87,-2.87,Hold
2025-05-20 19:02:00,-3.822,322.18,322.22,322.17,539.0,0,-2.87,-2.87,Hold
2025-05-20 19:03:00,-4.07,322.43,322.5,322.41,535.0,0,-2.87,-2.87,Hold
2025-05-20 19:04:00,-4.013,322.37,322.48,322.34,765.0,0,-2.87,-2.87,Hold
2025-05-20 19:05:00,-4.215,322.56,322.73,322.5,764.0,0,-2.87,-2.87,Hold
2025-05-20 19:06:00,-4.149,322.48,322.53,322.4,523.0,0,-2.87,-2.87,Hold
2025-05-20 19:07:00,-4.05,322.37,322.51,322.24,564.0,0,-2.87,-2.87,Hold
2025-05-20 19:08:00,-3.765,322.08,322.13,322.02,396.0,0,-2.87,-2.87,Hold
2025-05-20 19:09:00,-3.688,322.0,322.16,322.0,589.0,0,-2.87,-2.87,Hold
2025-05-20 19:10:00,-4.025,322.33,322.38,322.29,428.0,0,-2.87,-2.87,Hold
2025-05-20 19:11:00,-3.565,321.87,322.0,321.84,447.0,0,-2.87,-2.87,Hold
2025-05-20 19:12:00,-4.013,322.31,322.33,322.11,392.0,0,-2.87,-2.87,Hold
2025-05-20 19:13:00,-3.867,322.16,322.23,322.09,270.0,0,-2.87,-2.87,Hold
2025-05-20 19:14:00,-3.816,322.11,322.19,322.03,630.0,0,-2.87,-2.87,Hold
2025-05-20 19:15:00,-4.211,322.5,322.49,322.36,434.0,0,-2.87,-2.87,Hold
2025-05-20 19:16:00,-4.235,322.52,322.6,322.45,543.0,0,-2.87,-2.87,Hold
2025-05-20 19:17:00,-3.972,322.26,322.34,322.18,264.0,0,-2.87,-2.87,Hold
2025-05-20 19:18:00,-3.787,322.08,322.17,322.0,567.0,0,-2.87,-2.87,Hold
2025-05-20 19:19:00,-3.548,321.85,321.94,321.76,774.0,0,-2.87,-2.87,Hold
2025-05-20 19:20:00,-3.263,321.58,321.65,321.51,424.0,0,-2.87,-2.87,Hold
2025-05-20 19:21:00,-2.701,321.03,321.14,320.9,731.0,0,-2.87,-2.87,Hold
2025-05-20 19:22:00,-2.656,321.02,321.15,320.96,998.0,0,-2.87,-2.87,Hold
2025-05-20 19:23:00,-2.94,321.32,321.38,321.3,992.0,0,-2.87,-2.87,Hold
2025-05-20 19:24:00,-2.948,321.35,321.38,321.15,615.0,0,-2.87,-2.87,Hold
2025-05-20 19:25:00,-2.869,321.3,321.43,321.28,375.0,0,-2.87,-2.87,Hold
2025-05-20 19:26:00,-3.121,321.6,321.67,321.55,291.0,0,-2.87,-2.87,Hold
2025-05-20 19:27:00,-3.385,321.93,321.97,321.81,660.0,0,-2.87,-2.87,Hold
2025-05-20 19:28:00,-3.411,322.05,322.25,322.02,541.0,0,-2.87,-2.87,Hold
2025-05-20 19:29:00,-3.182,321.89,321.99,321.86,485.0,0,-2.87,-2.87,Hold
2025-05-20 19:30:00,-3.306,322.12,322.19,322.06,464.0,0,-2.87,-2.87,Hold
2025-05-20 19:31:00,-3.63,322.51,322.55,322.5,589.0,0,-2.87,-2.87,Hold
2025-05-20 19:32:00,-3.921,322.87,322.89,322.85,1028.0,0,-2.87,-2.87,Hold
2025-05-20 19:33:00,-3.895,322.9,322.95,322.86,701.0,0,-2.87,-2.87,Hold
2025-05-20 19:34:00,-4.084,323.14,323.2,323.14,1265.0,0,-2.87,-2.87,Hold
2025-05-20 19:35:00,-3.504,322.6,322.63,322.57,912.0,0,-2.87,-2.87,Hold
2025-05-20 19:36:00,-3.467,322.63,322.7,322.6,507.0,0,-2.87,-2.87,Hold
2025-05-20 19:37:00,-3.475,322.7,322.77,322.7,533.0,0,-2.87,-2.87,Hold
2025-05-20 19:38:00,-3.541,322.84,322.85,322.8,343.0,0,-2.87,-2.87,Hold
2025-05-20 19:39:00,-3.299,322.7,322.73,322.66,462.0,0,-2.87,-2.87,Hold
2025-05-20 19:40:00,-3.091,322.57,322.69,322.52,298.0,0,-2.87,-2.87,Hold
2025-05-20 19:41:00,-2.931,322.55,322.7,322.55,753.0,0,-2.87,-2.87,Hold
2025-05-20 19:42:00,-3.109,322.93,323.07,322.79,585.0,0,-2.87,-2.87,Hold
2025-05-20 19:43:00,-3.302,323.26,323.28,323.12,505.0,0,-2.87,-2.87,Hold
2025-05-20 19:44:00,-3.012,323.07,323.15,323.0,572.0,0,-2.87,-2.87,Hold
2025-05-20 19:45:00,-3.258,323.4,323.55,323.39,767.0,0,-2.87,-2.87,Hold
2025-05-20 19:46:00,-3.599,323.8,323.89,323.8,1056.0,0,-2.87,-2.87,Hold
2025-05-20 19:47:00,-3.455,323.72,323.8,323.66,1671.0,0,-2.87,-2.87,Hold
2025-05-20 19:48:00,-3.585,323.89,323.99,323.8,617.0,0,-2.87,-2.87,Hold
2025-05-20 19:49:00,-3.733,324.05,324.07,323.95,939.0,0,-2.87,-2.87,Hold
2025-05-20 19:50:00,-2.908,323.24,323.35,323.21,1146.0,0,-2.87,-2.87,Hold
2025-05-20 19:51:00,-3.237,323.57,323.68,323.56,758.0,0,-2.87,-2.87,Hold
2025-05-20 19:52:00,-3.515,323.84,323.9,323.8,555.0,0,-2.87,-2.87,Hold
2025-05-20 19:53:00,-3.485,323.8,323.89,323.82,622.0,0,-2.87,-2.87,Hold
2025-05-20 19:54:00,-3.746,324.05,324.21,324.0,631.0,0,-2.87,-2.87,Hold
2025-05-20 19:55:00,-3.554,323.87,323.94,323.8,835.0,0,-2.87,-2.87,Hold
2025-05-20 19:56:00,-3.477,323.8,323.93,323.78,618.0,0,-2.87,-2.87,Hold
2025-05-20 19:57:00,-3.225,323.56,323.7,323.56,859.0,0,-2.87,-2.87,Hold
2025-05-20 19:58:00,-3.272,323.62,323.7,323.54,507.0,0,-2.87,-2.87,Hold
2025-05-20 19:59:00,-3.441,323.8,323.81,323.75,594.0,0,-2.87,-2.87,Hold
2025-05-20 20:00:00,-3.943,324.3,324.35,324.25,861.0,0,-2.87,-2.87,Hold
2025-05-20 20:01:00,-3.72,324.09,324.18,324.0,562.0,0,-2.87,-2.87,Hold
2025-05-20 20:02:00,-3.563,324.0,324.04,323.91,389.0,0,-2.87,-2.87,Hold
2025-05-20 20:03:00,-3.636,324.13,324.22,324.02,536.0,0,-2.87,-2.87,Hold
2025-05-20 20:04:00,-3.718,324.28,324.4,324.28,683.0,0,-2.87,-2.87,Hold
2025-05-20 20:05:00,-3.554,324.16,324.2,324.12,413.0,0,-2.87,-2.87,Hold
2025-05-20 20:06:00,-3.136,323.8,323.79,323.7,514.0,0,-2.87,-2.87,Hold
2025-05-20 20:07:00,-3.354,324.08,324.18,324.08,666.0,0,-2.87,-2.87,Hold
2025-05-20 20:08:00,-3.408,324.17,324.2,324.15,641.0,0,-2.87,-2.87,Hold
2025-05-20 20:09:00,-3.711,324.48,324.57,324.46,809.0,0,-2.87,-2.87,Hold
2025-05-20 20:10:00,-3.67,324.46,324.52,324.4,587.0,0,-2.87,-2.87,Hold
2025-05-20 20:11:00,-3.304,324.12,324.19,324.12,468.0,0,-2.87,-2.87,Hold
2025-05-20 20:12:00,-3.059,323.9,324.0,323.9,589.0,0,-2.87,-2.87,Hold
2025-05-20 20:13:00,-3.068,323.94,324.0,323.93,584.0,0,-2.87,-2.87,Hold
2025-05-20 20:14:00,-2.949,323.83,323.92,323.83,643.0,0,-2.87,-2.87,Hold
2025-05-20 20:15:00,-3.048,323.93,323.99,323.87,480.0,0,-2.87,-2.87,Hold
2025-05-20 20:16:00,-2.006,322.89,322.89,322.8,1193.0,0,-2.87,-2.87,Hold
2025-05-20 20:17:00,-1.908,322.8,322.88,322.71,1112.0,0,-2.87,-2.87,Hold
2025-05-20 20:18:00,-2.384,323.3,323.32,323.15,704.0,0,-2.87,-2.87,Hold
2025-05-20 20:19:00,-1.938,322.87,323.09,322.82,474.0,0,-2.87,-2.87,Hold
2025-05-20 20:20:00,-2.187,323.14,323.21,323.14,466.0,0,-2.87,-2.87,Hold
2025-05-20 20:21:00,-1.545,322.5,322.56,322.44,940.0,0,-2.87,-2.87,Hold
2025-05-20 20:22:00,-1.641,322.61,322.72,322.6,818.0,0,-2.87,-2.87,Hold
2025-05-20 20:23:00,-1.494,322.48,322.59,322.41,485.0,0,-2.87,-2.87,Hold
2025-05-20 20:24:00,-2.031,323.04,323.12,323.03,506.0,0,-2.87,-2.87,Hold
2025-05-20 20:25:00,-1.731,322.76,322.82,322.7,590.0,0,-2.87,-2.87,Hold
2025-05-20 20:26:00,-1.525,322.57,322.64,322.5,527.0,0,-2.87,-2.87,Hold
2025-05-20 20:27:00,-1.291,322.37,322.45,322.3,535.0,0,-2.87,-2.87,Hold
2025-05-20 20:28:00,-1.354,322.47,322.54,322.32,481.0,0,-2.87,-2.87,Hold
2025-05-20 20:29:00,-1.174,322.32,322.39,322.25,705.0,0,-2.87,-2.87,Hold
2025-05-20 20:30:00,-1.223,322.39,322.42,322.35,861.0,0,-2.87,-2.87,Hold
2025-05-20 20:31:00,-0.946,322.11,322.29,322.1,889.0,0,-2.87,-2.87,Hold
2025-05-20 20:32:00,-0.899,322.06,322.2,322.02,1300.0,0,-2.87,-2.87,Hold
2025-05-20 20:33:00,-1.397,322.56,322.58,322.46,559.0,0,-2.87,-2.87,Hold
2025-05-20 20:34:00,-1.481,322.65,322.75,322.56,440.0,0,-2.87,-2.87,Hold
2025-05-20 20:35:00,-1.696,322.87,322.93,322.81,589.0,0,-2.87,-2.87,Hold
2025-05-20 20:36:00,-1.897,323.08,323.12,322.97,639.0,0,-2.87,-2.87,Hold
2025-05-20 20:37:00,-0.828,322.0,322.12,322.0,711.0,0,-2.87,-2.87,Hold
2025-05-20 20:38:00,-0.677,321.84,321.97,321.71,735.0,0,-2.87,-2.87,Hold
2025-05-20 20:39:00,-0.673,321.83,321.85,321.67,914.0,0,-2.87,-2.87,Hold
2025-05-20 20:40:00,3.787,320.9,320.95,320.81,1097.0,1,-323.82,-3.01,Buy
2025-05-20 20:41:00,4.02,320.7,320.78,320.65,982.0,1,-323.82,-3.17,Hold
2025-05-20 20:42:00,4.023,320.73,320.74,320.66,743.0,1,-323.82,-3.16,Hold
2025-05-20 20:43:00,3.558,321.21,321.29,321.13,692.0,1,-323.82,-2.69,Hold
2025-05-20 20:44:00,4.151,320.65,320.65,320.45,1323.0,1,-323.82,-3.37,Hold
2025-05-20 20:45:00,4.213,320.62,320.71,320.54,682.0,1,-323.82,-3.28,Hold
2025-05-20 20:46:00,4.253,320.61,320.68,320.6,534.0,1,-323.82,-3.22,Hold
2025-05-20 20:47:00,4.107,320.78,320.89,320.75,484.0,1,-323.82,-3.07,Hold
2025-05-20 20:48:00,3.667,321.23,321.37,321.09,569.0,1,-323.82,-2.73,Hold
2025-05-20 20:49:00,3.33,321.57,321.79,321.55,950.0,1,-323.82,-2.27,Hold
2025-05-20 20:50:00,3.229,321.67,321.76,321.67,704.0,1,-323.82,-2.15,Hold
2025-05-20 20:51:00,3.177,321.71,321.84,321.7,734.0,1,-323.82,-2.12,Hold
2025-05-20 20:52:00,3.509,321.37,321.5,321.3,462.0,1,-323.82,-2.52,Hold
2025-05-20 20:53:00,3.508,321.37,321.47,321.27,478.0,1,-323.82,-2.55,Hold
2025-05-20 20:54:00,3.886,321.0,321.13,320.99,1016.0,1,-323.82,-2.83,Hold
2025-05-20 20:55:00,3.463,321.42,321.58,321.37,474.0,1,-323.82,-2.45,Hold
2025-05-20 20:56:00,3.314,321.57,321.64,321.44,506.0,1,-323.82,-2.38,Hold
2025-05-20 20:57:00,3.389,321.5,321.59,321.41,413.0,1,-323.82,-2.41,Hold
2025-05-20 20:58:00,2.829,322.06,322.11,322.03,589.0,1,-323.82,-1.79,Hold
2025-05-20 20:59:00,2.948,321.94,322.09,321.94,774.0,1,-323.82,-1.88,Hold
2025-05-20 21:00:00,3.131,321.76,321.8,321.72,758.0,1,-323.82,-2.1,Hold
2025-05-20 21:01:00,2.64,322.25,322.37,322.23,684.0,1,-323.82,-1.59,Hold
2025-05-20 21:02:00,2.685,322.2,322.3,322.11,1486.0,1,-323.82,-1.71,Hold
2025-05-20 21:03:00,2.791,322.09,322.17,322.07,646.0,1,-323.82,-1.75,Hold
2025-05-20 21:04:00,2.542,322.33,322.49,322.33,830.0,1,-323.82,-1.49,Hold
2025-05-20 21:05:00,2.025,322.85,322.94,322.75,715.0,1,-323.82,-1.07,Hold
2025-05-20 21:06:00,1.928,322.95,323.06,322.91,1228.0,1,-323.82,-0.91,Hold
2025-05-20 21:07:00,2.776,322.1,322.19,322.0,718.0,1,-323.82,-1.82,Hold
2025-05-20 21:08:00,3.366,321.51,321.52,321.39,1340.0,1,-323.82,-2.43,Hold
2025-05-20 21:09:00,3.551,321.33,321.44,321.31,616.0,1,-323.82,-2.51,Hold
2025-05-20 21:10:00,3.668,321.22,321.34,321.21,460.0,1,-323.82,-2.61,Hold
2025-05-20 21:11:00,3.685,321.21,321.28,321.14,415.0,1,-323.82,-2.68,Hold
2025-05-20 21:12:00,4.002,320.9,321.07,320.81,557.0,1,-323.82,-3.01,Hold
2025-05-20 21:13:00,3.951,320.95,321.05,320.86,478.0,1,-323.82,-2.96,Hold
2025-05-20 21:14:00,3.749,321.15,321.23,321.07,644.0,1,-323.82,-2.75,Hold
2025-05-20 21:15:00,3.819,321.07,321.14,321.04,611.0,1,-323.82,-2.78,Hold
2025-05-20 21:16:00,3.867,321.0,321.06,320.94,465.0,1,-323.82,-2.88,Hold
2025-05-20 21:17:00,3.724,321.12,321.19,321.09,367.0,1,-323.82,-2.73,Hold
2025-05-20 21:18:00,3.774,321.04,321.1,320.96,478.0,1,-323.82,-2.86,Hold
2025-05-20 21:19:00,3.716,321.06,321.26,321.06,352.0,1,-323.82,-2.76,Hold
2025-05-20 21:20:00,2.998,321.76,321.81,321.69,519.0,1,-323.82,-2.13,Hold
2025-05-20 21:21:00,3.13,321.6,321.63,321.52,517.0,1,-323.82,-2.3,Hold
2025-05-20 21:22:00,2.742,321.95,321.97,321.69,268.0,1,-323.82,-2.13,Hold
2025-05-20 21:23:00,3.074,321.58,321.65,321.52,402.0,1,-323.82,-2.3,Hold
2025-05-20 21:24:00,2.714,321.89,321.97,321.81,408.0,1,-323.82,-2.01,Hold
2025-05-20 21:25:00,2.511,322.05,322.1,322.04,709.0,1,-323.82,-1.78,Hold
2025-05-20 21:26:00,2.62,321.9,322.03,321.87,942.0,1,-323.82,-1.95,Hold
2025-05-20 21:27:00,2.388,322.1,322.18,322.02,687.0,1,-323.82,-1.8,Hold
2025-05-20 21:28:00,2.463,321.99,322.04,321.91,301.0,1,-323.82,-1.91,Hold
2025-05-20 21:29:00,2.439,321.97,321.96,321.81,350.0,1,-323.82,-2.01,Hold
2025-05-20 21:30:00,2.599,321.74,321.9,321.74,802.0,1,-323.82,-2.08,Hold
2025-05-20 21:31:00,2.358,321.92,321.96,321.87,724.0,1,-323.82,-1.95,Hold
2025-05-20 21:32:00,2.211,322.01,322.15,322.0,489.0,1,-323.82,-1.82,Hold
2025-05-20 21:33:00,1.741,322.42,322.48,322.37,671.0,1,-323.82,-1.45,Hold
2025-05-20 21:34:00,1.395,322.7,322.74,322.67,555.0,1,-323.82,-1.15,Hold
2025-05-20 21:35:00,1.57,322.46,322.48,322.43,590.0,1,-323.82,-1.39,Hold
2025-05-20 21:36:00,1.396,322.59,322.67,322.52,400.0,1,-323.82,-1.3,Hold
2025-05-20 21:37:00,1.453,322.47,322.59,322.47,273.0,1,-323.82,-1.35,Hold
2025-05-20 21:38:00,1.061,322.8,322.8,322.71,438.0,1,-323.82,-1.11,Hold
2025-05-20 21:39:00,1.13,322.64,322.72,322.56,519.0,1,-323.82,-1.26,Hold
2025-05-20 21:40:00,1.38,322.29,322.37,322.23,559.0,1,-323.82,-1.59,Hold
2025-05-20 21:41:00,1.654,321.93,321.96,321.85,446.0,1,-323.82,-1.97,Hold
2025-05-20 21:42:00,1.423,322.09,322.09,322.04,655.0,1,-323.82,-1.78,Hold
2025-05-20 21:43:00,1.791,321.64,321.69,321.54,573.0,1,-323.82,-2.28,Hold
2025-05-20 21:44:00,1.555,321.8,321.87,321.74,536.0,1,-323.82,-2.08,Hold
2025-05-20 21:45:00,1.516,321.75,321.82,321.73,558.0,1,-323.82,-2.09,Hold
2025-05-20 21:46:00,1.439,321.8,321.86,321.73,442.0,1,-323.82,-2.09,Hold
2025-05-20 21:47:00,1.345,321.87,321.9,321.87,555.0,1,-323.82,-1.95,Hold
2025-05-20 21:48:00,1.503,321.66,321.63,321.52,429.0,1,-323.82,-2.3,Hold
2025-05-20 21:49:00,1.573,321.56,321.65,321.55,461.0,1,-323.82,-2.27,Hold
2025-05-20 21:50:00,1.818,321.27,321.35,321.24,1170.0,1,-323.82,-2.58,Hold
2025-05-20 21:51:00,2.076,321.0,321.06,320.97,1166.0,1,-323.82,-2.85,Hold
2025-05-20 21:52:00,1.825,321.23,321.37,321.2,838.0,1,-323.82,-2.62,Hold
2025-05-20 21:53:00,1.668,321.37,321.47,321.28,1010.0,1,-323.82,-2.54,Hold
2025-05-20 21:54:00,1.725,321.27,321.35,321.26,748.0,1,-323.82,-2.56,Hold
2025-05-20 21:55:00,1.564,321.4,321.44,321.37,1142.0,1,-323.82,-2.45,Hold
2025-05-20 21:56:00,1.401,321.54,321.63,321.53,1051.0,1,-323.82,-2.29,Hold
2025-05-20 21:57:00,1.177,321.75,321.75,321.7,1148.0,1,-323.82,-2.12,Hold
2025-05-20 21:58:00,1.248,321.66,321.68,321.64,1509.0,1,-323.82,-2.18,Hold
2025-05-20 21:59:00,1.333,321.56,321.59,321.55,2810.0,1,-323.82,-2.27,Hold
2025-05-20 22:00:00,1.326,321.55,321.55,321.15,8992.0,1,-323.82,-2.67,No trade
