TimeStamp,macd_feature,close,Ask,Bid,Volume,Position,Cash,NetValue,Action
2025-05-20 15:30:00,0.006,59.47,59.48,59.47,1299.0,1,-59.48,-0.01,Buy
2025-05-20 15:31:00,-0.002,59.44,59.44,59.43,2565.0,0,-0.05,-0.05,Sell
2025-05-20 15:32:00,-0.013,59.41,59.41,59.4,1415.0,0,-0.05,-0.05,Hold
2025-05-20 15:33:00,-0.016,59.44,59.45,59.44,785.0,0,-0.05,-0.05,Hold
2025-05-20 15:34:00,-0.015,59.46,59.47,59.46,1401.0,0,-0.05,-0.05,Hold
2025-05-20 15:35:00,-0.027,59.37,59.38,59.37,2324.0,0,-0.05,-0.05,Hold
2025-05-20 15:36:00,-0.045,59.3,59.3,59.29,2227.0,0,-0.05,-0.05,Hold
2025-05-20 15:37:00,-0.055,59.33,59.33,59.32,1016.0,0,-0.05,-0.05,Hold
2025-05-20 15:38:00,-0.055,59.37,59.37,59.36,1729.0,0,-0.05,-0.05,Hold
2025-05-20 15:39:00,-0.047,59.42,59.43,59.42,1704.0,0,-0.05,-0.05,Hold
2025-05-20 15:40:00,-0.05,59.35,59.35,59.34,1141.0,0,-0.05,-0.05,Hold
2025-05-20 15:41:00,-0.055,59.33,59.33,59.32,1191.0,0,-0.05,-0.05,Hold
2025-05-20 15:42:00,-0.068,59.26,59.26,59.25,2372.0,0,-0.05,-0.05,Hold
2025-05-20 15:43:00,-0.066,59.33,59.33,59.32,1921.0,0,-0.05,-0.05,Hold
2025-05-20 15:44:00,-0.075,59.25,59.26,59.25,3617.0,0,-0.05,-0.05,Hold
2025-05-20 15:45:00,-0.079,59.27,59.27,59.26,1426.0,0,-0.05,-0.05,Hold
2025-05-20 15:46:00,-0.081,59.26,59.26,59.25,1670.0,0,-0.05,-0.05,Hold
2025-05-20 15:47:00,-0.089,59.21,59.22,59.21,1533.0,0,-0.05,-0.05,Hold
2025-05-20 15:48:00,-0.081,59.3,59.31,59.3,1374.0,0,-0.05,-0.05,Hold
2025-05-20 15:49:00,-0.078,59.27,59.27,59.26,888.0,0,-0.05,-0.05,Hold
2025-05-20 15:50:00,-0.077,59.25,59.25,59.24,922.0,0,-0.05,-0.05,Hold
2025-05-20 15:51:00,-0.072,59.27,59.28,59.27,1176.0,0,-0.05,-0.05,Hold
2025-05-20 15:52:00,-0.054,59.36,59.36,59.35,999.0,0,-0.05,-0.05,Hold
2025-05-20 15:53:00,-0.03,59.42,59.42,59.41,1196.0,0,-0.05,-0.05,Hold
2025-05-20 15:54:00,-0.005,59.46,59.46,59.45,1295.0,0,-0.05,-0.05,Hold
2025-05-20 15:55:00,0.013,59.44,59.45,59.44,1370.0,1,-59.5,-0.06,Buy
2025-05-20 15:56:00,0.025,59.43,59.44,59.43,1204.0,1,-59.5,-0.07,Hold
2025-05-20 15:57:00,0.033,59.42,59.43,59.42,595.0,1,-59.5,-0.08,Hold
2025-05-20 15:58:00,0.029,59.35,59.36,59.35,1315.0,1,-59.5,-0.15,Hold
2025-05-20 15:59:00,0.031,59.38,59.39,59.38,664.0,1,-59.5,-0.12,Hold
2025-05-20 16:00:00,0.03,59.36,59.36,59.35,327.0,1,-59.5,-0.15,Hold
2025-05-20 16:01:00,0.021,59.31,59.31,59.3,643.0,1,-59.5,-0.2,Hold
2025-05-20 16:02:00,0.012,59.29,59.3,59.29,428.0,1,-59.5,-0.21,Hold
2025-05-20 16:03:00,0.016,59.36,59.36,59.35,945.0,1,-59.5,-0.15,Hold
2025-05-20 16:04:00,0.02,59.37,59.38,59.37,744.0,1,-59.5,-0.13,Hold
2025-05-20 16:05:00,0.039,59.47,59.47,59.46,751.0,1,-59.5,-0.04,Hold
2025-05-20 16:06:00,0.05,59.45,59.45,59.44,770.0,1,-59.5,-0.06,Hold
2025-05-20 16:07:00,0.053,59.41,59.42,59.41,1013.0,1,-59.5,-0.09,Hold
2025-05-20 16:08:00,0.064,59.47,59.47,59.46,930.0,1,-59.5,-0.04,Hold
2025-05-20 16:09:00,0.068,59.44,59.44,59.43,846.0,1,-59.5,-0.07,Hold
2025-05-20 16:10:00,0.075,59.47,59.47,59.46,1194.0,1,-59.5,-0.04,Hold
2025-05-20 16:11:00,0.079,59.46,59.46,59.45,955.0,1,-59.5,-0.05,Hold
2025-05-20 16:12:00,0.081,59.46,59.46,59.45,1127.0,1,-59.5,-0.05,Hold
2025-05-20 16:13:00,0.084,59.47,59.47,59.46,358.0,1,-59.5,-0.04,Hold
2025-05-20 16:14:00,0.082,59.44,59.44,59.43,1327.0,1,-59.5,-0.07,Hold
2025-05-20 16:15:00,0.086,59.49,59.49,59.48,539.0,1,-59.5,-0.02,Hold
2025-05-20 16:16:00,0.09,59.49,59.5,59.49,1551.0,1,-59.5,-0.01,Hold
2025-05-20 16:17:00,0.093,59.5,59.5,59.49,1038.0,1,-59.5,-0.01,Hold
2025-05-20 16:18:00,0.11,59.6,59.6,59.59,1406.0,1,-59.5,0.09,Hold
2025-05-20 16:19:00,0.119,59.58,59.59,59.58,887.0,1,-59.5,0.08,Hold
2025-05-20 16:20:00,0.136,59.66,59.66,59.65,2177.0,1,-59.5,0.15,Hold
2025-05-20 16:21:00,0.146,59.64,59.65,59.64,1380.0,1,-59.5,0.14,Hold
2025-05-20 16:22:00,0.158,59.68,59.69,59.68,474.0,1,-59.5,0.18,Hold
2025-05-20 16:23:00,0.165,59.67,59.67,59.66,928.0,1,-59.5,0.16,Hold
2025-05-20 16:24:00,0.164,59.64,59.65,59.64,934.0,1,-59.5,0.14,Hold
2025-05-20 16:25:00,0.161,59.63,59.64,59.63,1282.0,1,-59.5,0.13,Hold
2025-05-20 16:26:00,0.155,59.62,59.63,59.62,1198.0,1,-59.5,0.12,Hold
2025-05-20 16:27:00,0.146,59.6,59.6,59.59,846.0,1,-59.5,0.09,Hold
2025-05-20 16:28:00,0.131,59.55,59.55,59.54,979.0,1,-59.5,0.04,Hold
2025-05-20 16:29:00,0.115,59.53,59.53,59.52,568.0,1,-59.5,0.02,Hold
2025-05-20 16:30:00,0.104,59.55,59.56,59.55,751.0,1,-59.5,0.05,Hold
2025-05-20 16:31:00,0.1,59.58,59.58,59.57,771.0,1,-59.5,0.07,Hold
2025-05-20 16:32:00,0.086,59.52,59.53,59.52,1009.0,1,-59.5,0.02,Hold
2025-05-20 16:33:00,0.074,59.51,59.51,59.5,1749.0,1,-59.5,0.0,Hold
2025-05-20 16:34:00,0.06,59.49,59.49,59.48,678.0,1,-59.5,-0.02,Hold
2025-05-20 16:35:00,0.042,59.44,59.44,59.43,253.0,1,-59.5,-0.07,Hold
2025-05-20 16:36:00,0.026,59.43,59.44,59.43,409.0,1,-59.5,-0.07,Hold
2025-05-20 16:37:00,0.022,59.49,59.5,59.49,352.0,1,-59.5,-0.01,Hold
2025-05-20 16:38:00,0.025,59.53,59.53,59.52,443.0,1,-59.5,0.02,Hold
2025-05-20 16:39:00,0.03,59.55,59.56,59.55,656.0,1,-59.5,0.05,Hold
2025-05-20 16:40:00,0.036,59.57,59.57,59.56,758.0,1,-59.5,0.06,Hold
2025-05-20 16:41:00,0.035,59.53,59.54,59.53,399.0,1,-59.5,0.03,Hold
2025-05-20 16:42:00,0.034,59.53,59.54,59.53,1161.0,1,-59.5,0.03,Hold
2025-05-20 16:43:00,0.037,59.56,59.57,59.56,597.0,1,-59.5,0.06,Hold
2025-05-20 16:44:00,0.041,59.57,59.58,59.57,577.0,1,-59.5,0.07,Hold
2025-05-20 16:45:00,0.044,59.58,59.59,59.58,406.0,1,-59.5,0.08,Hold
2025-05-20 16:46:00,0.059,59.66,59.66,59.65,924.0,1,-59.5,0.15,Hold
2025-05-20 16:47:00,0.069,59.66,59.67,59.66,588.0,1,-59.5,0.16,Hold
2025-05-20 16:48:00,0.072,59.63,59.64,59.63,457.0,1,-59.5,0.13,Hold
2025-05-20 16:49:00,0.073,59.63,59.64,59.63,399.0,1,-59.5,0.13,Hold
2025-05-20 16:50:00,0.064,59.56,59.56,59.55,703.0,1,-59.5,0.05,Hold
2025-05-20 16:51:00,0.048,59.51,59.52,59.51,1084.0,1,-59.5,0.01,Hold
2025-05-20 16:52:00,0.033,59.49,59.5,59.49,1095.0,1,-59.5,-0.01,Hold
2025-05-20 16:53:00,0.02,59.49,59.5,59.49,714.0,1,-59.5,-0.01,Hold
2025-05-20 16:54:00,0.013,59.51,59.51,59.5,590.0,1,-59.5,0.0,Hold
2025-05-20 16:55:00,0.011,59.53,59.53,59.52,1122.0,1,-59.5,0.02,Hold
2025-05-20 16:56:00,0.006,59.51,59.52,59.51,402.0,1,-59.5,0.01,Hold
2025-05-20 16:57:00,-0.004,59.47,59.47,59.46,764.0,0,-0.04,-0.04,Sell
2025-05-20 16:58:00,-0.015,59.45,59.45,59.44,746.0,0,-0.04,-0.04,Hold
2025-05-20 16:59:00,-0.027,59.42,59.43,59.42,205.0,0,-0.04,-0.04,Hold
2025-05-20 17:00:00,-0.03,59.46,59.47,59.46,1310.0,0,-0.04,-0.04,Hold
2025-05-20 17:01:00,-0.033,59.46,59.47,59.46,722.0,0,-0.04,-0.04,Hold
2025-05-20 17:02:00,-0.029,59.5,59.5,59.49,418.0,0,-0.04,-0.04,Hold
2025-05-20 17:03:00,-0.026,59.49,59.5,59.49,438.0,0,-0.04,-0.04,Hold
2025-05-20 17:04:00,-0.024,59.49,59.49,59.48,833.0,0,-0.04,-0.04,Hold
2025-05-20 17:05:00,-0.026,59.47,59.48,59.47,1021.0,0,-0.04,-0.04,Hold
2025-05-20 17:06:00,-0.023,59.49,59.49,59.48,380.0,0,-0.04,-0.04,Hold
2025-05-20 17:07:00,-0.014,59.54,59.54,59.53,954.0,0,-0.04,-0.04,Hold
2025-05-20 17:08:00,-0.01,59.52,59.53,59.52,831.0,0,-0.04,-0.04,Hold
2025-05-20 17:09:00,-0.005,59.53,59.54,59.53,612.0,0,-0.04,-0.04,Hold
2025-05-20 17:10:00,-0.007,59.49,59.5,59.49,434.0,0,-0.04,-0.04,Hold
2025-05-20 17:11:00,-0.002,59.53,59.54,59.53,369.0,0,-0.04,-0.04,Hold
2025-05-20 17:12:00,0.006,59.56,59.56,59.55,513.0,1,-59.6,-0.05,Buy
2025-05-20 17:13:00,0.014,59.58,59.59,59.58,471.0,1,-59.6,-0.02,Hold
2025-05-20 17:14:00,0.023,59.59,59.6,59.59,302.0,1,-59.6,-0.01,Hold
2025-05-20 17:15:00,0.035,59.63,59.63,59.62,530.0,1,-59.6,0.02,Hold
2025-05-20 17:16:00,0.041,59.61,59.62,59.61,247.0,1,-59.6,0.01,Hold
2025-05-20 17:17:00,0.043,59.6,59.61,59.6,673.0,1,-59.6,0.0,Hold
2025-05-20 17:18:00,0.045,59.6,59.61,59.6,675.0,1,-59.6,0.0,Hold
2025-05-20 17:19:00,0.046,59.6,59.61,59.6,638.0,1,-59.6,0.0,Hold
2025-05-20 17:20:00,0.046,59.6,59.6,59.59,560.0,1,-59.6,-0.01,Hold
2025-05-20 17:21:00,0.035,59.53,59.54,59.53,708.0,1,-59.6,-0.07,Hold
2025-05-20 17:22:00,0.025,59.52,59.52,59.51,541.0,1,-59.6,-0.09,Hold
2025-05-20 17:23:00,0.016,59.51,59.51,59.5,569.0,1,-59.6,-0.1,Hold
2025-05-20 17:24:00,0.008,59.51,59.52,59.51,1401.0,1,-59.6,-0.09,Hold
2025-05-20 17:25:00,0.009,59.56,59.57,59.56,798.0,1,-59.6,-0.04,Hold
2025-05-20 17:26:00,0.023,59.65,59.65,59.64,1922.0,1,-59.6,0.04,Hold
2025-05-20 17:27:00,0.041,59.7,59.71,59.7,2189.0,1,-59.6,0.1,Hold
2025-05-20 17:28:00,0.056,59.71,59.71,59.7,1815.0,1,-59.6,0.1,Hold
2025-05-20 17:29:00,0.074,59.76,59.77,59.76,1348.0,1,-59.6,0.16,Hold
2025-05-20 17:30:00,0.088,59.77,59.77,59.76,2006.0,1,-59.6,0.16,Hold
2025-05-20 17:31:00,0.107,59.83,59.83,59.82,2503.0,1,-59.6,0.22,Hold
2025-05-20 17:32:00,0.115,59.79,59.8,59.79,4568.0,1,-59.6,0.19,Hold
2025-05-20 17:33:00,0.125,59.83,59.83,59.82,1314.0,1,-59.6,0.22,Hold
2025-05-20 17:34:00,0.135,59.85,59.85,59.84,1647.0,1,-59.6,0.24,Hold
2025-05-20 17:35:00,0.137,59.82,59.82,59.81,940.0,1,-59.6,0.21,Hold
2025-05-20 17:36:00,0.136,59.82,59.83,59.82,1102.0,1,-59.6,0.22,Hold
2025-05-20 17:37:00,0.141,59.87,59.88,59.87,779.0,1,-59.6,0.27,Hold
2025-05-20 17:38:00,0.148,59.9,59.91,59.9,420.0,1,-59.6,0.3,Hold
2025-05-20 17:39:00,0.145,59.85,59.85,59.84,776.0,1,-59.6,0.24,Hold
2025-05-20 17:40:00,0.137,59.83,59.83,59.82,494.0,1,-59.6,0.22,Hold
2025-05-20 17:41:00,0.127,59.81,59.81,59.8,344.0,1,-59.6,0.2,Hold
2025-05-20 17:42:00,0.115,59.8,59.81,59.8,654.0,1,-59.6,0.2,Hold
2025-05-20 17:43:00,0.102,59.78,59.79,59.78,663.0,1,-59.6,0.18,Hold
2025-05-20 17:44:00,0.091,59.78,59.78,59.77,574.0,1,-59.6,0.17,Hold
2025-05-20 17:45:00,0.085,59.81,59.81,59.8,462.0,1,-59.6,0.2,Hold
2025-05-20 17:46:00,0.077,59.79,59.8,59.79,353.0,1,-59.6,0.19,Hold
2025-05-20 17:47:00,0.067,59.78,59.79,59.78,186.0,1,-59.6,0.18,Hold
2025-05-20 17:48:00,0.065,59.82,59.83,59.82,697.0,1,-59.6,0.22,Hold
2025-05-20 17:49:00,0.061,59.81,59.81,59.8,285.0,1,-59.6,0.2,Hold
2025-05-20 17:50:00,0.056,59.81,59.82,59.81,173.0,1,-59.6,0.21,Hold
2025-05-20 17:51:00,0.052,59.81,59.82,59.81,280.0,1,-59.6,0.21,Hold
2025-05-20 17:52:00,0.054,59.85,59.85,59.84,1440.0,1,-59.6,0.24,Hold
2025-05-20 17:53:00,0.057,59.87,59.87,59.86,1374.0,1,-59.6,0.26,Hold
2025-05-20 17:54:00,0.055,59.85,59.86,59.85,1508.0,1,-59.6,0.25,Hold
2025-05-20 17:55:00,0.056,59.87,59.88,59.87,780.0,1,-59.6,0.27,Hold
2025-05-20 17:56:00,0.066,59.94,59.94,59.93,497.0,1,-59.6,0.33,Hold
2025-05-20 17:57:00,0.073,59.94,59.94,59.93,703.0,1,-59.6,0.33,Hold
2025-05-20 17:58:00,0.074,59.92,59.93,59.92,486.0,1,-59.6,0.32,Hold
2025-05-20 17:59:00,0.073,59.92,59.92,59.91,379.0,1,-59.6,0.31,Hold
2025-05-20 18:00:00,0.066,59.88,59.89,59.88,620.0,1,-59.6,0.28,Hold
2025-05-20 18:01:00,0.065,59.92,59.93,59.92,986.0,1,-59.6,0.32,Hold
2025-05-20 18:02:00,0.066,59.94,59.95,59.94,729.0,1,-59.6,0.34,Hold
2025-05-20 18:03:00,0.07,59.97,59.97,59.96,744.0,1,-59.6,0.36,Hold
2025-05-20 18:04:00,0.073,59.98,59.99,59.98,1329.0,1,-59.6,0.38,Hold
2025-05-20 18:05:00,0.069,59.94,59.94,59.93,497.0,1,-59.6,0.33,Hold
2025-05-20 18:06:00,0.049,59.84,59.85,59.84,498.0,1,-59.6,0.24,Hold
2025-05-20 18:07:00,0.032,59.83,59.84,59.83,625.0,1,-59.6,0.23,Hold
2025-05-20 18:08:00,0.021,59.85,59.85,59.84,143.0,1,-59.6,0.24,Hold
2025-05-20 18:09:00,0.011,59.85,59.86,59.85,291.0,1,-59.6,0.25,Hold
2025-05-20 18:10:00,-0.003,59.81,59.81,59.8,670.0,0,0.2,0.2,Sell
2025-05-20 18:11:00,-0.017,59.79,59.79,59.78,298.0,0,0.2,0.2,Hold
2025-05-20 18:12:00,-0.03,59.78,59.79,59.78,198.0,0,0.2,0.2,Hold
2025-05-20 18:13:00,-0.035,59.81,59.82,59.81,411.0,0,0.2,0.2,Hold
2025-05-20 18:14:00,-0.04,59.81,59.81,59.8,218.0,0,0.2,0.2,Hold
2025-05-20 18:15:00,-0.048,59.78,59.78,59.77,270.0,0,0.2,0.2,Hold
2025-05-20 18:16:00,-0.042,59.86,59.87,59.86,825.0,0,0.2,0.2,Hold
2025-05-20 18:17:00,-0.035,59.88,59.89,59.88,25773.0,0,0.2,0.2,Hold
2025-05-20 18:18:00,-0.024,59.92,59.92,59.91,220.0,0,0.2,0.2,Hold
2025-05-20 18:19:00,-0.014,59.93,59.93,59.92,414.0,0,0.2,0.2,Hold
2025-05-20 18:20:00,0.002,59.99,60.0,59.99,414.0,1,-59.8,0.19,Buy
2025-05-20 18:21:00,0.013,59.98,59.99,59.98,1235.0,1,-59.8,0.18,Hold
2025-05-20 18:22:00,0.022,59.99,60.0,59.99,932.0,1,-59.8,0.19,Hold
2025-05-20 18:23:00,0.028,59.99,60.0,59.99,962.0,1,-59.8,0.19,Hold
2025-05-20 18:24:00,0.016,59.88,59.88,59.87,2089.0,1,-59.8,0.07,Hold
2025-05-20 18:25:00,0.005,59.87,59.88,59.87,769.0,1,-59.8,0.07,Hold
2025-05-20 18:26:00,-0.005,59.87,59.87,59.86,397.0,0,0.06,0.06,Sell
2025-05-20 18:27:00,-0.015,59.85,59.85,59.84,357.0,0,0.06,0.06,Hold
2025-05-20 18:28:00,-0.022,59.86,59.86,59.85,137.0,0,0.06,0.06,Hold
2025-05-20 18:29:00,-0.028,59.86,59.86,59.85,144.0,0,0.06,0.06,Hold
2025-05-20 18:30:00,-0.03,59.88,59.89,59.88,626.0,0,0.06,0.06,Hold
2025-05-20 18:31:00,-0.025,59.92,59.92,59.91,571.0,0,0.06,0.06,Hold
2025-05-20 18:32:00,-0.025,59.9,59.91,59.9,212.0,0,0.06,0.06,Hold
2025-05-20 18:33:00,-0.022,59.92,59.92,59.91,384.0,0,0.06,0.06,Hold
2025-05-20 18:34:00,-0.023,59.9,59.91,59.9,394.0,0,0.06,0.06,Hold
2025-05-20 18:35:00,-0.024,59.9,59.91,59.9,626.0,0,0.06,0.06,Hold
2025-05-20 18:36:00,-0.013,59.98,59.99,59.98,739.0,0,0.06,0.06,Hold
2025-05-20 18:37:00,-0.005,59.98,59.98,59.97,915.0,0,0.06,0.06,Hold
2025-05-20 18:38:00,0.002,59.99,59.99,59.98,1478.0,1,-59.93,0.05,Buy
2025-05-20 18:39:00,0.001,59.95,59.96,59.95,597.0,1,-59.93,0.02,Hold
2025-05-20 18:40:00,0.0,59.95,59.95,59.94,413.0,1,-59.93,0.01,Hold
2025-05-20 18:41:00,0.001,59.96,59.96,59.95,484.0,2,-119.89,0.01,Buy
2025-05-20 18:42:00,0.002,59.97,59.97,59.96,635.0,2,-119.89,0.03,Hold
2025-05-20 18:43:00,-0.008,59.9,59.91,59.9,1064.0,1,-59.99,-0.09,Sell
2025-05-20 18:44:00,-0.01,59.94,59.94,59.93,774.0,1,-59.99,-0.06,Hold
2025-05-20 18:45:00,-0.015,59.92,59.93,59.92,783.0,1,-59.99,-0.07,Hold
2025-05-20 18:46:00,-0.016,59.94,59.94,59.93,211.0,1,-59.99,-0.06,Hold
2025-05-20 18:47:00,-0.019,59.93,59.94,59.93,209.0,1,-59.99,-0.06,Hold
2025-05-20 18:48:00,-0.02,59.94,59.94,59.93,199.0,1,-59.99,-0.06,Hold
2025-05-20 18:49:00,-0.028,59.89,59.9,59.89,600.0,1,-59.99,-0.1,Hold
2025-05-20 18:50:00,-0.034,59.89,59.9,59.89,233.0,1,-59.99,-0.1,Hold
2025-05-20 18:51:00,-0.038,59.9,59.9,59.89,265.0,1,-59.99,-0.1,Hold
2025-05-20 18:52:00,-0.042,59.89,59.9,59.89,681.0,1,-59.99,-0.1,Hold
2025-05-20 18:53:00,-0.047,59.88,59.89,59.88,322.0,1,-59.99,-0.11,Hold
2025-05-20 18:54:00,-0.052,59.87,59.88,59.87,217.0,1,-59.99,-0.12,Hold
2025-05-20 18:55:00,-0.054,59.88,59.89,59.88,394.0,1,-59.99,-0.11,Hold
2025-05-20 18:56:00,-0.06,59.85,59.85,59.84,651.0,1,-59.99,-0.15,Hold
2025-05-20 18:57:00,-0.068,59.83,59.83,59.82,182.0,1,-59.99,-0.17,Hold
2025-05-20 18:58:00,-0.07,59.85,59.85,59.84,378.0,1,-59.99,-0.15,Hold
2025-05-20 18:59:00,-0.07,59.86,59.86,59.85,83.0,1,-59.99,-0.14,Hold
2025-05-20 19:00:00,-0.068,59.87,59.87,59.86,565.0,1,-59.99,-0.13,Hold
2025-05-20 19:01:00,-0.062,59.9,59.92,59.91,848.0,1,-59.99,-0.08,Hold
2025-05-20 19:02:00,-0.052,59.94,59.94,59.93,294.0,1,-59.99,-0.06,Hold
2025-05-20 19:03:00,-0.039,59.97,59.98,59.97,590.0,1,-59.99,-0.02,Hold
2025-05-20 19:04:00,-0.023,60.01,60.01,60.0,860.0,1,-59.99,0.01,Hold
2025-05-20 19:05:00,-0.008,60.03,60.04,60.03,3124.0,1,-59.99,0.04,Hold
2025-05-20 19:06:00,0.018,60.13,60.13,60.12,1766.0,2,-120.12,0.12,Buy
2025-05-20 19:07:00,0.037,60.12,60.13,60.12,1776.0,2,-120.12,0.12,Hold
2025-05-20 19:08:00,0.05,60.12,60.12,60.11,830.0,2,-120.12,0.1,Hold
2025-05-20 19:09:00,0.064,60.15,60.16,60.15,1048.0,2,-120.12,0.18,Hold
2025-05-20 19:10:00,0.085,60.23,60.23,60.22,1592.0,2,-120.12,0.32,Hold
2025-05-20 19:11:00,0.1,60.23,60.23,60.22,1814.0,2,-120.12,0.32,Hold
2025-05-20 19:12:00,0.121,60.3,60.31,60.3,2875.0,2,-120.12,0.48,Hold
2025-05-20 19:13:00,0.14,60.33,60.33,60.32,2018.0,2,-120.12,0.52,Hold
2025-05-20 19:14:00,0.155,60.35,60.35,60.34,2399.0,2,-120.12,0.56,Hold
2025-05-20 19:15:00,0.158,60.3,60.3,60.29,2075.0,2,-120.12,0.46,Hold
2025-05-20 19:16:00,0.156,60.29,60.3,60.29,1494.0,2,-120.12,0.46,Hold
2025-05-20 19:17:00,0.165,60.37,60.37,60.36,1530.0,2,-120.12,0.6,Hold
2025-05-20 19:18:00,0.16,60.31,60.31,60.3,693.0,2,-120.12,0.48,Hold
2025-05-20 19:19:00,0.147,60.26,60.26,60.25,1052.0,2,-120.12,0.38,Hold
2025-05-20 19:20:00,0.141,60.3,60.31,60.3,1132.0,2,-120.12,0.48,Hold
2025-05-20 19:21:00,0.136,60.31,60.32,60.31,442.0,2,-120.12,0.5,Hold
2025-05-20 19:22:00,0.131,60.32,60.32,60.31,705.0,2,-120.12,0.5,Hold
2025-05-20 19:23:00,0.121,60.29,60.3,60.29,1282.0,2,-120.12,0.46,Hold
2025-05-20 19:24:00,0.111,60.29,60.29,60.28,463.0,2,-120.12,0.44,Hold
2025-05-20 19:25:00,0.102,60.29,60.3,60.29,487.0,2,-120.12,0.46,Hold
2025-05-20 19:26:00,0.106,60.38,60.39,60.38,659.0,2,-120.12,0.64,Hold
2025-05-20 19:27:00,0.108,60.38,60.38,60.37,817.0,2,-120.12,0.62,Hold
2025-05-20 19:28:00,0.11,60.4,60.4,60.39,1199.0,2,-120.12,0.66,Hold
2025-05-20 19:29:00,0.107,60.38,60.39,60.38,915.0,2,-120.12,0.64,Hold
2025-05-20 19:30:00,0.099,60.35,60.35,60.34,1432.0,2,-120.12,0.56,Hold
2025-05-20 19:31:00,0.089,60.34,60.35,60.34,583.0,2,-120.12,0.56,Hold
2025-05-20 19:32:00,0.08,60.34,60.34,60.33,675.0,2,-120.12,0.54,Hold
2025-05-20 19:33:00,0.067,60.31,60.32,60.31,761.0,2,-120.12,0.5,Hold
2025-05-20 19:34:00,0.055,60.31,60.32,60.31,477.0,2,-120.12,0.5,Hold
2025-05-20 19:35:00,0.054,60.37,60.38,60.37,400.0,2,-120.12,0.62,Hold
2025-05-20 19:36:00,0.053,60.38,60.39,60.38,349.0,2,-120.12,0.64,Hold
2025-05-20 19:37:00,0.041,60.31,60.32,60.31,402.0,2,-120.12,0.5,Hold
2025-05-20 19:38:00,0.03,60.31,60.32,60.31,356.0,2,-120.12,0.5,Hold
2025-05-20 19:39:00,0.021,60.31,60.32,60.31,780.0,2,-120.12,0.5,Hold
2025-05-20 19:40:00,0.018,60.35,60.35,60.34,770.0,2,-120.12,0.56,Hold
2025-05-20 19:41:00,0.021,60.39,60.4,60.39,245.0,2,-120.12,0.66,Hold
2025-05-20 19:42:00,0.028,60.43,60.43,60.42,1198.0,2,-120.12,0.72,Hold
2025-05-20 19:43:00,0.031,60.42,60.42,60.41,1185.0,2,-120.12,0.7,Hold
2025-05-20 19:44:00,0.033,60.42,60.43,60.42,946.0,2,-120.12,0.72,Hold
2025-05-20 19:45:00,0.035,60.44,60.45,60.44,1071.0,2,-120.12,0.76,Hold
2025-05-20 19:46:00,0.041,60.47,60.47,60.46,1496.0,2,-120.12,0.8,Hold
2025-05-20 19:47:00,0.039,60.44,60.44,60.43,1550.0,2,-120.12,0.74,Hold
2025-05-20 19:48:00,0.04,60.46,60.46,60.45,667.0,2,-120.12,0.78,Hold
2025-05-20 19:49:00,0.039,60.46,60.46,60.45,391.0,2,-120.12,0.78,Hold
2025-05-20 19:50:00,0.04,60.48,60.48,60.47,520.0,2,-120.12,0.82,Hold
2025-05-20 19:51:00,0.037,60.46,60.47,60.46,564.0,2,-120.12,0.8,Hold
2025-05-20 19:52:00,0.036,60.48,60.48,60.47,1171.0,2,-120.12,0.82,Hold
2025-05-20 19:53:00,0.03,60.45,60.46,60.45,683.0,2,-120.12,0.78,Hold
2025-05-20 19:54:00,0.025,60.46,60.45,60.44,543.0,2,-120.12,0.76,Hold
2025-05-20 19:55:00,0.019,60.45,60.45,60.44,754.0,2,-120.12,0.76,Hold
2025-05-20 19:56:00,0.009,60.42,60.43,60.42,578.0,2,-120.12,0.72,Hold
2025-05-20 19:57:00,0.0,60.42,60.42,60.41,1274.0,2,-120.12,0.7,Hold
2025-05-20 19:58:00,-0.004,60.44,60.45,60.44,1004.0,1,-59.68,0.76,Sell
2025-05-20 19:59:00,-0.012,60.42,60.42,60.41,461.0,1,-59.68,0.73,Hold
2025-05-20 20:00:00,-0.021,60.4,60.41,60.4,719.0,1,-59.68,0.72,Hold
2025-05-20 20:01:00,-0.033,60.37,60.39,60.38,719.0,1,-59.68,0.7,Hold
2025-05-20 20:02:00,-0.037,60.41,60.42,60.41,631.0,1,-59.68,0.73,Hold
2025-05-20 20:03:00,-0.037,60.44,60.45,60.44,404.0,1,-59.68,0.76,Hold
2025-05-20 20:04:00,-0.035,60.45,60.46,60.45,244.0,1,-59.68,0.77,Hold
2025-05-20 20:05:00,-0.033,60.46,60.46,60.45,410.0,1,-59.68,0.77,Hold
2025-05-20 20:06:00,-0.024,60.51,60.51,60.5,1943.0,1,-59.68,0.82,Hold
2025-05-20 20:07:00,-0.024,60.47,60.47,60.46,834.0,1,-59.68,0.78,Hold
2025-05-20 20:08:00,-0.021,60.49,60.5,60.49,480.0,1,-59.68,0.81,Hold
2025-05-20 20:09:00,-0.023,60.47,60.48,60.47,625.0,1,-59.68,0.79,Hold
2025-05-20 20:10:00,-0.016,60.53,60.53,60.52,1702.0,1,-59.68,0.84,Hold
2025-05-20 20:11:00,-0.014,60.51,60.52,60.51,1042.0,1,-59.68,0.83,Hold
2025-05-20 20:12:00,-0.009,60.54,60.54,60.53,2991.0,1,-59.68,0.85,Hold
2025-05-20 20:13:00,-0.01,60.51,60.52,60.51,963.0,1,-59.68,0.83,Hold
2025-05-20 20:14:00,-0.02,60.45,60.45,60.44,814.0,1,-59.68,0.76,Hold
2025-05-20 20:15:00,-0.026,60.47,60.47,60.46,1005.0,1,-59.68,0.78,Hold
2025-05-20 20:16:00,-0.045,60.37,60.38,60.37,999.0,1,-59.68,0.69,Hold
2025-05-20 20:17:00,-0.058,60.39,60.38,60.37,2894.0,1,-59.68,0.69,Hold
2025-05-20 20:18:00,-0.064,60.41,60.42,60.41,421.0,1,-59.68,0.73,Hold
2025-05-20 20:19:00,-0.068,60.42,60.42,60.41,396.0,1,-59.68,0.73,Hold
2025-05-20 20:20:00,-0.074,60.4,60.41,60.4,506.0,1,-59.68,0.72,Hold
2025-05-20 20:21:00,-0.097,60.28,60.27,60.26,2592.0,1,-59.68,0.58,Hold
2025-05-20 20:22:00,-0.122,60.22,60.22,60.21,1549.0,1,-59.68,0.53,Hold
2025-05-20 20:23:00,-0.136,60.26,60.27,60.26,1000.0,1,-59.68,0.58,Hold
2025-05-20 20:24:00,-0.145,60.26,60.27,60.26,480.0,1,-59.68,0.58,Hold
2025-05-20 20:25:00,-0.14,60.34,60.34,60.33,595.0,1,-59.68,0.65,Hold
2025-05-20 20:26:00,-0.141,60.3,60.3,60.29,424.0,1,-59.68,0.61,Hold
2025-05-20 20:27:00,-0.147,60.26,60.26,60.25,448.0,1,-59.68,0.57,Hold
2025-05-20 20:28:00,-0.161,60.19,60.19,60.18,1206.0,1,-59.68,0.5,Hold
2025-05-20 20:29:00,-0.175,60.16,60.17,60.16,1654.0,1,-59.68,0.48,Hold
2025-05-20 20:30:00,-0.188,60.14,60.15,60.14,975.0,1,-59.68,0.46,Hold
2025-05-20 20:31:00,-0.195,60.15,60.16,60.15,899.0,1,-59.68,0.47,Hold
2025-05-20 20:32:00,-0.201,60.13,60.14,60.13,752.0,1,-59.68,0.45,Hold
2025-05-20 20:33:00,-0.196,60.19,60.2,60.19,469.0,1,-59.68,0.51,Hold
2025-05-20 20:34:00,-0.186,60.22,60.23,60.22,825.0,1,-59.68,0.54,Hold
2025-05-20 20:35:00,-0.171,60.26,60.27,60.26,767.0,1,-59.68,0.58,Hold
2025-05-20 20:36:00,-0.155,60.28,60.29,60.28,825.0,1,-59.68,0.6,Hold
2025-05-20 20:37:00,-0.135,60.33,60.33,60.32,414.0,1,-59.68,0.64,Hold
2025-05-20 20:38:00,-0.12,60.31,60.31,60.3,506.0,1,-59.68,0.62,Hold
2025-05-20 20:39:00,-0.116,60.26,60.26,60.25,543.0,1,-59.68,0.57,Hold
2025-05-20 20:40:00,-0.117,60.22,60.23,60.22,1209.0,1,-59.68,0.54,Hold
2025-05-20 20:41:00,-0.128,60.15,60.16,60.15,363.0,1,-59.68,0.47,Hold
2025-05-20 20:42:00,-0.142,60.1,60.11,60.1,1715.0,1,-59.68,0.42,Hold
2025-05-20 20:43:00,-0.149,60.12,60.12,60.11,534.0,1,-59.68,0.43,Hold
2025-05-20 20:44:00,-0.159,60.08,60.09,60.08,848.0,1,-59.68,0.4,Hold
2025-05-20 20:45:00,-0.163,60.1,60.1,60.09,439.0,1,-59.68,0.41,Hold
2025-05-20 20:46:00,-0.174,60.03,60.04,60.03,681.0,1,-59.68,0.35,Hold
2025-05-20 20:47:00,-0.189,59.98,59.98,59.97,3669.0,1,-59.68,0.29,Hold
2025-05-20 20:48:00,-0.198,59.98,59.98,59.97,2941.0,1,-59.68,0.29,Hold
2025-05-20 20:49:00,-0.211,59.93,59.93,59.92,3593.0,1,-59.68,0.24,Hold
2025-05-20 20:50:00,-0.214,59.96,59.96,59.95,2441.0,1,-59.68,0.27,Hold
2025-05-20 20:51:00,-0.215,59.96,59.96,59.95,908.0,1,-59.68,0.27,Hold
2025-05-20 20:52:00,-0.219,59.92,59.92,59.91,725.0,1,-59.68,0.23,Hold
2025-05-20 20:53:00,-0.21,59.99,60.0,59.99,1338.0,1,-59.68,0.31,Hold
2025-05-20 20:54:00,-0.198,60.01,60.01,60.0,861.0,1,-59.68,0.32,Hold
2025-05-20 20:55:00,-0.187,60.0,60.0,59.99,1261.0,1,-59.68,0.31,Hold
2025-05-20 20:56:00,-0.192,59.9,59.9,59.89,844.0,1,-59.68,0.21,Hold
2025-05-20 20:57:00,-0.197,59.88,59.88,59.87,1066.0,1,-59.68,0.19,Hold
2025-05-20 20:58:00,-0.204,59.84,59.85,59.84,1288.0,1,-59.68,0.16,Hold
2025-05-20 20:59:00,-0.208,59.84,59.85,59.84,839.0,1,-59.68,0.16,Hold
2025-05-20 21:00:00,-0.207,59.85,59.86,59.85,727.0,1,-59.68,0.17,Hold
2025-05-20 21:01:00,-0.2,59.87,59.88,59.87,704.0,1,-59.68,0.19,Hold
2025-05-20 21:02:00,-0.196,59.85,59.86,59.85,985.0,1,-59.68,0.17,Hold
2025-05-20 21:03:00,-0.188,59.87,59.88,59.87,695.0,1,-59.68,0.19,Hold
2025-05-20 21:04:00,-0.178,59.88,59.89,59.88,455.0,1,-59.68,0.2,Hold
2025-05-20 21:05:00,-0.157,59.96,59.98,59.97,834.0,1,-59.68,0.29,Hold
2025-05-20 21:06:00,-0.131,60.01,60.01,60.0,1177.0,1,-59.68,0.32,Hold
2025-05-20 21:07:00,-0.105,60.04,60.04,60.03,991.0,1,-59.68,0.35,Hold
2025-05-20 21:08:00,-0.077,60.08,60.08,60.07,679.0,1,-59.68,0.39,Hold
2025-05-20 21:09:00,-0.049,60.12,60.12,60.11,607.0,1,-59.68,0.43,Hold
2025-05-20 21:10:00,-0.03,60.1,60.11,60.1,322.0,1,-59.68,0.42,Hold
2025-05-20 21:11:00,-0.014,60.1,60.1,60.09,520.0,1,-59.68,0.41,Hold
2025-05-20 21:12:00,-0.001,60.1,60.11,60.1,1114.0,1,-59.68,0.42,Hold
2025-05-20 21:13:00,0.018,60.16,60.17,60.16,310.0,2,-119.85,0.47,Buy
2025-05-20 21:14:00,0.034,60.17,60.18,60.17,542.0,2,-119.85,0.49,Hold
2025-05-20 21:15:00,0.05,60.19,60.2,60.19,482.0,2,-119.85,0.53,Hold
2025-05-20 21:16:00,0.056,60.15,60.16,60.15,446.0,2,-119.85,0.45,Hold
2025-05-20 21:17:00,0.067,60.2,60.21,60.2,609.0,2,-119.85,0.55,Hold
2025-05-20 21:18:00,0.087,60.28,60.28,60.27,848.0,2,-119.85,0.69,Hold
2025-05-20 21:19:00,0.102,60.28,60.28,60.27,501.0,2,-119.85,0.69,Hold
2025-05-20 21:20:00,0.125,60.36,60.36,60.35,636.0,2,-119.85,0.85,Hold
2025-05-20 21:21:00,0.143,60.37,60.37,60.36,837.0,2,-119.85,0.87,Hold
2025-05-20 21:22:00,0.163,60.42,60.42,60.41,1420.0,2,-119.85,0.97,Hold
2025-05-20 21:23:00,0.179,60.44,60.44,60.43,765.0,2,-119.85,1.01,Hold
2025-05-20 21:24:00,0.189,60.43,60.44,60.43,1337.0,2,-119.85,1.01,Hold
2025-05-20 21:25:00,0.196,60.44,60.44,60.43,834.0,2,-119.85,1.01,Hold
2025-05-20 21:26:00,0.197,60.42,60.44,60.43,520.0,2,-119.85,1.01,Hold
2025-05-20 21:27:00,0.208,60.5,60.5,60.49,1214.0,2,-119.85,1.13,Hold
2025-05-20 21:28:00,0.215,60.51,60.52,60.51,1268.0,2,-119.85,1.17,Hold
2025-05-20 21:29:00,0.211,60.46,60.47,60.46,1159.0,2,-119.85,1.07,Hold
2025-05-20 21:30:00,0.215,60.52,60.53,60.52,1590.0,2,-119.85,1.19,Hold
2025-05-20 21:31:00,0.218,60.54,60.55,60.54,2565.0,2,-119.85,1.23,Hold
2025-05-20 21:32:00,0.222,60.56,60.56,60.55,881.0,2,-119.85,1.25,Hold
2025-05-20 21:33:00,0.222,60.56,60.57,60.56,859.0,2,-119.85,1.27,Hold
2025-05-20 21:34:00,0.223,60.58,60.58,60.57,1835.0,2,-119.85,1.29,Hold
2025-05-20 21:35:00,0.219,60.57,60.57,60.56,945.0,2,-119.85,1.27,Hold
2025-05-20 21:36:00,0.218,60.6,60.61,60.6,1207.0,2,-119.85,1.35,Hold
2025-05-20 21:37:00,0.216,60.6,60.6,60.59,1612.0,2,-119.85,1.33,Hold
2025-05-20 21:38:00,0.208,60.58,60.59,60.58,1107.0,2,-119.85,1.31,Hold
2025-05-20 21:39:00,0.2,60.58,60.58,60.57,766.0,2,-119.85,1.29,Hold
2025-05-20 21:40:00,0.194,60.6,60.61,60.6,764.0,2,-119.85,1.35,Hold
2025-05-20 21:41:00,0.19,60.62,60.62,60.61,1327.0,2,-119.85,1.37,Hold
2025-05-20 21:42:00,0.186,60.63,60.63,60.62,900.0,2,-119.85,1.39,Hold
2025-05-20 21:43:00,0.186,60.67,60.68,60.67,2444.0,2,-119.85,1.49,Hold
2025-05-20 21:44:00,0.176,60.61,60.62,60.61,2217.0,2,-119.85,1.37,Hold
2025-05-20 21:45:00,0.171,60.65,60.66,60.65,3133.0,2,-119.85,1.45,Hold
2025-05-20 21:46:00,0.174,60.71,60.72,60.71,2464.0,2,-119.85,1.57,Hold
2025-05-20 21:47:00,0.18,60.75,60.75,60.74,3168.0,2,-119.85,1.63,Hold
2025-05-20 21:48:00,0.181,60.74,60.75,60.74,2838.0,2,-119.85,1.63,Hold
2025-05-20 21:49:00,0.182,60.76,60.76,60.75,2750.0,2,-119.85,1.65,Hold
2025-05-20 21:50:00,0.189,60.82,60.83,60.82,4905.0,2,-119.85,1.79,Hold
2025-05-20 21:51:00,0.191,60.81,60.82,60.81,2737.0,2,-119.85,1.77,Hold
2025-05-20 21:52:00,0.19,60.81,60.81,60.8,2137.0,2,-119.85,1.75,Hold
2025-05-20 21:53:00,0.186,60.81,60.82,60.81,2098.0,2,-119.85,1.77,Hold
2025-05-20 21:54:00,0.187,60.85,60.85,60.84,3536.0,2,-119.85,1.83,Hold
2025-05-20 21:55:00,0.192,60.9,60.9,60.89,4922.0,2,-119.85,1.93,Hold
2025-05-20 21:56:00,0.204,60.97,60.97,60.96,7348.0,2,-119.85,2.07,Hold
2025-05-20 21:57:00,0.22,61.04,61.05,61.04,8353.0,2,-119.85,2.23,Hold
2025-05-20 21:58:00,0.209,60.9,60.91,60.9,11015.0,2,-119.85,1.95,Hold
2025-05-20 21:59:00,0.198,60.9,60.91,60.9,11441.0,2,-119.85,1.95,Hold
2025-05-20 22:00:00,0.169,60.78,60.8,60.78,5876.0,2,-119.85,1.71,No trade
