,open,high,low,close,volume,bid,ask,trade_action,StrategyEarning,EarningDiff,signal_smooth,pred_signal,pred_action,Position,Cash,NetValue,Action,TradedAmount,BuyHoldEarning
2025-06-18 13:00:00,176.4388,176.8,175.62,176.55,13380.0,176.497,176.603,0,0.0,0.0,0.1258331898563501,,0,0,0.0,0.0,No trade,0,0.0
2025-06-18 13:01:00,175.87,176.58,175.82,175.82,791.0,175.7673,175.8727,0,0.0,0.0,0.1197763625050255,,0,0,0.0,0.0,No trade,0,0.0
2025-06-18 13:02:00,175.95,176.53,175.95,176.5,115.0,176.4471,176.5529,0,0.0,0.0,0.112730694122377,,0,0,0.0,0.0,No trade,0,0.0
2025-06-18 13:03:00,176.6,176.6,176.5,176.59,453.0,176.537,176.643,0,0.0,0.0,0.1076851545650725,,0,0,0.0,0.0,No trade,0,0.0
2025-06-18 13:04:00,176.59,176.59,176.52,176.58,33.0,176.527,176.633,0,0.0,0.0,0.1020175148511213,,0,0,0.0,0.0,No trade,0,0.0
2025-06-18 13:05:00,175.95,176.52,175.95,176.5,235.0,176.4471,176.5529,0,0.0,0.0,0.0969166391085653,,0,0,0.0,0.0,No trade,0,0.0
2025-06-18 13:06:00,176.526,176.67,176.44,176.44,1181.0,176.3871,176.4929,0,0.0,0.0,0.0940668090064925,,0,0,0.0,0.0,No trade,0,0.0
2025-06-18 13:07:00,176.59,176.6545,176.41,176.58,1391.0,176.527,176.633,0,0.0,0.0,0.0908071182921262,,0,0,0.0,0.0,No trade,0,0.0
2025-06-18 13:08:00,176.52,176.66,176.41,176.48,216.0,176.4271,176.5329,0,0.0,0.0,0.0891381077678792,,0,0,0.0,0.0,No trade,0,0.0
2025-06-18 13:09:00,176.6,176.7,176.58,176.6,2245.0,176.547,176.653,0,0.0,0.0,0.0876191296091141,,0,0,0.0,0.0,No trade,0,0.0
2025-06-18 13:10:00,176.59,176.59,176.56,176.56,233.0,176.507,176.613,0,0.0,0.0,0.0865378107392668,,0,0,0.0,0.0,No trade,0,0.0
2025-06-18 13:11:00,176.6,176.6,176.43,176.4515,344.0,176.3986,176.5044,0,0.0,0.0,0.0878874203228008,,0,0,0.0,0.0,No trade,0,0.0
2025-06-18 13:12:00,176.45,176.61,176.45,176.61,110.0,176.557,176.663,0,0.0,0.0,0.0897255523934457,,0,0,0.0,0.0,No trade,0,0.0
2025-06-18 13:13:00,176.55,176.61,176.52,176.56,1743.0,176.507,176.613,0,0.0,0.0,0.0914570074148303,,0,0,0.0,0.0,No trade,0,0.0
2025-06-18 13:14:00,176.6,176.6,176.45,176.4519,909.0,176.399,176.5048,0,0.0,0.0,0.0906981287956768,,0,0,0.0,0.0,No trade,0,0.0
2025-06-18 13:15:00,176.54,176.58,176.44,176.44,1990.0,176.3871,176.4929,0,0.0,0.0,0.0905184655814089,,0,0,0.0,0.0,No trade,0,0.0
2025-06-18 13:16:00,176.52,176.58,176.49,176.516,1642.0,176.463,176.569,0,0.0,0.0,0.093253714449563,,0,0,0.0,0.0,No trade,0,0.0
2025-06-18 13:17:00,176.58,176.6,176.44,176.45,628.0,176.3971,176.5029,0,0.0,0.0,0.0710664527943696,,0,0,0.0,0.0,No trade,0,0.0
2025-06-18 13:18:00,176.5721,176.5873,176.4401,176.57,45.0,176.517,176.623,0,0.0,0.0,0.0743382929372637,,0,0,0.0,0.0,No trade,0,0.0
2025-06-18 13:19:00,176.46,176.58,176.4517,176.49,268.0,176.4371,176.5429,0,0.0,0.0,0.0778132316044044,,0,0,0.0,0.0,No trade,0,0.0
2025-06-18 13:20:00,176.46,176.47,176.43,176.43,650.0,176.3771,176.4829,0,0.0,0.0,0.0803270117717585,,0,0,0.0,0.0,No trade,0,0.0
2025-06-18 13:21:00,176.33,176.5,176.33,176.45,250.0,176.3971,176.5029,0,0.0,0.0,0.0833286403376833,,0,0,0.0,0.0,No trade,0,0.0
2025-06-18 13:22:00,176.43,176.45,176.37,176.41,1477.0,176.3571,176.4629,0,0.0,0.0,0.0795795656025172,,0,0,0.0,0.0,No trade,0,0.0
2025-06-18 13:23:00,176.458,176.458,176.25,176.41,337.0,176.3571,176.4629,0,0.0,0.0,0.0832856031478526,,0,0,0.0,0.0,No trade,0,0.0
2025-06-18 13:24:00,176.33,176.3999,176.33,176.3999,58.0,176.347,176.4528,0,0.0,0.0,0.0891383590250418,,0,0,0.0,0.0,No trade,0,0.0
2025-06-18 13:25:00,176.33,176.4,176.23,176.32,35.0,176.2671,176.3729,0,0.0,0.0,0.0960922558151502,,0,0,0.0,0.0,No trade,0,0.0
2025-06-18 13:26:00,176.31,176.38,176.24,176.3,377.0,176.2471,176.3529,0,0.0,0.0,0.1020846561661328,,0,0,0.0,0.0,No trade,0,0.0
2025-06-18 13:27:00,176.38,176.38,176.3,176.3,650.0,176.2471,176.3529,0,0.0,0.0,0.10307831755995,,0,0,0.0,0.0,No trade,0,0.0
2025-06-18 13:28:00,176.3,176.39,176.2803,176.39,1459.0,176.3371,176.4429,0,0.0,0.0,0.1096992230163425,,0,0,0.0,0.0,No trade,0,0.0
2025-06-18 13:29:00,176.39,176.39,176.3,176.37,212.0,176.3171,176.4229,0,0.0,0.0,0.1142877745669805,,0,0,0.0,0.0,No trade,0,0.0
2025-06-18 13:30:00,176.39,176.39,176.25,176.29,753.0,176.2371,176.3429,0,0.0,0.0,0.1208585839637103,,0,0,0.0,0.0,No trade,0,0.0
2025-06-18 13:31:00,176.34,176.34,176.22,176.22,212.0,176.1671,176.2729,0,0.0,0.0,0.1260553392152109,,0,0,0.0,0.0,No trade,0,0.0
2025-06-18 13:32:00,176.2993,176.38,176.2,176.2,525.0,176.1471,176.2529,0,0.0,0.0,0.1336543279113633,,0,0,0.0,0.0,No trade,0,0.0
2025-06-18 13:33:00,176.28,176.32,176.21,176.32,1534.0,176.2671,176.3729,0,0.0,0.0,0.1425410240160037,,0,0,0.0,0.0,No trade,0,0.0
2025-06-18 13:34:00,176.32,176.35,176.29,176.3428,103.0,176.2899,176.3957,0,0.0,0.0,0.1502533392543083,,0,0,0.0,0.0,No trade,0,0.0
2025-06-18 13:35:00,176.34,176.35,176.212,176.212,188.0,176.1591,176.2649,0,0.0,0.0,0.1607012971047103,,0,0,0.0,0.0,No trade,0,0.0
2025-06-18 13:36:00,176.28,176.39,176.2507,176.38,1075.0,176.3271,176.4329,0,0.0,0.0,0.1690701077308641,,0,0,0.0,0.0,No trade,0,0.0
2025-06-18 13:37:00,176.31,176.39,176.21,176.2999,1090.0,176.247,176.3528,0,0.0,0.0,0.1746735012226242,,0,0,0.0,0.0,No trade,0,0.0
2025-06-18 13:38:00,176.21,176.3,176.08,176.08,866.0,176.0272,176.1328,0,0.0,0.0,0.1752462941941903,,0,0,0.0,0.0,No trade,0,0.0
2025-06-18 13:39:00,176.11,176.21,176.1,176.21,142.0,176.1571,176.2629,0,0.0,0.0,0.1761163419722999,,0,0,0.0,0.0,No trade,0,0.0
2025-06-18 13:40:00,176.16,176.2,176.16,176.19,153.0,176.1371,176.2429,0,0.0,0.0,0.1781978230180132,,0,0,0.0,0.0,No trade,0,0.0
2025-06-18 13:41:00,176.2,176.34,176.19,176.22,743.0,176.1671,176.2729,0,0.0,0.0,0.1794427369431792,,0,0,0.0,0.0,No trade,0,0.0
2025-06-18 13:42:00,176.26,176.375,176.24,176.24,239.0,176.1871,176.2929,0,0.0,0.0,0.1816639387019101,,0,0,0.0,0.0,No trade,0,0.0
2025-06-18 13:43:00,176.24,176.3145,176.21,176.3145,183.0,176.2616,176.3674,0,0.0,0.0,0.1833015601927934,,0,0,0.0,0.0,No trade,0,0.0
2025-06-18 13:44:00,176.24,176.29,176.21,176.22,263.0,176.1671,176.2729,0,0.0,0.0,0.1860669843346701,,0,0,0.0,0.0,No trade,0,0.0
2025-06-18 13:45:00,176.22,176.32,176.22,176.26,2625.0,176.2071,176.3129,0,0.0,0.0,0.1916330514843491,,0,0,0.0,0.0,No trade,0,0.0
2025-06-18 13:46:00,176.3057,176.32,176.21,176.21,164.0,176.1571,176.2629,0,0.0,0.0,0.1906208087121036,,0,0,0.0,0.0,No trade,0,0.0
2025-06-18 13:47:00,176.21,176.2185,176.13,176.14,2986.0,176.0872,176.1928,0,0.0,0.0,0.1926295618960911,,0,0,0.0,0.0,No trade,0,0.0
2025-06-18 13:48:00,176.19,176.2087,176.08,176.2087,894.0,176.1558,176.2616,0,0.0,0.0,0.1919893579428957,,0,0,0.0,0.0,No trade,0,0.0
2025-06-18 13:49:00,176.2072,176.2072,176.1,176.1143,18.0,176.0615,176.1671,0,0.0,0.0,0.1932850777691506,,0,0,0.0,0.0,No trade,0,0.0
2025-06-18 13:50:00,176.2,176.25,176.1448,176.1455,48.0,176.0927,176.1983,0,0.0,0.0,0.1945757179112463,,0,0,0.0,0.0,No trade,0,0.0
2025-06-18 13:51:00,176.18,176.2832,176.1507,176.26,912.0,176.2071,176.3129,0,0.0,0.0,0.191769558301399,,0,0,0.0,0.0,No trade,0,0.0
2025-06-18 13:52:00,176.24,176.4,176.24,176.4,1670.0,176.3471,176.4529,0,0.0,0.0,0.1943801237048011,,0,0,0.0,0.0,No trade,0,0.0
2025-06-18 13:53:00,176.3004,176.3899,176.3004,176.3899,151.0,176.337,176.4428,0,0.0,0.0,0.1939107971875595,,0,0,0.0,0.0,No trade,0,0.0
2025-06-18 13:54:00,176.3,176.39,176.3,176.34,57.0,176.2871,176.3929,0,0.0,0.0,0.1874928363967619,,0,0,0.0,0.0,No trade,0,0.0
2025-06-18 13:55:00,176.31,176.34,176.2591,176.3,593.0,176.2471,176.3529,0,0.0,0.0,0.1860280608801059,,0,0,0.0,0.0,No trade,0,0.0
2025-06-18 13:56:00,176.3,176.38,176.24,176.25,412.0,176.1971,176.3029,0,0.0,0.0,0.1831846400923744,,0,0,0.0,0.0,No trade,0,0.0
2025-06-18 13:57:00,176.13,176.29,176.13,176.27,139.0,176.2171,176.3229,0,0.0,0.0,0.1801936984553913,,0,0,0.0,0.0,No trade,0,0.0
2025-06-18 13:58:00,176.26,176.31,176.22,176.31,236.0,176.2571,176.3629,0,0.0,0.0,0.1829735403273092,,0,0,0.0,0.0,No trade,0,0.0
2025-06-18 13:59:00,176.1987,176.28,176.13,176.2,500.0,176.1471,176.2529,0,0.0,0.0,0.1867601878230426,,0,0,0.0,0.0,No trade,0,0.0
2025-06-18 14:00:00,176.22,176.35,176.22,176.35,1313.0,176.2971,176.4029,0,0.0,0.0,0.1869614207788738,,0,0,0.0,0.0,No trade,0,0.0
2025-06-18 14:01:00,176.3,176.3,175.95,176.19,600322.0,176.1371,176.2429,0,0.0,0.0,0.1863316611067611,,0,0,0.0,0.0,No trade,0,0.0
2025-06-18 14:02:00,176.19,176.35,176.13,176.26,358.0,176.2071,176.3129,0,0.0,0.0,0.184618515928805,,0,0,0.0,0.0,No trade,0,0.0
2025-06-18 14:03:00,176.26,176.32,176.26,176.3,154.0,176.2471,176.3529,0,0.0,0.0,0.1835458430445672,,0,0,0.0,0.0,No trade,0,0.0
2025-06-18 14:04:00,176.29,176.35,176.22,176.32,212.0,176.2671,176.3729,0,0.0,0.0,0.1807876921637503,,0,0,0.0,0.0,No trade,0,0.0
2025-06-18 14:05:00,176.35,176.38,176.31,176.34,262.0,176.2871,176.3929,0,0.0,0.0,0.1776422635541995,,0,0,0.0,0.0,No trade,0,0.0
2025-06-18 14:06:00,176.31,176.39,176.3,176.31,339.0,176.2571,176.3629,0,0.0,0.0,0.1740425248069963,,0,0,0.0,0.0,No trade,0,0.0
2025-06-18 14:07:00,176.36,176.36,176.26,176.34,191.0,176.2871,176.3929,0,0.0,0.0,0.1727230478357611,,0,0,0.0,0.0,No trade,0,0.0
2025-06-18 14:08:00,176.3478,176.3478,176.278,176.34,71.0,176.2871,176.3929,0,0.0,0.0,0.1757941204470174,,0,0,0.0,0.0,No trade,0,0.0
2025-06-18 14:09:00,176.34,176.39,176.294,176.294,1490.0,176.2411,176.3469,0,0.0,0.0,0.1748611781454221,,0,0,0.0,0.0,No trade,0,0.0
2025-06-18 14:10:00,176.39,176.39,176.3019,176.32,284.0,176.2671,176.3729,0,0.0,0.0,0.1738231831787528,,0,0,0.0,0.0,No trade,0,0.0
2025-06-18 14:11:00,176.35,176.39,176.31,176.35,1971.0,176.2971,176.4029,0,0.0,0.0,0.1781046108086429,,0,0,0.0,0.0,No trade,0,0.0
2025-06-18 14:12:00,176.38,176.38,176.1867,176.1867,869.0,176.1338,176.2396,0,0.0,0.0,0.1843622568645695,,0,0,0.0,0.0,No trade,0,0.0
2025-06-18 14:13:00,176.25,176.25,176.1515,176.22,95.0,176.1671,176.2729,0,0.0,0.0,0.1943552999541783,,0,0,0.0,0.0,No trade,0,0.0
2025-06-18 14:14:00,176.23,176.35,176.1924,176.25,1701.0,176.1971,176.3029,0,0.0,0.0,0.2083715141479763,,0,0,0.0,0.0,No trade,0,0.0
2025-06-18 14:15:00,176.17,176.3499,176.17,176.31,50.0,176.2571,176.3629,0,0.0,0.0,0.2163625702664977,,0,0,0.0,0.0,No trade,0,0.0
2025-06-18 14:16:00,176.25,176.34,176.145,176.3,243.0,176.2471,176.3529,0,0.0,0.0,0.2233102333999047,,0,0,0.0,0.0,No trade,0,0.0
2025-06-18 14:17:00,176.3,176.33,176.22,176.22,89.0,176.1671,176.2729,0,0.0,0.0,0.2293159431787174,,0,0,0.0,0.0,No trade,0,0.0
2025-06-18 14:18:00,176.3169,176.33,176.22,176.33,91.0,176.2771,176.3829,0,0.0,0.0,0.2514778548359137,,0,0,0.0,0.0,No trade,0,0.0
2025-06-18 14:19:00,176.26,176.35,176.22,176.26,198.0,176.2071,176.3129,0,0.0,0.0,0.270348491984767,,0,0,0.0,0.0,No trade,0,0.0
2025-06-18 14:20:00,176.25,176.33,176.23,176.3,193.0,176.2471,176.3529,0,0.0,0.0,0.2943973769987784,,0,0,0.0,0.0,No trade,0,0.0
2025-06-18 14:21:00,176.2274,176.33,176.2274,176.33,73.0,176.2771,176.3829,0,0.0,0.0,0.3102009007919737,,0,0,0.0,0.0,No trade,0,0.0
2025-06-18 14:22:00,176.32,176.34,176.24,176.32,3378.0,176.2671,176.3729,0,0.0,0.0,0.3291257029280373,,0,0,0.0,0.0,No trade,0,0.0
2025-06-18 14:23:00,176.33,176.44,176.31,176.43,4940.0,176.3771,176.4829,0,0.0,0.0,0.3390953749998636,,0,0,0.0,0.0,No trade,0,0.0
2025-06-18 14:24:00,176.42,176.48,176.33,176.39,3186.0,176.3371,176.4429,0,0.0,0.0,0.3558677649188026,,0,0,0.0,0.0,No trade,0,0.0
2025-06-18 14:25:00,176.35,176.37,176.05,176.1999,4207.0,176.147,176.2528,0,0.0,0.0,0.3789709818514205,,0,0,0.0,0.0,No trade,0,0.0
2025-06-18 14:26:00,176.14,176.32,175.9,176.1,10091.0,176.0472,176.1528,0,0.0,0.0,0.3989640992719874,,0,0,0.0,0.0,No trade,0,0.0
2025-06-18 14:27:00,176.17,176.3,175.93,176.01,8523.0,175.9572,176.0628,0,0.0,0.0,0.4103433612054181,,0,0,0.0,0.0,No trade,0,0.0
2025-06-18 14:28:00,176.0,176.03,175.85,175.93,4680.0,175.8772,175.9828,0,0.0,0.0,0.4221686717951528,,0,0,0.0,0.0,No trade,0,0.0
2025-06-18 14:29:00,175.88,176.03,175.85,176.01,3312.0,175.9572,176.0628,0,0.0,0.0,0.4317576445181471,,0,0,0.0,0.0,No trade,0,0.0
2025-06-18 14:30:00,176.01,176.5,175.98,176.17,463860.0,176.1171,176.2229,1,0.0,0.106,0.4382284703766729,0.07323657721281052,0,0,0.0,0.0,Hold,0,-0.106
2025-06-18 14:31:00,176.17,176.3094,175.96,176.06,80335.0,176.0072,176.1128,0,0.0,0.216,0.4387455812885052,0.0884886309504509,0,0,0.0,0.0,Hold,0,-0.216
2025-06-18 14:32:00,176.065,176.125,175.65,175.665,89731.0,175.6123,175.7177,0,0.0,0.611,0.4377985638318733,0.09852659702301025,0,0,0.0,0.0,Hold,0,-0.611
2025-06-18 14:33:00,175.6603,175.84,175.63,175.795,53230.0,175.7423,175.8477,0,0.0,0.481,0.4357450125812911,0.11368019878864288,0,0,0.0,0.0,Hold,0,-0.481
2025-06-18 14:34:00,175.78,175.78,175.5,175.64,89068.0,175.5873,175.6927,0,0.0,0.636,0.4465236901958031,0.12051364779472351,0,0,0.0,0.0,Hold,0,-0.636
2025-06-18 14:35:00,175.65,175.92,175.64,175.92,71697.0,175.8672,175.9728,0,0.0,0.356,0.4449905043557225,0.1323455423116684,0,0,0.0,0.0,Hold,0,-0.356
2025-06-18 14:36:00,175.915,175.97,175.6,175.81,70943.0,175.7573,175.8627,0,0.0,0.466,0.4416988495853606,0.1449953019618988,0,0,0.0,0.0,Hold,0,-0.466
2025-06-18 14:37:00,175.8,176.17,175.8,176.085,66641.0,176.0322,176.1378,0,0.0,0.191,0.4366698126218212,0.15623781085014343,0,0,0.0,0.0,Hold,0,-0.191
2025-06-18 14:38:00,176.09,176.11,175.88,175.9,52246.0,175.8472,175.9528,0,0.0,0.376,0.4351556640462594,0.16925697028636932,0,0,0.0,0.0,Hold,0,-0.376
2025-06-18 14:39:00,175.91,175.98,175.52,175.57,51780.0,175.5173,175.6227,0,0.0,0.706,0.4341709217451185,0.18161697685718536,0,0,0.0,0.0,Hold,0,-0.706
2025-06-18 14:40:00,175.54,175.8,175.49,175.8,64161.0,175.7473,175.8527,0,0.0,0.476,0.4419659280623321,0.19171452522277832,0,0,0.0,0.0,Hold,0,-0.476
2025-06-18 14:41:00,175.81,176.07,175.78,176.061,64447.0,176.0082,176.1138,0,0.0,0.215,0.4397199334890285,0.19880437850952148,0,0,0.0,0.0,Hold,0,-0.215
2025-06-18 14:42:00,176.07,176.1,175.82,175.91,77196.0,175.8572,175.9628,0,0.0,0.366,0.4345679216212963,0.20511533319950104,0,0,0.0,0.0,Hold,0,-0.366
2025-06-18 14:43:00,175.919,176.03,175.87,176.0,40928.0,175.9472,176.0528,0,0.0,0.276,0.4223055747150193,0.21036915481090546,0,0,0.0,0.0,Hold,0,-0.276
2025-06-18 14:44:00,176.01,176.18,175.9,176.11,66120.0,176.0572,176.1628,0,0.0,0.166,0.4124703663299846,0.21340247988700867,0,0,0.0,0.0,Hold,0,-0.166
2025-06-18 14:45:00,176.11,176.33,175.98,176.32,86982.0,176.2671,176.3729,0,0.0,-0.044,0.4019098469122103,0.21432624757289886,0,0,0.0,0.0,Hold,0,0.044
2025-06-18 14:46:00,176.3,176.44,176.25,176.35,109062.0,176.2971,176.4029,0,0.0,-0.074,0.4016765634894341,0.21411380171775818,0,0,0.0,0.0,Hold,0,0.074
2025-06-18 14:47:00,176.36,176.39,176.1808,176.31,89807.0,176.2571,176.3629,0,0.0,-0.034,0.4060447428924531,0.21501408517360687,0,0,0.0,0.0,Hold,0,0.034
2025-06-18 14:48:00,176.33,176.37,176.02,176.07,59008.0,176.0172,176.1228,0,0.0,0.206,0.3916260264552169,0.21669118106365204,0,0,0.0,0.0,Hold,0,-0.206
2025-06-18 14:49:00,176.06,176.34,176.06,176.3304,35010.0,176.2775,176.3833,0,0.0,-0.055,0.3772199279422225,0.21640074253082275,0,0,0.0,0.0,Hold,0,0.055
2025-06-18 14:50:00,176.33,176.435,176.24,176.41,33136.0,176.3571,176.4629,0,0.0,-0.134,0.3576002013463873,0.21279430389404297,0,0,0.0,0.0,Hold,0,0.134
2025-06-18 14:51:00,176.43,176.56,176.37,176.48,60449.0,176.4271,176.5329,0,0.0,-0.204,0.3481834754140708,0.2069140076637268,0,0,0.0,0.0,Hold,0,0.204
2025-06-18 14:52:00,176.485,176.49,176.292,176.31,39925.0,176.2571,176.3629,0,0.0,-0.034,0.3313422198335816,0.20170487463474274,0,0,0.0,0.0,Hold,0,0.034
2025-06-18 14:53:00,176.32,176.41,176.31,176.4,42377.0,176.3471,176.4529,0,0.0,-0.124,0.3200353852188781,0.19282403588294983,0,0,0.0,0.0,Hold,0,0.124
2025-06-18 14:54:00,176.41,176.44,176.06,176.115,79925.0,176.0622,176.1678,0,0.0,0.161,0.3068827122321422,0.18150219321250916,0,0,0.0,0.0,Hold,0,-0.161
2025-06-18 14:55:00,176.11,176.215,176.07,176.215,42840.0,176.1621,176.2679,0,0.0,0.061,0.2863486589385589,0.16938543319702148,0,0,0.0,0.0,Hold,0,-0.061
2025-06-18 14:56:00,176.22,176.25,176.1335,176.2,32181.0,176.1471,176.2529,0,0.0,0.076,0.2674487262200132,0.1553763449192047,0,0,0.0,0.0,Hold,0,-0.076
2025-06-18 14:57:00,176.2,176.33,176.1899,176.31,51592.0,176.2571,176.3629,0,0.0,-0.034,0.2577372978050364,0.14452388882637024,0,0,0.0,0.0,Hold,0,0.034
2025-06-18 14:58:00,176.345,176.38,176.15,176.165,54840.0,176.1122,176.2178,0,0.0,0.111,0.2365112398869913,0.13781531155109406,0,0,0.0,0.0,Hold,0,-0.111
2025-06-18 14:59:00,176.17,176.31,176.13,176.26,47111.0,176.2071,176.3129,0,0.0,0.016,0.2185470681176255,0.13292084634304047,0,0,0.0,0.0,Hold,0,-0.016
2025-06-18 15:00:00,176.255,176.34,176.1,176.13,35453.0,176.0772,176.1828,0,0.0,0.146,0.2046302754189174,0.1264907419681549,0,0,0.0,0.0,Hold,0,-0.146
2025-06-18 15:01:00,176.11,176.15,175.89,175.9,51192.0,175.8472,175.9528,0,0.0,0.376,0.1985820371865252,0.12291735410690308,0,0,0.0,0.0,Hold,0,-0.376
2025-06-18 15:02:00,175.91,176.045,175.86,176.03,61067.0,175.9772,176.0828,0,0.0,0.246,0.1957753543091239,0.12101183831691742,0,0,0.0,0.0,Hold,0,-0.246
2025-06-18 15:03:00,176.03,176.2,176.03,176.152,58510.0,176.0992,176.2048,0,0.0,0.124,0.1919218462343444,0.12209950387477875,0,0,0.0,0.0,Hold,0,-0.124
2025-06-18 15:04:00,176.1401,176.26,176.1,176.17,55659.0,176.1171,176.2229,0,0.0,0.106,0.1776799384327064,0.1249796599149704,0,0,0.0,0.0,Hold,0,-0.106
2025-06-18 15:05:00,176.16,176.22,176.05,176.135,52476.0,176.0822,176.1878,0,0.0,0.141,0.1745744306034745,0.12926974892616272,0,0,0.0,0.0,Hold,0,-0.141
2025-06-18 15:06:00,176.13,176.23,175.96,176.225,77252.0,176.1721,176.2779,0,0.0,0.051,0.1718613399293848,0.13369500637054443,0,0,0.0,0.0,Hold,0,-0.051
2025-06-18 15:07:00,176.21,176.37,176.19,176.34,78625.0,176.2871,176.3929,0,0.0,-0.064,0.1780900964403171,0.1385275274515152,0,0,0.0,0.0,Hold,0,0.064
2025-06-18 15:08:00,176.2796,176.29,176.19,176.21,58971.0,176.1571,176.2629,0,0.0,0.066,0.1841843979220405,0.14553122222423553,0,0,0.0,0.0,Hold,0,-0.066
2025-06-18 15:09:00,176.22,176.24,176.14,176.2,81216.0,176.1471,176.2529,0,0.0,0.076,0.1956892573441665,0.15058580040931702,0,0,0.0,0.0,Hold,0,-0.076
2025-06-18 15:10:00,176.195,176.29,176.16,176.26,34346.0,176.2071,176.3129,0,0.0,0.016,0.2035481307965831,0.15293362736701965,0,0,0.0,0.0,Hold,0,-0.016
2025-06-18 15:11:00,176.27,176.31,176.24,176.27,40217.0,176.2171,176.3229,0,0.0,0.006,0.2184184295344395,0.15364080667495728,0,0,0.0,0.0,Hold,0,-0.006
2025-06-18 15:12:00,176.27,176.425,176.27,176.42,78830.0,176.3671,176.4729,0,0.0,-0.144,0.2218874165994172,0.15331025421619415,0,0,0.0,0.0,Hold,0,0.144
2025-06-18 15:13:00,176.42,176.445,176.19,176.2299,96203.0,176.177,176.2828,0,0.0,0.046,0.236068274314297,0.15478558838367462,0,0,0.0,0.0,Hold,0,-0.046
2025-06-18 15:14:00,176.23,176.31,176.125,176.15,71020.0,176.0972,176.2028,0,0.0,0.126,0.2429072066538213,0.15515604615211487,0,0,0.0,0.0,Hold,0,-0.126
2025-06-18 15:15:00,176.13,176.25,176.09,176.177,41760.0,176.1241,176.2299,0,0.0,0.099,0.2510905716045962,0.14795097708702087,0,0,0.0,0.0,Hold,0,-0.099
2025-06-18 15:16:00,176.18,176.19,175.98,176.0,42129.0,175.9472,176.0528,0,0.0,0.276,0.2588753464120069,0.1378234624862671,0,0,0.0,0.0,Hold,0,-0.276
2025-06-18 15:17:00,176.0098,176.06,175.94,175.97,30440.0,175.9172,176.0228,0,0.0,0.306,0.2511949163704656,0.12939906120300293,0,0,0.0,0.0,Hold,0,-0.306
2025-06-18 15:18:00,175.97,176.06,175.91,176.04,57826.0,175.9872,176.0928,0,0.0,0.236,0.246498396817672,0.12350216507911682,0,0,0.0,0.0,Hold,0,-0.236
2025-06-18 15:19:00,176.05,176.09,175.97,175.97,95211.0,175.9172,176.0228,0,0.0,0.306,0.2447019034075141,0.12186245620250702,0,0,0.0,0.0,Hold,0,-0.306
2025-06-18 15:20:00,175.97,176.17,175.97,176.14,39250.0,176.0872,176.1928,0,0.0,0.136,0.2443183956415669,0.12301251292228699,0,0,0.0,0.0,Hold,0,-0.136
2025-06-18 15:21:00,176.15,176.15,175.7596,175.7596,55922.0,175.7069,175.8123,0,0.0,0.516,0.2449629458660543,0.12632401287555695,0,0,0.0,0.0,Hold,0,-0.516
2025-06-18 15:22:00,175.7501,175.77,175.52,175.54,66047.0,175.4873,175.5927,0,0.0,0.736,0.2484672677063743,0.13452313840389252,0,0,0.0,0.0,Hold,0,-0.736
2025-06-18 15:23:00,175.5475,175.56,175.36,175.44,70985.0,175.3874,175.4926,0,0.0,0.835,0.255082935133468,0.14733360707759857,0,0,0.0,0.0,Hold,0,-0.835
2025-06-18 15:24:00,175.445,175.455,175.23,175.2563,85691.0,175.2037,175.3089,0,0.0,1.019,0.2553035265138984,0.16634637117385864,0,0,0.0,0.0,Hold,0,-1.019
2025-06-18 15:25:00,175.26,175.26,175.1,175.16,95090.0,175.1075,175.2125,0,0.0,1.115,0.2572777311192964,0.1970728039741516,0,0,0.0,0.0,Hold,0,-1.115
2025-06-18 15:26:00,175.14,175.47,175.14,175.47,93524.0,175.4174,175.5226,0,0.0,0.806,0.264020440972315,0.22471848130226135,0,0,0.0,0.0,Hold,0,-0.806
2025-06-18 15:27:00,175.4896,175.57,175.25,175.28,68772.0,175.2274,175.3326,0,0.0,0.996,0.2727156073304554,0.23822897672653198,0,0,0.0,0.0,Hold,0,-0.996
2025-06-18 15:28:00,175.28,175.39,175.155,175.34,66761.0,175.2874,175.3926,0,0.0,0.936,0.2826149684303148,0.2481299638748169,0,0,0.0,0.0,Hold,0,-0.936
2025-06-18 15:29:00,175.335,175.445,175.31,175.4,51744.0,175.3474,175.4526,0,0.0,0.876,0.2913437921322927,0.25933176279067993,0,0,0.0,0.0,Hold,0,-0.876
2025-06-18 15:30:00,175.4,175.51,175.27,175.2802,82113.0,175.2276,175.3328,0,0.0,0.995,0.3011539858929122,0.2599312663078308,0,0,0.0,0.0,Hold,0,-0.995
2025-06-18 15:31:00,175.29,175.545,175.29,175.48,40694.0,175.4274,175.5326,0,0.0,0.796,0.3076004954523413,0.2633567452430725,0,0,0.0,0.0,Hold,0,-0.796
2025-06-18 15:32:00,175.51,175.59,175.36,175.581,62093.0,175.5283,175.6337,0,0.0,0.695,0.3134716039907889,0.259027361869812,0,0,0.0,0.0,Hold,0,-0.695
2025-06-18 15:33:00,175.56,175.68,175.56,175.6717,53615.0,175.619,175.7244,0,0.0,0.604,0.317728589616463,0.2582619786262512,0,0,0.0,0.0,Hold,0,-0.604
2025-06-18 15:34:00,175.68,175.7,175.58,175.63,57356.0,175.5773,175.6827,0,0.0,0.646,0.3227815915210478,0.2587999701499939,0,0,0.0,0.0,Hold,0,-0.646
2025-06-18 15:35:00,175.64,175.66,175.46,175.4999,56018.0,175.4473,175.5525,0,0.0,0.776,0.3284353947940404,0.26019537448883057,0,0,0.0,0.0,Hold,0,-0.776
2025-06-18 15:36:00,175.49,175.5916,175.44,175.53,50198.0,175.4773,175.5827,0,0.0,0.746,0.3361531959092682,0.2638787627220154,0,0,0.0,0.0,Hold,0,-0.746
2025-06-18 15:37:00,175.52,175.61,175.51,175.6,48682.0,175.5473,175.6527,0,0.0,0.676,0.3392752065535277,0.2687816023826599,0,0,0.0,0.0,Hold,0,-0.676
2025-06-18 15:38:00,175.615,175.73,175.6,175.68,54903.0,175.6273,175.7327,0,0.0,0.596,0.3383343096479386,0.26827168464660645,0,0,0.0,0.0,Hold,0,-0.596
2025-06-18 15:39:00,175.685,175.72,175.5639,175.5639,36959.0,175.5112,175.6166,0,0.0,0.712,0.3355933709967165,0.26169097423553467,0,0,0.0,0.0,Hold,0,-0.712
2025-06-18 15:40:00,175.57,175.63,175.4501,175.4501,58037.0,175.3975,175.5027,0,0.0,0.825,0.3289746119790279,0.25591564178466797,0,0,0.0,0.0,Hold,0,-0.825
2025-06-18 15:41:00,175.45,175.53,175.32,175.41,56574.0,175.3574,175.4626,0,0.0,0.865,0.3181312010120868,0.2553609013557434,0,0,0.0,0.0,Hold,0,-0.865
2025-06-18 15:42:00,175.41,175.6022,175.4099,175.6,32421.0,175.5473,175.6527,0,0.0,0.676,0.3202993571071614,0.26427075266838074,0,0,0.0,0.0,Hold,0,-0.676
2025-06-18 15:43:00,175.6034,175.74,175.55,175.665,55622.0,175.6123,175.7177,0,0.0,0.611,0.3140417682664129,0.2650657594203949,0,0,0.0,0.0,Hold,0,-0.611
2025-06-18 15:44:00,175.669,175.71,175.55,175.61,59720.0,175.5573,175.6627,0,0.0,0.666,0.3078579477941488,0.2576846480369568,0,0,0.0,0.0,Hold,0,-0.666
2025-06-18 15:45:00,175.59,175.795,175.5546,175.79,55808.0,175.7373,175.8427,0,0.0,0.486,0.3043069481154653,0.2517262399196625,0,0,0.0,0.0,Hold,0,-0.486
2025-06-18 15:46:00,175.78,175.84,175.68,175.71,64831.0,175.6573,175.7627,0,0.0,0.566,0.2953869496711364,0.24667270481586456,0,0,0.0,0.0,Hold,0,-0.566
2025-06-18 15:47:00,175.7,175.8008,175.7,175.77,32191.0,175.7173,175.8227,0,0.0,0.506,0.2952953398334222,0.2438981980085373,0,0,0.0,0.0,Hold,0,-0.506
2025-06-18 15:48:00,175.7714,175.855,175.73,175.79,70789.0,175.7373,175.8427,0,0.0,0.486,0.2977202329307772,0.244685098528862,0,0,0.0,0.0,Hold,0,-0.486
2025-06-18 15:49:00,175.795,175.795,175.66,175.7,75006.0,175.6473,175.7527,0,0.0,0.576,0.3013619165389513,0.2438553273677826,0,0,0.0,0.0,Hold,0,-0.576
2025-06-18 15:50:00,175.71,175.7828,175.62,175.733,56514.0,175.6803,175.7857,0,0.0,0.543,0.3044528290202891,0.24301156401634216,0,0,0.0,0.0,Hold,0,-0.543
2025-06-18 15:51:00,175.74,175.74,175.605,175.6514,29821.0,175.5987,175.7041,0,0.0,0.624,0.3051373652421837,0.2432871162891388,0,0,0.0,0.0,Hold,0,-0.624
2025-06-18 15:52:00,175.66,175.765,175.63,175.6701,35378.0,175.6174,175.7228,0,0.0,0.606,0.3097404349004054,0.2431371659040451,0,0,0.0,0.0,Hold,0,-0.606
2025-06-18 15:53:00,175.7,175.73,175.585,175.65,77614.0,175.5973,175.7027,0,0.0,0.626,0.3163825336739923,0.24249263107776642,0,0,0.0,0.0,Hold,0,-0.626
2025-06-18 15:54:00,175.65,175.65,175.5,175.52,57867.0,175.4673,175.5727,0,0.0,0.756,0.3245225812936537,0.24498198926448822,0,0,0.0,0.0,Hold,0,-0.756
2025-06-18 15:55:00,175.5,175.63,175.4918,175.56,74332.0,175.5073,175.6127,0,0.0,0.716,0.3293914220134741,0.2546617090702057,0,0,0.0,0.0,Hold,0,-0.716
2025-06-18 15:56:00,175.555,175.56,175.38,175.4537,48124.0,175.4011,175.5063,0,0.0,0.822,0.3319473904732099,0.2636409401893616,0,0,0.0,0.0,Hold,0,-0.822
2025-06-18 15:57:00,175.4547,175.56,175.4,175.539,32369.0,175.4863,175.5917,0,0.0,0.737,0.3319054689730135,0.2755003571510315,0,0,0.0,0.0,Hold,0,-0.737
2025-06-18 15:58:00,175.54,175.655,175.52,175.6399,34100.0,175.5872,175.6926,0,0.0,0.636,0.3367626425160321,0.2804166078567505,0,0,0.0,0.0,Hold,0,-0.636
2025-06-18 15:59:00,175.64,175.685,175.59,175.615,44514.0,175.5623,175.6677,0,0.0,0.661,0.3428643208946421,0.2754586935043335,0,0,0.0,0.0,Hold,0,-0.661
2025-06-18 16:00:00,175.61,175.7,175.535,175.665,53350.0,175.6123,175.7177,0,0.0,0.611,0.3486165338986577,0.26830029487609863,0,0,0.0,0.0,Hold,0,-0.611
2025-06-18 16:01:00,175.66,175.67,175.54,175.575,32548.0,175.5223,175.6277,0,0.0,0.701,0.3589118755736022,0.25511378049850464,0,0,0.0,0.0,Hold,0,-0.701
2025-06-18 16:02:00,175.58,175.59,175.53,175.54,16735.0,175.4873,175.5927,0,0.0,0.736,0.3682878732439326,0.25158631801605225,0,0,0.0,0.0,Hold,0,-0.736
2025-06-18 16:03:00,175.53,175.56,175.48,175.56,25176.0,175.5073,175.6127,0,0.0,0.716,0.380528681715964,0.24783270061016083,0,0,0.0,0.0,Hold,0,-0.716
2025-06-18 16:04:00,175.55,175.62,175.535,175.5514,21533.0,175.4987,175.6041,0,0.0,0.724,0.3919858928655726,0.24899360537528992,0,0,0.0,0.0,Hold,0,-0.724
2025-06-18 16:05:00,175.55,175.565,175.46,175.555,24748.0,175.5023,175.6077,0,0.0,0.721,0.4014315154474316,0.2451607584953308,0,0,0.0,0.0,Hold,0,-0.721
2025-06-18 16:06:00,175.54,175.56,175.38,175.395,36695.0,175.3424,175.4476,0,0.0,0.881,0.4122345722759704,0.24445709586143494,0,0,0.0,0.0,Hold,0,-0.881
2025-06-18 16:07:00,175.395,175.395,175.305,175.36,27828.0,175.3074,175.4126,0,0.0,0.916,0.4242214544899386,0.24851250648498535,0,0,0.0,0.0,Hold,0,-0.916
2025-06-18 16:08:00,175.365,175.4128,175.35,175.36,20223.0,175.3074,175.4126,0,0.0,0.916,0.4376097410593564,0.25515976548194885,0,0,0.0,0.0,Hold,0,-0.916
2025-06-18 16:09:00,175.36,175.42,175.32,175.415,34895.0,175.3624,175.4676,0,0.0,0.861,0.4487723552103675,0.25603970885276794,0,0,0.0,0.0,Hold,0,-0.861
2025-06-18 16:10:00,175.4088,175.4669,175.4,175.41,20302.0,175.3574,175.4626,0,0.0,0.865,0.4601777514602062,0.2522343397140503,0,0,0.0,0.0,Hold,0,-0.865
2025-06-18 16:11:00,175.41,175.4699,175.351,175.46,26907.0,175.4074,175.5126,0,0.0,0.816,0.4735955245399312,0.24559232592582703,0,0,0.0,0.0,Hold,0,-0.816
2025-06-18 16:12:00,175.45,175.51,175.4,175.45,42086.0,175.3974,175.5026,0,0.0,0.826,0.4836756855893666,0.24143828451633453,0,0,0.0,0.0,Hold,0,-0.826
2025-06-18 16:13:00,175.46,175.48,175.41,175.45,22253.0,175.3974,175.5026,0,0.0,0.826,0.494583382818534,0.23518726229667664,0,0,0.0,0.0,Hold,0,-0.826
2025-06-18 16:14:00,175.435,175.47,175.4,175.42,16779.0,175.3674,175.4726,0,0.0,0.856,0.5093504468982278,0.2340725213289261,0,0,0.0,0.0,Hold,0,-0.856
2025-06-18 16:15:00,175.44,175.5,175.36,175.37,22606.0,175.3174,175.4226,0,0.0,0.906,0.5213225855528809,0.2300117313861847,0,0,0.0,0.0,Hold,0,-0.906
2025-06-18 16:16:00,175.37,175.41,175.34,175.345,16182.0,175.2924,175.3976,0,0.0,0.931,0.5326005020643235,0.22772406041622162,0,0,0.0,0.0,Hold,0,-0.931
2025-06-18 16:17:00,175.343,175.365,175.26,175.27,35603.0,175.2174,175.3226,0,0.0,1.006,0.5388600568700121,0.2329288125038147,0,0,0.0,0.0,Hold,0,-1.006
2025-06-18 16:18:00,175.26,175.33,175.26,175.325,18685.0,175.2724,175.3776,0,0.0,0.951,0.5446683336790434,0.23934078216552734,0,0,0.0,0.0,Hold,0,-0.951
2025-06-18 16:19:00,175.315,175.35,175.29,175.3396,20960.0,175.287,175.3922,0,0.0,0.936,0.5528489060190568,0.23843157291412354,0,0,0.0,0.0,Hold,0,-0.936
2025-06-18 16:20:00,175.355,175.375,175.28,175.31,40546.0,175.2574,175.3626,0,0.0,0.966,0.5606489335089917,0.23278316855430603,0,0,0.0,0.0,Hold,0,-0.966
2025-06-18 16:21:00,175.31,175.31,175.17,175.19,74771.0,175.1374,175.2426,0,0.0,1.085,0.5696103526608832,0.22847574949264526,0,0,0.0,0.0,Hold,0,-1.085
2025-06-18 16:22:00,175.18,175.18,175.07,175.1473,76052.0,175.0948,175.1998,0,0.0,1.128,0.5752961172766256,0.23671124875545502,0,0,0.0,0.0,Hold,0,-1.128
2025-06-18 16:23:00,175.15,175.24,175.13,175.23,37746.0,175.1774,175.2826,0,0.0,1.046,0.579900754003603,0.252294659614563,0,0,0.0,0.0,Hold,0,-1.046
2025-06-18 16:24:00,175.24,175.25,175.1,175.11,36140.0,175.0575,175.1625,0,0.0,1.165,0.5842417953010283,0.26083505153656006,0,0,0.0,0.0,Hold,0,-1.165
2025-06-18 16:25:00,175.115,175.16,175.045,175.06,38335.0,175.0075,175.1125,0,0.0,1.215,0.586839627842694,0.2673177421092987,0,0,0.0,0.0,Hold,0,-1.215
2025-06-18 16:26:00,175.0699,175.12,175.0375,175.1148,35268.0,175.0623,175.1673,0,0.0,1.161,0.587346110109046,0.2845008671283722,0,0,0.0,0.0,Hold,0,-1.161
2025-06-18 16:27:00,175.115,175.25,175.115,175.155,42703.0,175.1025,175.2075,0,0.0,1.12,0.5894364981361311,0.2980429530143738,0,0,0.0,0.0,Hold,0,-1.12
2025-06-18 16:28:00,175.15,175.1572,175.07,175.08,45872.0,175.0275,175.1325,0,-0.105,1.09,0.5939676916518671,0.30138176679611206,1,1,-175.132,-0.105,Buy,1,-1.195
2025-06-18 16:29:00,175.075,175.18,175.0501,175.18,45975.0,175.1274,175.2326,0,-0.005,1.0910000000000002,0.6025758531999905,0.30396175384521484,0,1,-175.132,-0.005,Hold,0,-1.096
2025-06-18 16:30:00,175.185,175.27,175.1701,175.2548,35347.0,175.2022,175.3074,0,0.07,1.091,0.6117155717396744,0.3049168586730957,0,1,-175.132,0.07,Hold,0,-1.021
2025-06-18 16:31:00,175.2687,175.39,175.26,175.39,37472.0,175.3374,175.4426,0,0.205,1.091,0.6166004459827885,0.29962849617004395,0,1,-175.132,0.205,Hold,0,-0.886
2025-06-18 16:32:00,175.385,175.43,175.36,175.38,40083.0,175.3274,175.4326,0,0.195,1.09,0.621856598132163,0.2899366021156311,0,1,-175.132,0.195,Hold,0,-0.895
2025-06-18 16:33:00,175.3703,175.375,175.27,175.3,37754.0,175.2474,175.3526,0,0.115,1.091,0.6252118262393741,0.2830914258956909,0,1,-175.132,0.115,Hold,0,-0.976
2025-06-18 16:34:00,175.29,175.3454,175.25,175.31,13887.0,175.2574,175.3626,0,0.125,1.091,0.6308529868670324,0.28278976678848267,0,1,-175.132,0.125,Hold,0,-0.966
2025-06-18 16:35:00,175.3129,175.35,175.245,175.267,50594.0,175.2144,175.3196,0,0.082,1.09,0.6368505408541291,0.2824256420135498,0,1,-175.132,0.082,Hold,0,-1.008
2025-06-18 16:36:00,175.265,175.295,175.215,175.265,41185.0,175.2124,175.3176,0,0.08,1.091,0.6408975165552964,0.2734972834587097,0,1,-175.132,0.08,Hold,0,-1.011
2025-06-18 16:37:00,175.26,175.28,175.18,175.28,39823.0,175.2274,175.3326,0,0.095,1.091,0.6422408225679668,0.2587292492389679,0,1,-175.132,0.095,Hold,0,-0.996
2025-06-18 16:38:00,175.2875,175.31,175.26,175.2916,23552.0,175.239,175.3442,0,0.107,1.091,0.6420866213477887,0.25340333580970764,0,1,-175.132,0.107,Hold,0,-0.984
2025-06-18 16:39:00,175.295,175.425,175.21,175.41,106765.0,175.3574,175.4626,0,0.225,1.09,0.6432843526264775,0.25398194789886475,0,1,-175.132,0.225,Hold,0,-0.865
2025-06-18 16:40:00,175.3936,175.49,175.335,175.49,48127.0,175.4374,175.5426,0,0.305,1.091,0.6415998148022469,0.2515161633491516,0,1,-175.132,0.305,Hold,0,-0.786
2025-06-18 16:41:00,175.475,175.52,175.4562,175.47,22896.0,175.4174,175.5226,0,0.285,1.091,0.6392870432632987,0.24961967766284943,0,1,-175.132,0.285,Hold,0,-0.806
2025-06-18 16:42:00,175.47,175.4724,175.34,175.365,18564.0,175.3124,175.4176,0,0.18,1.091,0.6407664279334531,0.2497570514678955,0,1,-175.132,0.18,Hold,0,-0.911
2025-06-18 16:43:00,175.35,175.35,175.2,175.205,25722.0,175.1524,175.2576,0,0.02,1.091,0.6450007733520134,0.24339786171913147,0,1,-175.132,0.02,Hold,0,-1.071
2025-06-18 16:44:00,175.205,175.21,175.12,175.16,31945.0,175.1075,175.2125,0,-0.025,1.09,0.6485857343244976,0.23739174008369446,0,1,-175.132,-0.025,Hold,0,-1.115
2025-06-18 16:45:00,175.16,175.32,175.15,175.285,32501.0,175.2324,175.3376,0,0.1,1.09,0.6541395239005691,0.24370628595352173,0,1,-175.132,0.1,Hold,0,-0.99
2025-06-18 16:46:00,175.25,175.28,175.22,175.25,23022.0,175.1974,175.3026,0,0.065,1.091,0.6623344541116283,0.2519878149032593,0,1,-175.132,0.065,Hold,0,-1.026
2025-06-18 16:47:00,175.235,175.26,175.19,175.26,19766.0,175.2074,175.3126,0,0.075,1.091,0.6736485218440259,0.2543953061103821,0,1,-175.132,0.075,Hold,0,-1.016
2025-06-18 16:48:00,175.26,175.275,175.16,175.22,32400.0,175.1674,175.2726,0,0.035,1.091,0.6793431339490511,0.26088976860046387,0,1,-175.132,0.035,Hold,0,-1.056
2025-06-18 16:49:00,175.19,175.26,175.19,175.22,17779.0,175.1674,175.2726,0,0.035,1.091,0.6775400209798993,0.2748405337333679,0,1,-175.132,0.035,Hold,0,-1.056
2025-06-18 16:50:00,175.21,175.31,175.18,175.27,17497.0,175.2174,175.3226,0,0.085,1.091,0.6797696053353625,0.2822432518005371,0,1,-175.132,0.085,Hold,0,-1.006
2025-06-18 16:51:00,175.2799,175.3,175.245,175.27,20534.0,175.2174,175.3226,0,0.085,1.091,0.6839334825789343,0.30375608801841736,0,1,-175.132,0.085,Hold,0,-1.006
2025-06-18 16:52:00,175.285,175.31,175.2728,175.29,18535.0,175.2374,175.3426,0,0.105,1.091,0.6911962946456633,0.31386590003967285,0,1,-175.132,0.105,Hold,0,-0.986
2025-06-18 16:53:00,175.29,175.3364,175.28,175.3104,22797.0,175.2578,175.363,0,0.125,1.0899999999999999,0.6980072723721472,0.31384265422821045,0,1,-175.132,0.125,Hold,0,-0.965
2025-06-18 16:54:00,175.305,175.335,175.26,175.315,15287.0,175.2624,175.3676,0,0.13,1.0899999999999999,0.7009756877361756,0.3085978925228119,0,1,-175.132,0.13,Hold,0,-0.96
2025-06-18 16:55:00,175.31,175.35,175.27,175.295,19713.0,175.2424,175.3476,0,0.11,1.091,0.7070440087668411,0.3038511276245117,0,1,-175.132,0.11,Hold,0,-0.981
2025-06-18 16:56:00,175.29,175.29,175.2,175.2015,15293.0,175.1489,175.2541,0,0.016,1.09,0.7148496797769066,0.2984628677368164,0,1,-175.132,0.016,Hold,0,-1.074
2025-06-18 16:57:00,175.21,175.235,175.13,175.135,33516.0,175.0825,175.1875,0,-0.05,1.0899999999999999,0.7224463155363772,0.29753378033638,-1,0,-0.05,-0.05,Sell,-1,-1.14
2025-06-18 16:58:00,175.1413,175.15,175.095,175.095,20787.0,175.0425,175.1475,0,-0.155,1.025,0.7245424755065893,0.3064093589782715,1,1,-175.198,-0.155,Buy,1,-1.18
2025-06-18 16:59:00,175.1,175.155,175.0914,175.11,15503.0,175.0575,175.1625,0,-0.14,1.025,0.72288928548398,0.32079434394836426,0,1,-175.198,-0.14,Hold,0,-1.165
2025-06-18 17:00:00,175.1,175.54,174.88,174.9546,350685.0,174.9021,175.0071,0,-0.295,1.026,0.7215700799935013,0.33409205079078674,0,1,-175.198,-0.295,Hold,0,-1.321
2025-06-18 17:01:00,174.98,175.11,174.924,175.085,84947.0,175.0325,175.1375,0,-0.165,1.025,0.7246239891678457,0.3242485225200653,0,1,-175.198,-0.165,Hold,0,-1.19
2025-06-18 17:02:00,175.07,175.3,175.07,175.2801,37176.0,175.2275,175.3327,0,0.03,1.025,0.7309646536845767,0.33142346143722534,0,1,-175.198,0.03,Hold,0,-0.995
2025-06-18 17:03:00,175.29,175.5,175.27,175.48,183458.0,175.4274,175.5326,0,0.23,1.026,0.7364064359884882,0.33065900206565857,0,1,-175.198,0.23,Hold,0,-0.796
2025-06-18 17:04:00,175.5,175.61,175.33,175.345,92634.0,175.2924,175.3976,0,0.095,1.026,0.7381196138345752,0.2982082962989807,0,1,-175.198,0.095,Hold,0,-0.931
2025-06-18 17:05:00,175.345,175.39,175.15,175.24,68522.0,175.1874,175.2926,0,-0.01,1.026,0.7409031532119876,0.30914539098739624,0,1,-175.198,-0.01,Hold,0,-1.036
2025-06-18 17:06:00,175.2373,175.2373,175.1,175.13,42573.0,175.0775,175.1825,0,-0.12,1.025,0.7415157012860801,0.31620287895202637,0,1,-175.198,-0.12,Hold,0,-1.145
2025-06-18 17:07:00,175.1198,175.16,174.99,175.16,72304.0,175.1075,175.2125,0,-0.09,1.025,0.7424254761677946,0.3171863257884979,0,1,-175.198,-0.09,Hold,0,-1.115
2025-06-18 17:08:00,175.14,175.32,175.11,175.305,29208.0,175.2524,175.3576,0,0.055,1.026,0.7407904311652771,0.31000274419784546,0,1,-175.198,0.055,Hold,0,-0.971
2025-06-18 17:09:00,175.31,175.35,175.28,175.3,17273.0,175.2474,175.3526,0,0.05,1.026,0.7392294672513516,0.3085592985153198,0,1,-175.198,0.05,Hold,0,-0.976
2025-06-18 17:10:00,175.3018,175.355,175.3,175.31,34745.0,175.2574,175.3626,0,0.06,1.026,0.7345178697792362,0.3068910241127014,0,1,-175.198,0.06,Hold,0,-0.966
2025-06-18 17:11:00,175.305,175.3848,175.26,175.3013,56457.0,175.2487,175.3539,0,0.051,1.025,0.7304949472292948,0.2997764050960541,0,1,-175.198,0.051,Hold,0,-0.974
2025-06-18 17:12:00,175.3,175.4,175.29,175.4,25245.0,175.3474,175.4526,0,0.15,1.026,0.7226668615341242,0.2845827341079712,0,1,-175.198,0.15,Hold,0,-0.876
2025-06-18 17:13:00,175.4,175.4569,175.385,175.39,18191.0,175.3374,175.4426,0,0.14,1.026,0.7172548594082246,0.278319776058197,0,1,-175.198,0.14,Hold,0,-0.886
2025-06-18 17:14:00,175.4,175.423,175.33,175.3397,15791.0,175.2871,175.3923,0,0.09,1.026,0.7124685250090331,0.2773512303829193,0,1,-175.198,0.09,Hold,0,-0.936
2025-06-18 17:15:00,175.33,175.34,175.28,175.3,20101.0,175.2474,175.3526,0,0.05,1.026,0.7080699417308678,0.27181726694107056,0,1,-175.198,0.05,Hold,0,-0.976
2025-06-18 17:16:00,175.3,175.328,175.13,175.16,49933.0,175.1075,175.2125,0,-0.09,1.025,0.7004082192562964,0.2559422552585602,0,1,-175.198,-0.09,Hold,0,-1.115
2025-06-18 17:17:00,175.14,175.23,175.14,175.2,13701.0,175.1474,175.2526,0,-0.05,1.026,0.6920510644034771,0.24695105850696564,0,1,-175.198,-0.05,Hold,0,-1.076
2025-06-18 17:18:00,175.2,175.303,175.2,175.29,14945.0,175.2374,175.3426,0,0.04,1.026,0.6887646182983024,0.25905609130859375,0,1,-175.198,0.04,Hold,0,-0.986
2025-06-18 17:19:00,175.27,175.305,175.255,175.255,14028.0,175.2024,175.3076,0,0.005,1.025,0.6904089839060256,0.2661724090576172,0,1,-175.198,0.005,Hold,0,-1.02
2025-06-18 17:20:00,175.255,175.38,175.255,175.3697,21589.0,175.3171,175.4223,0,0.12,1.026,0.6851556801702,0.26874446868896484,0,1,-175.198,0.12,Hold,0,-0.906
2025-06-18 17:21:00,175.36,175.37,175.3,175.3601,13350.0,175.3075,175.4127,0,0.11,1.0250000000000001,0.679370796736404,0.2689616084098816,0,1,-175.198,0.11,Hold,0,-0.915
2025-06-18 17:22:00,175.375,175.48,175.35,175.4601,33135.0,175.4075,175.5127,0,0.21,1.025,0.6686133910847057,0.26919758319854736,0,1,-175.198,0.21,Hold,0,-0.815
2025-06-18 17:23:00,175.465,175.5,175.4264,175.475,34303.0,175.4224,175.5276,0,0.225,1.0250000000000001,0.6591570559563443,0.2691989541053772,0,1,-175.198,0.225,Hold,0,-0.8
2025-06-18 17:24:00,175.475,175.6,175.4692,175.58,47332.0,175.5273,175.6327,0,0.33,1.026,0.6534831025793414,0.2771766185760498,0,1,-175.198,0.33,Hold,0,-0.696
2025-06-18 17:25:00,175.5702,175.6,175.5118,175.54,24591.0,175.4873,175.5927,0,0.29,1.026,0.6459600783305598,0.28498807549476624,0,1,-175.198,0.29,Hold,0,-0.736
2025-06-18 17:26:00,175.53,175.59,175.49,175.58,22204.0,175.5273,175.6327,0,0.33,1.026,0.638857834875435,0.28390347957611084,0,1,-175.198,0.33,Hold,0,-0.696
2025-06-18 17:27:00,175.57,175.57,175.43,175.445,119843.0,175.3924,175.4976,0,0.195,1.026,0.6323130098684362,0.27613526582717896,0,1,-175.198,0.195,Hold,0,-0.831
2025-06-18 17:28:00,175.43,175.455,175.385,175.39,26691.0,175.3374,175.4426,0,0.14,1.026,0.6281160935241638,0.24953985214233398,0,1,-175.198,0.14,Hold,0,-0.886
2025-06-18 17:29:00,175.38,175.4,175.34,175.39,45602.0,175.3374,175.4426,0,0.14,1.026,0.6213804686491885,0.22876819968223572,0,1,-175.198,0.14,Hold,0,-0.886
2025-06-18 17:30:00,175.4,175.49,175.35,175.465,35228.0,175.4124,175.5176,0,0.215,1.026,0.6141541047752493,0.20074418187141418,0,1,-175.198,0.215,Hold,0,-0.811
2025-06-18 17:31:00,175.47,175.545,175.4599,175.49,17381.0,175.4374,175.5426,0,0.24,1.026,0.6086475877032667,0.18854308128356934,0,1,-175.198,0.24,Hold,0,-0.786
2025-06-18 17:32:00,175.5,175.5221,175.46,175.5,18120.0,175.4474,175.5526,0,0.25,1.026,0.5954696366912489,0.1920333206653595,0,1,-175.198,0.25,Hold,0,-0.776
2025-06-18 17:33:00,175.498,175.54,175.49,175.52,17658.0,175.4673,175.5727,0,0.27,1.026,0.5827622659226105,0.19747519493103027,0,1,-175.198,0.27,Hold,0,-0.756
2025-06-18 17:34:00,175.515,175.63,175.515,175.615,21452.0,175.5623,175.6677,0,0.365,1.026,0.5728376176899393,0.2027377188205719,0,1,-175.198,0.365,Hold,0,-0.661
2025-06-18 17:35:00,175.615,175.615,175.48,175.54,17441.0,175.4873,175.5927,0,0.29,1.026,0.5612974317513842,0.22412806749343872,0,1,-175.198,0.29,Hold,0,-0.736
2025-06-18 17:36:00,175.5387,175.61,175.53,175.595,18355.0,175.5423,175.6477,0,0.345,1.026,0.5490980390953726,0.23981741070747375,0,1,-175.198,0.345,Hold,0,-0.681
2025-06-18 17:37:00,175.595,175.595,175.52,175.58,16487.0,175.5273,175.6327,0,0.33,1.026,0.5404593515089074,0.24969547986984253,0,1,-175.198,0.33,Hold,0,-0.696
2025-06-18 17:38:00,175.57,175.59,175.495,175.59,31732.0,175.5373,175.6427,0,0.34,1.026,0.5328890303413446,0.25195860862731934,0,1,-175.198,0.34,Hold,0,-0.686
2025-06-18 17:39:00,175.58,175.65,175.55,175.64,19747.0,175.5873,175.6927,0,0.39,1.026,0.527899379794517,0.24833829700946808,0,1,-175.198,0.39,Hold,0,-0.636
2025-06-18 17:40:00,175.635,175.715,175.62,175.635,31061.0,175.5823,175.6877,0,0.385,1.026,0.5265120592025254,0.2510986924171448,0,1,-175.198,0.385,Hold,0,-0.641
2025-06-18 17:41:00,175.6301,175.685,175.595,175.61,14341.0,175.5573,175.6627,0,0.36,1.026,0.5244157941721744,0.25586289167404175,0,1,-175.198,0.36,Hold,0,-0.666
2025-06-18 17:42:00,175.64,175.68,175.6109,175.625,10421.0,175.5723,175.6777,0,0.375,1.026,0.5215544778774297,0.25903022289276123,0,1,-175.198,0.375,Hold,0,-0.651
2025-06-18 17:43:00,175.615,175.715,175.61,175.69,17085.0,175.6373,175.7427,0,0.44,1.026,0.5164339031261067,0.2659449577331543,0,1,-175.198,0.44,Hold,0,-0.586
2025-06-18 17:44:00,175.67,175.68,175.63,175.66,18482.0,175.6073,175.7127,0,0.41,1.026,0.5076989531524765,0.2717841863632202,0,1,-175.198,0.41,Hold,0,-0.616
2025-06-18 17:45:00,175.66,175.66,175.565,175.575,32216.0,175.5223,175.6277,0,0.325,1.026,0.5011433972191105,0.2715015113353729,0,1,-175.198,0.325,Hold,0,-0.701
2025-06-18 17:46:00,175.57,175.685,175.5542,175.675,30871.0,175.6223,175.7277,0,0.425,1.026,0.4991931766475882,0.2645275592803955,0,1,-175.198,0.425,Hold,0,-0.601
2025-06-18 17:47:00,175.6719,175.7535,175.67,175.6937,28096.0,175.641,175.7464,0,0.444,1.026,0.4976642345768554,0.2623942792415619,0,1,-175.198,0.444,Hold,0,-0.582
2025-06-18 17:48:00,175.6815,175.69,175.63,175.69,15025.0,175.6373,175.7427,0,0.44,1.026,0.4949468482112138,0.266640305519104,0,1,-175.198,0.44,Hold,0,-0.586
2025-06-18 17:49:00,175.6815,175.74,175.6815,175.7043,12509.0,175.6516,175.757,0,0.454,1.025,0.4917022758912385,0.2686815559864044,0,1,-175.198,0.454,Hold,0,-0.571
2025-06-18 17:50:00,175.715,175.82,175.67,175.82,27545.0,175.7673,175.8727,0,0.57,1.026,0.4904385211818443,0.27487319707870483,0,1,-175.198,0.57,Hold,0,-0.456
2025-06-18 17:51:00,175.815,175.82,175.71,175.71,30494.0,175.6573,175.7627,0,0.46,1.026,0.4790674241492808,0.2937917709350586,0,1,-175.198,0.46,Hold,0,-0.566
2025-06-18 17:52:00,175.7204,175.8,175.665,175.765,39793.0,175.7123,175.8177,0,0.515,1.026,0.4648511219510191,0.30040618777275085,0,1,-175.198,0.515,Hold,0,-0.511
2025-06-18 17:53:00,175.765,175.775,175.68,175.705,22675.0,175.6523,175.7577,0,0.455,1.026,0.4471732757941554,0.29755255579948425,0,1,-175.198,0.455,Hold,0,-0.571
2025-06-18 17:54:00,175.71,175.7398,175.655,175.695,12776.0,175.6423,175.7477,0,0.445,1.026,0.433422467662939,0.29888030886650085,0,1,-175.198,0.445,Hold,0,-0.581
2025-06-18 17:55:00,175.695,175.72,175.6516,175.6799,19146.0,175.6272,175.7326,0,0.43,1.026,0.4169942802487076,0.303557813167572,0,1,-175.198,0.43,Hold,0,-0.596
2025-06-18 17:56:00,175.7,175.74,175.67,175.735,21640.0,175.6823,175.7877,0,0.485,1.026,0.4005724918372444,0.30017566680908203,0,1,-175.198,0.485,Hold,0,-0.541
2025-06-18 17:57:00,175.715,175.745,175.675,175.68,43374.0,175.6273,175.7327,0,0.43,1.026,0.3829632824695517,0.29658132791519165,0,1,-175.198,0.43,Hold,0,-0.596
2025-06-18 17:58:00,175.68,175.74,175.68,175.73,28023.0,175.6773,175.7827,0,0.48,1.026,0.3662959218465844,0.2906172275543213,0,1,-175.198,0.48,Hold,0,-0.546
2025-06-18 17:59:00,175.73,175.765,175.67,175.67,60240.0,175.6173,175.7227,0,0.42,1.026,0.3546404753173844,0.291728138923645,0,1,-175.198,0.42,Hold,0,-0.606
2025-06-18 18:00:00,175.67,175.67,175.58,175.61,58895.0,175.5573,175.6627,0,0.36,1.026,0.3460940028158911,0.2790411114692688,0,1,-175.198,0.36,Hold,0,-0.666
2025-06-18 18:01:00,175.625,175.65,175.585,175.62,26903.0,175.5673,175.6727,0,0.37,1.026,0.3324582580618379,0.24480541050434113,0,1,-175.198,0.37,Hold,0,-0.656
2025-06-18 18:02:00,175.6154,175.695,175.59,175.66,24023.0,175.6073,175.7127,0,0.41,1.026,0.322674218312747,0.23169904947280884,0,1,-175.198,0.41,Hold,0,-0.616
2025-06-18 18:03:00,175.66,175.725,175.65,175.6908,15376.0,175.6381,175.7435,0,0.441,1.026,0.313842636777042,0.2439642697572708,0,1,-175.198,0.441,Hold,0,-0.585
2025-06-18 18:04:00,175.7,175.77,175.7,175.72,19845.0,175.6673,175.7727,0,0.47,1.026,0.3041677328429282,0.2640816569328308,0,1,-175.198,0.47,Hold,0,-0.556
2025-06-18 18:05:00,175.71,175.92,175.69,175.92,37603.0,175.8672,175.9728,0,0.67,1.026,0.296159118268658,0.29067879915237427,0,1,-175.198,0.67,Hold,0,-0.356
2025-06-18 18:06:00,175.91,176.04,175.86,176.04,53136.0,175.9872,176.0928,0,0.79,1.026,0.2911271150547187,0.3381349444389343,0,1,-175.198,0.79,Hold,0,-0.236
2025-06-18 18:07:00,176.03,176.21,176.02,176.115,113266.0,176.0622,176.1678,0,0.865,1.026,0.286502099653092,0.372010201215744,0,1,-175.198,0.865,Hold,0,-0.161
2025-06-18 18:08:00,176.11,176.17,175.98,176.02,51619.0,175.9672,176.0728,0,0.77,1.026,0.2862798562776992,0.34520357847213745,0,1,-175.198,0.77,Hold,0,-0.256
2025-06-18 18:09:00,176.03,176.175,176.01,176.13,33239.0,176.0772,176.1828,0,0.88,1.026,0.2849970061799726,0.2949696183204651,0,1,-175.198,0.88,Hold,0,-0.146
2025-06-18 18:10:00,176.14,176.15,176.07,176.09,49472.0,176.0372,176.1428,0,0.84,1.026,0.2814152470621088,0.2667528986930847,0,1,-175.198,0.84,Hold,0,-0.186
2025-06-18 18:11:00,176.09,176.1598,176.04,176.1,45889.0,176.0472,176.1528,0,0.85,1.026,0.2778216210445295,0.2565276622772217,0,1,-175.198,0.85,Hold,0,-0.176
2025-06-18 18:12:00,176.1,176.12,175.99,176.08,55201.0,176.0272,176.1328,0,0.83,1.026,0.2753852739371439,0.2561592757701874,0,1,-175.198,0.83,Hold,0,-0.196
2025-06-18 18:13:00,176.0739,176.135,175.96,175.97,49615.0,175.9172,176.0228,0,0.72,1.026,0.2711991191705637,0.2508246600627899,0,1,-175.198,0.72,Hold,0,-0.306
2025-06-18 18:14:00,175.99,175.99,175.79,175.81,49867.0,175.7573,175.8627,0,0.56,1.026,0.2719312738427499,0.24521203339099884,0,1,-175.198,0.56,Hold,0,-0.466
2025-06-18 18:15:00,175.815,175.93,175.81,175.89,37675.0,175.8372,175.9428,0,0.64,1.026,0.2739796049192078,0.2360573559999466,0,1,-175.198,0.64,Hold,0,-0.386
2025-06-18 18:16:00,175.905,175.92,175.84,175.8731,27041.0,175.8203,175.9259,0,0.623,1.026,0.274514562874973,0.22395065426826477,0,1,-175.198,0.623,Hold,0,-0.403
2025-06-18 18:17:00,175.8708,175.885,175.77,175.86,23815.0,175.8072,175.9128,0,0.61,1.026,0.2758978567846045,0.21383555233478546,0,1,-175.198,0.61,Hold,0,-0.416
2025-06-18 18:18:00,175.86,175.89,175.8,175.885,35231.0,175.8322,175.9378,0,0.635,1.026,0.2777445796747022,0.20505084097385406,0,1,-175.198,0.635,Hold,0,-0.391
2025-06-18 18:19:00,175.885,175.93,175.835,175.84,31650.0,175.7872,175.8928,0,0.59,1.026,0.2845162397593648,0.19757428765296936,0,1,-175.198,0.59,Hold,0,-0.436
2025-06-18 18:20:00,175.85,175.89,175.82,175.88,23008.0,175.8272,175.9328,0,0.63,1.026,0.2914161257933422,0.19419655203819275,0,1,-175.198,0.63,Hold,0,-0.396
2025-06-18 18:21:00,175.88,175.89,175.69,175.72,35085.0,175.6673,175.7727,0,0.47,1.026,0.307589957086621,0.19395926594734192,-1,0,0.47,0.47,Sell,-1,-0.556
2025-06-18 18:22:00,175.71,175.72,175.625,175.63,34141.0,175.5773,175.6827,0,0.47,1.116,0.3272778743848716,0.1936408281326294,0,0,0.47,0.47,Hold,0,-0.646
2025-06-18 18:23:00,175.62,175.65,175.575,175.59,19578.0,175.5373,175.6427,0,0.47,1.1560000000000001,0.3474544770237988,0.1898142695426941,0,0,0.47,0.47,Hold,0,-0.686
2025-06-18 18:24:00,175.57,175.67,175.56,175.66,62904.0,175.6073,175.7127,0,0.47,1.0859999999999999,0.3618311089035497,0.1865350604057312,0,0,0.47,0.47,Hold,0,-0.616
2025-06-18 18:25:00,175.65,175.65,175.59,175.64,415050.0,175.5873,175.6927,0,0.47,1.1059999999999999,0.3793692273585506,0.18326403200626373,0,0,0.47,0.47,Hold,0,-0.636
2025-06-18 18:26:00,175.63,175.67,175.58,175.67,43973.0,175.6173,175.7227,0,0.47,1.076,0.3973446960574091,0.15375080704689026,0,0,0.47,0.47,Hold,0,-0.606
2025-06-18 18:27:00,175.68,175.7234,175.65,175.66,32264.0,175.6073,175.7127,0,0.47,1.0859999999999999,0.413563354783995,0.15417492389678955,0,0,0.47,0.47,Hold,0,-0.616
2025-06-18 18:28:00,175.65,175.655,175.55,175.55,25707.0,175.4973,175.6027,0,0.47,1.196,0.4287399966737368,0.16095688939094543,0,0,0.47,0.47,Hold,0,-0.726
2025-06-18 18:29:00,175.55,175.55,175.4132,175.425,35264.0,175.3724,175.4776,0,0.47,1.321,0.4400678520489798,0.16548070311546326,0,0,0.47,0.47,Hold,0,-0.851
2025-06-18 18:30:00,175.42,175.455,175.39,175.4,29794.0,175.3474,175.4526,0,0.47,1.346,0.4469397905973368,0.16684409976005554,0,0,0.47,0.47,Hold,0,-0.876
2025-06-18 18:31:00,175.4,175.415,175.27,175.3835,45121.0,175.3309,175.4361,0,0.47,1.362,0.4539643472533609,0.16560879349708557,0,0,0.47,0.47,Hold,0,-0.892
2025-06-18 18:32:00,175.38,175.42,175.32,175.42,40050.0,175.3674,175.4726,0,0.47,1.326,0.4578046340454934,0.17298465967178345,0,0,0.47,0.47,Hold,0,-0.856
2025-06-18 18:33:00,175.41,175.42,175.27,175.29,30351.0,175.2374,175.3426,0,0.47,1.456,0.4613152091618745,0.18034887313842773,0,0,0.47,0.47,Hold,0,-0.986
2025-06-18 18:34:00,175.27,175.341,175.23,175.325,41642.0,175.2724,175.3776,0,0.47,1.4209999999999998,0.465823719458304,0.18630197644233704,0,0,0.47,0.47,Hold,0,-0.951
2025-06-18 18:35:00,175.325,175.34,175.23,175.27,42690.0,175.2174,175.3226,0,0.47,1.476,0.4702381697767788,0.19195151329040527,0,0,0.47,0.47,Hold,0,-1.006
2025-06-18 18:36:00,175.27,175.31,175.22,175.31,22450.0,175.2574,175.3626,0,0.47,1.436,0.476541805895408,0.19996747374534607,0,0,0.47,0.47,Hold,0,-0.966
2025-06-18 18:37:00,175.33,175.41,175.32,175.395,29272.0,175.3424,175.4476,0,0.47,1.351,0.4758449882089925,0.21205104887485504,0,0,0.47,0.47,Hold,0,-0.881
2025-06-18 18:38:00,175.4,175.47,175.4,175.47,27605.0,175.4174,175.5226,0,0.47,1.276,0.4734798609619153,0.21752405166625977,0,0,0.47,0.47,Hold,0,-0.806
2025-06-18 18:39:00,175.46,175.53,175.41,175.5102,26773.0,175.4575,175.5629,0,0.47,1.2349999999999999,0.4696859800106253,0.21937081217765808,0,0,0.47,0.47,Hold,0,-0.765
2025-06-18 18:40:00,175.52,175.525,175.42,175.4899,24774.0,175.4373,175.5425,0,0.47,1.256,0.4678041795767098,0.22373847663402557,0,0,0.47,0.47,Hold,0,-0.786
2025-06-18 18:41:00,175.52,175.58,175.445,175.56,30064.0,175.5073,175.6127,0,0.47,1.186,0.4653584388386074,0.22706785798072815,0,0,0.47,0.47,Hold,0,-0.716
2025-06-18 18:42:00,175.5643,175.6,175.53,175.58,18417.0,175.5273,175.6327,0,0.47,1.166,0.4614702057859235,0.22945281863212585,0,0,0.47,0.47,Hold,0,-0.696
2025-06-18 18:43:00,175.59,175.625,175.54,175.6147,31731.0,175.562,175.6674,0,0.47,1.131,0.4579331634273501,0.224959135055542,0,0,0.47,0.47,Hold,0,-0.661
2025-06-18 18:44:00,175.62,175.64,175.5801,175.625,28165.0,175.5723,175.6777,0,0.47,1.121,0.4555072349673963,0.22401337325572968,0,0,0.47,0.47,Hold,0,-0.651
2025-06-18 18:45:00,175.6552,175.71,175.65,175.69,25047.0,175.6373,175.7427,0,0.47,1.056,0.4469307094376081,0.21932336688041687,0,0,0.47,0.47,Hold,0,-0.586
2025-06-18 18:46:00,175.69,175.79,175.69,175.78,19374.0,175.7273,175.8327,0,0.47,0.966,0.4319857928263787,0.21581465005874634,0,0,0.47,0.47,Hold,0,-0.496
2025-06-18 18:47:00,175.795,175.83,175.7701,175.78,19867.0,175.7273,175.8327,0,0.47,0.966,0.421473560831138,0.21373426914215088,0,0,0.47,0.47,Hold,0,-0.496
2025-06-18 18:48:00,175.79,175.83,175.765,175.77,13628.0,175.7173,175.8227,0,0.47,0.976,0.4192957923134403,0.20865470170974731,0,0,0.47,0.47,Hold,0,-0.506
2025-06-18 18:49:00,175.78,175.78,175.72,175.735,14837.0,175.6823,175.7877,0,0.47,1.0110000000000001,0.4100030217787726,0.20326745510101318,0,0,0.47,0.47,Hold,0,-0.541
2025-06-18 18:50:00,175.73,175.755,175.68,175.71,17910.0,175.6573,175.7627,0,0.47,1.036,0.4080807683053196,0.19533638656139374,0,0,0.47,0.47,Hold,0,-0.566
2025-06-18 18:51:00,175.72,175.83,175.71,175.795,45172.0,175.7423,175.8477,0,0.47,0.951,0.4014980523309178,0.18379059433937073,0,0,0.47,0.47,Hold,0,-0.481
2025-06-18 18:52:00,175.8,175.84,175.755,175.77,28998.0,175.7173,175.8227,0,0.47,0.976,0.3919700273535534,0.17270199954509735,0,0,0.47,0.47,Hold,0,-0.506
2025-06-18 18:53:00,175.775,175.8015,175.745,175.78,36159.0,175.7273,175.8327,0,0.47,0.966,0.3825023343177068,0.16581037640571594,0,0,0.47,0.47,Hold,0,-0.496
2025-06-18 18:54:00,175.77,175.82,175.7669,175.78,17626.0,175.7273,175.8327,0,0.47,0.966,0.3774406563555184,0.15917952358722687,0,0,0.47,0.47,Hold,0,-0.496
2025-06-18 18:55:00,175.78,175.795,175.73,175.78,14919.0,175.7273,175.8327,0,0.47,0.966,0.3725125431557329,0.1556130349636078,0,0,0.47,0.47,Hold,0,-0.496
2025-06-18 18:56:00,175.78,175.86,175.78,175.85,22351.0,175.7972,175.9028,0,0.47,0.8959999999999999,0.3681683067734004,0.1527280956506729,0,0,0.47,0.47,Hold,0,-0.426
2025-06-18 18:57:00,175.8515,175.86,175.81,175.83,14164.0,175.7773,175.8827,0,0.47,0.9159999999999999,0.365209813547324,0.1530761867761612,0,0,0.47,0.47,Hold,0,-0.446
2025-06-18 18:58:00,175.79,175.8,175.67,175.7008,18997.0,175.6481,175.7535,0,0.47,1.045,0.3670486030705747,0.1538468599319458,0,0,0.47,0.47,Hold,0,-0.575
2025-06-18 18:59:00,175.72,175.87,175.7002,175.78,31901.0,175.7273,175.8327,0,0.47,0.966,0.3685394478473596,0.14978638291358948,0,0,0.47,0.47,Hold,0,-0.496
2025-06-18 19:00:00,175.83,176.15,175.77,175.95,77590.0,175.8972,176.0028,0,0.47,0.796,0.3702349023285903,0.14837217330932617,0,0,0.47,0.47,Hold,0,-0.326
2025-06-18 19:01:00,175.96,176.01,175.79,175.8,24932.0,175.7473,175.8527,0,0.47,0.946,0.3715560124754872,0.16083577275276184,0,0,0.47,0.47,Hold,0,-0.476
2025-06-18 19:02:00,175.75,175.83,175.58,175.58,33899.0,175.5273,175.6327,0,0.47,1.166,0.3756517061975988,0.17389222979545593,0,0,0.47,0.47,Hold,0,-0.696
2025-06-18 19:03:00,175.57,175.68,175.57,175.68,23532.0,175.6273,175.7327,0,0.47,1.0659999999999998,0.3750969999431884,0.1687026470899582,0,0,0.47,0.47,Hold,0,-0.596
2025-06-18 19:04:00,175.69,175.75,175.48,175.49,23400.0,175.4374,175.5426,0,0.47,1.256,0.3785650448495156,0.15893426537513733,0,0,0.47,0.47,Hold,0,-0.786
2025-06-18 19:05:00,175.5,175.65,175.44,175.58,37935.0,175.5273,175.6327,0,0.47,1.166,0.3820459415145636,0.15445898473262787,0,0,0.47,0.47,Hold,0,-0.696
2025-06-18 19:06:00,175.565,175.72,175.52,175.7,18181.0,175.6473,175.7527,0,0.47,1.0459999999999998,0.3858539014358979,0.15333746373653412,0,0,0.47,0.47,Hold,0,-0.576
2025-06-18 19:07:00,175.7,175.78,175.5983,175.77,24180.0,175.7173,175.8227,0,0.47,0.976,0.3938321491822472,0.15740251541137695,0,0,0.47,0.47,Hold,0,-0.506
2025-06-18 19:08:00,175.75,175.82,175.7001,175.705,31484.0,175.6523,175.7577,0,0.47,1.041,0.4003197065921361,0.16540004312992096,0,0,0.47,0.47,Hold,0,-0.571
2025-06-18 19:09:00,175.7087,175.735,175.64,175.735,22650.0,175.6823,175.7877,0,0.47,1.0110000000000001,0.4071587008813099,0.17501190304756165,0,0,0.47,0.47,Hold,0,-0.541
2025-06-18 19:10:00,175.71,175.725,175.63,175.7,22112.0,175.6473,175.7527,0,0.47,1.0459999999999998,0.4110528799238682,0.18104717135429382,0,0,0.47,0.47,Hold,0,-0.576
2025-06-18 19:11:00,175.695,175.77,175.66,175.72,27662.0,175.6673,175.7727,0,0.47,1.026,0.4086042677851242,0.1814868450164795,0,0,0.47,0.47,Hold,0,-0.556
2025-06-18 19:12:00,175.71,175.75,175.6,175.6,16548.0,175.5473,175.6527,0,0.47,1.146,0.409914063877473,0.17999660968780518,0,0,0.47,0.47,Hold,0,-0.676
2025-06-18 19:13:00,175.6159,175.66,175.53,175.64,29313.0,175.5873,175.6927,0,0.47,1.1059999999999999,0.4085006225964293,0.17349150776863098,0,0,0.47,0.47,Hold,0,-0.636
2025-06-18 19:14:00,175.63,175.6698,175.55,175.6433,34832.0,175.5906,175.696,0,0.47,1.1019999999999999,0.4057046914584659,0.16390858590602875,0,0,0.47,0.47,Hold,0,-0.632
2025-06-18 19:15:00,175.66,175.74,175.6,175.71,29861.0,175.6573,175.7627,0,0.47,1.036,0.4043673286403796,0.15703096985816956,0,0,0.47,0.47,Hold,0,-0.566
2025-06-18 19:16:00,175.7,175.77,175.675,175.7101,27840.0,175.6574,175.7628,0,0.47,1.036,0.4138029587694763,0.15619631111621857,0,0,0.47,0.47,Hold,0,-0.566
2025-06-18 19:17:00,175.71,175.84,175.69,175.84,30300.0,175.7872,175.8928,0,0.47,0.9059999999999999,0.4138718980680513,0.15779545903205872,0,0,0.47,0.47,Hold,0,-0.436
2025-06-18 19:18:00,175.84,175.84,175.71,175.72,41157.0,175.6673,175.7727,0,0.47,1.026,0.4004006994930955,0.16523854434490204,0,0,0.47,0.47,Hold,0,-0.556
2025-06-18 19:19:00,175.74,175.74,175.68,175.69,15573.0,175.6373,175.7427,0,0.47,1.056,0.3863193959951835,0.17034871876239777,0,0,0.47,0.47,Hold,0,-0.586
2025-06-18 19:20:00,175.69,175.695,175.62,175.66,47276.0,175.6073,175.7127,0,0.47,1.0859999999999999,0.3657654658558787,0.1686692088842392,0,0,0.47,0.47,Hold,0,-0.616
2025-06-18 19:21:00,175.6697,175.71,175.62,175.62,15459.0,175.5673,175.6727,0,0.47,1.126,0.3481562564881859,0.15900686383247375,0,0,0.47,0.47,Hold,0,-0.656
2025-06-18 19:22:00,175.63,175.6999,175.59,175.64,17725.0,175.5873,175.6927,0,0.47,1.1059999999999999,0.3345428134905192,0.15278583765029907,0,0,0.47,0.47,Hold,0,-0.636
2025-06-18 19:23:00,175.635,175.69,175.61,175.64,29338.0,175.5873,175.6927,0,0.47,1.1059999999999999,0.3232554269421747,0.1487649381160736,0,0,0.47,0.47,Hold,0,-0.636
2025-06-18 19:24:00,175.65,175.7201,175.57,175.72,31045.0,175.6673,175.7727,0,0.47,1.026,0.3096770448224711,0.1457187384366989,0,0,0.47,0.47,Hold,0,-0.556
2025-06-18 19:25:00,175.72,175.89,175.69,175.89,32147.0,175.8372,175.9428,0,0.47,0.856,0.2970670395672557,0.14701877534389496,0,0,0.47,0.47,Hold,0,-0.386
2025-06-18 19:26:00,175.91,175.935,175.84,175.85,19893.0,175.7972,175.9028,0,0.47,0.8959999999999999,0.2831785867786582,0.15795639157295227,0,0,0.47,0.47,Hold,0,-0.426
2025-06-18 19:27:00,175.855,175.905,175.83,175.905,20384.0,175.8522,175.9578,0,0.47,0.841,0.2699184212781487,0.1770477294921875,0,0,0.47,0.47,Hold,0,-0.371
2025-06-18 19:28:00,175.89,175.92,175.81,175.83,26303.0,175.7773,175.8827,0,0.47,0.9159999999999999,0.2523833787035696,0.19121859967708588,0,0,0.47,0.47,Hold,0,-0.446
2025-06-18 19:29:00,175.83,175.93,175.82,175.8596,22911.0,175.8068,175.9124,0,0.47,0.8859999999999999,0.236170276349615,0.1946406364440918,0,0,0.47,0.47,Hold,0,-0.416
2025-06-18 19:30:00,175.86,175.87,175.72,175.725,22003.0,175.6723,175.7777,0,0.47,1.021,0.2199927998816196,0.19306927919387817,0,0,0.47,0.47,Hold,0,-0.551
2025-06-18 19:31:00,175.73,175.865,175.73,175.84,29683.0,175.7872,175.8928,0,0.47,0.9059999999999999,0.2061087602529025,0.18632742762565613,0,0,0.47,0.47,Hold,0,-0.436
2025-06-18 19:32:00,175.8499,176.01,175.8499,176.0,25505.0,175.9472,176.0528,0,0.47,0.746,0.1921587044407203,0.17912785708904266,0,0,0.47,0.47,Hold,0,-0.276
2025-06-18 19:33:00,176.02,176.1,175.9982,176.1,33360.0,176.0472,176.1528,0,0.47,0.6459999999999999,0.1828096534095278,0.1811433583498001,0,0,0.47,0.47,Hold,0,-0.176
2025-06-18 19:34:00,176.095,176.12,176.0701,176.09,27954.0,176.0372,176.1428,0,0.47,0.6559999999999999,0.1690771646752553,0.18762704730033875,0,0,0.47,0.47,Hold,0,-0.186
2025-06-18 19:35:00,176.09,176.1,175.7,175.76,68737.0,175.7073,175.8127,0,0.47,0.986,0.1541862634136582,0.1884550303220749,0,0,0.47,0.47,Hold,0,-0.516
2025-06-18 19:36:00,175.77,175.945,175.75,175.91,19156.0,175.8572,175.9628,-1,0.47,0.836,0.1384711611206524,0.184471994638443,0,0,0.47,0.47,Hold,0,-0.366
2025-06-18 19:37:00,175.91,175.915,175.81,175.81,30509.0,175.7573,175.8627,0,0.47,0.9359999999999999,0.1213835207648373,0.1781889796257019,0,0,0.47,0.47,Hold,0,-0.466
2025-06-18 19:38:00,175.815,176.01,175.815,175.98,43472.0,175.9272,176.0328,0,0.47,0.766,0.1073902536584783,0.16970887780189514,0,0,0.47,0.47,Hold,0,-0.296
2025-06-18 19:39:00,175.975,175.99,175.8493,175.855,54762.0,175.8022,175.9078,0,0.47,0.891,0.0975352552267567,0.1671716272830963,0,0,0.47,0.47,Hold,0,-0.421
2025-06-18 19:40:00,175.84,175.98,175.795,175.975,44617.0,175.9222,176.0278,0,0.47,0.7709999999999999,0.08735323543731,0.16620686650276184,0,0,0.47,0.47,Hold,0,-0.301
2025-06-18 19:41:00,175.98,176.1401,175.94,176.1401,35119.0,176.0873,176.1929,0,0.47,0.606,0.0872868702684159,0.1678471863269806,0,0,0.47,0.47,Hold,0,-0.136
2025-06-18 19:42:00,176.14,176.205,176.1,176.15,64259.0,176.0972,176.2028,0,0.47,0.596,0.0906640684372192,0.1842622458934784,0,0,0.47,0.47,Hold,0,-0.126
2025-06-18 19:43:00,176.14,176.16,176.07,176.08,24527.0,176.0272,176.1328,0,0.47,0.6659999999999999,0.1024343011987438,0.19653716683387756,0,0,0.47,0.47,Hold,0,-0.196
2025-06-18 19:44:00,176.1,176.105,176.0001,176.05,32202.0,175.9972,176.1028,0,0.47,0.696,0.1117737886554951,0.19920101761817932,0,0,0.47,0.47,Hold,0,-0.226
2025-06-18 19:45:00,176.04,176.04,175.88,175.88,41071.0,175.8272,175.9328,0,0.47,0.866,0.1240971663472243,0.19582435488700867,0,0,0.47,0.47,Hold,0,-0.396
2025-06-18 19:46:00,175.88,175.93,175.76,175.93,29505.0,175.8772,175.9828,0,0.47,0.816,0.1318621273961855,0.18712621927261353,0,0,0.47,0.47,Hold,0,-0.346
2025-06-18 19:47:00,175.91,175.95,175.82,175.86,46704.0,175.8072,175.9128,0,0.47,0.8859999999999999,0.139173321853935,0.17352095246315002,0,0,0.47,0.47,Hold,0,-0.416
2025-06-18 19:48:00,175.87,175.87,175.77,175.83,27161.0,175.7773,175.8827,0,0.47,0.9159999999999999,0.1497877710493852,0.15970924496650696,0,0,0.47,0.47,Hold,0,-0.446
2025-06-18 19:49:00,175.81,175.85,175.7601,175.78,21649.0,175.7273,175.8327,1,0.47,0.966,0.1669314686414969,0.14783307909965515,0,0,0.47,0.47,Hold,0,-0.496
2025-06-18 19:50:00,175.76,175.77,175.62,175.655,30433.0,175.6023,175.7077,0,0.47,1.091,0.1748978570453429,0.14172855019569397,0,0,0.47,0.47,Hold,0,-0.621
2025-06-18 19:51:00,175.65,175.71,175.56,175.65,43089.0,175.5973,175.7027,0,0.47,1.096,0.1846134333801111,0.14019466936588287,0,0,0.47,0.47,Hold,0,-0.626
2025-06-18 19:52:00,175.65,175.65,175.57,175.58,30819.0,175.5273,175.6327,0,0.47,1.166,0.197525181839343,0.1513950228691101,0,0,0.47,0.47,Hold,0,-0.696
2025-06-18 19:53:00,175.57,175.61,175.41,175.46,59948.0,175.4074,175.5126,0,0.47,1.286,0.212006168836648,0.1542234718799591,0,0,0.47,0.47,Hold,0,-0.816
2025-06-18 19:54:00,175.45,175.57,175.34,175.5524,58346.0,175.4997,175.6051,0,0.47,1.193,0.2299618760890625,0.16513006389141083,0,0,0.47,0.47,Hold,0,-0.723
2025-06-18 19:55:00,175.53,175.53,175.3613,175.445,28285.0,175.3924,175.4976,0,0.47,1.301,0.2457281285163645,0.18209439516067505,0,0,0.47,0.47,Hold,0,-0.831
2025-06-18 19:56:00,175.425,175.4714,175.25,175.306,34748.0,175.2534,175.3586,0,0.47,1.44,0.2613825026116708,0.17185232043266296,0,0,0.47,0.47,Hold,0,-0.97
2025-06-18 19:57:00,175.3,175.31,175.09,175.13,74020.0,175.0775,175.1825,0,0.47,1.615,0.2723187464214754,0.1903747171163559,0,0,0.47,0.47,Hold,0,-1.145
2025-06-18 19:58:00,175.125,175.27,174.8919,175.12,130593.0,175.0675,175.1725,0,0.47,1.625,0.2883502708312377,0.2188696414232254,0,0,0.47,0.47,Hold,0,-1.155
2025-06-18 19:59:00,175.0901,175.12,174.93,175.07,90364.0,175.0175,175.1225,0,0.47,1.675,0.2924199068423724,0.2496725618839264,0,0,0.47,0.47,Hold,0,-1.205
2025-06-18 20:00:00,175.085,175.15,174.88,175.055,74991.0,175.0025,175.1075,0,0.47,1.69,0.2924199068423724,0.2703872323036194,0,0,0.47,0.47,Hold,0,-1.22
2025-06-18 20:01:00,175.04,175.25,174.96,175.19,58092.0,175.1374,175.2426,0,0.47,1.555,0.2924199068423724,0.28742715716362,0,0,0.47,0.47,Hold,0,-1.085
2025-06-18 20:02:00,175.2,175.34,175.12,175.27,61668.0,175.2174,175.3226,0,0.47,1.476,0.2924199068423724,0.2944841980934143,0,0,0.47,0.47,Hold,0,-1.006
2025-06-18 20:03:00,175.27,175.34,175.19,175.2,35527.0,175.1474,175.2526,0,0.47,1.546,0.2924199068423724,0.29274070262908936,0,0,0.47,0.47,Hold,0,-1.076
2025-06-18 20:04:00,175.21,175.46,175.18,175.45,42386.0,175.3974,175.5026,0,0.47,1.2959999999999998,0.2924199068423724,0.2912627160549164,0,0,0.47,0.47,Hold,0,-0.826
2025-06-18 20:05:00,175.45,175.52,175.38,175.4041,43012.0,175.3515,175.4567,0,0.47,1.341,0.2924199068423724,0.29193586111068726,0,0,0.47,0.47,Hold,0,-0.871
2025-06-18 20:06:00,175.42,175.48,175.3,175.32,25310.0,175.2674,175.3726,0,0.47,1.426,0.2920744272463394,0.2926052212715149,0,0,0.47,0.47,Hold,0,-0.956
2025-06-18 20:07:00,175.33,175.37,175.21,175.28,51301.0,175.2274,175.3326,0,0.47,1.466,0.2915536102667675,0.29223161935806274,0,0,0.47,0.47,Hold,0,-0.996
2025-06-18 20:08:00,175.3,175.33,175.19,175.19,35873.0,175.1374,175.2426,0,0.47,1.555,0.2885875206153384,0.28588610887527466,0,0,0.47,0.47,Hold,0,-1.085
2025-06-18 20:09:00,175.19,175.29,175.19,175.25,46391.0,175.1974,175.3026,0,0.47,1.496,0.2813981531597616,0.27748170495033264,0,0,0.47,0.47,Hold,0,-1.026
2025-06-18 20:10:00,175.24,175.26,175.16,175.255,38734.0,175.2024,175.3076,0,0.47,1.49,0.2774294676705115,0.26846832036972046,0,0,0.47,0.47,Hold,0,-1.02
2025-06-18 20:11:00,175.255,175.39,175.25,175.38,59707.0,175.3274,175.4326,0,0.47,1.365,0.2696365076903076,0.2666034698486328,0,0,0.47,0.47,Hold,0,-0.895
2025-06-18 20:12:00,175.38,175.4,175.24,175.2493,60140.0,175.1967,175.3019,0,0.47,1.496,0.2568560712115658,0.2594849765300751,0,0,0.47,0.47,Hold,0,-1.026
2025-06-18 20:13:00,175.23,175.58,175.1,175.56,123609.0,175.5073,175.6127,0,0.47,1.186,0.2377145481043132,0.2603740692138672,0,0,0.47,0.47,Hold,0,-0.716
2025-06-18 20:14:00,175.55,175.76,175.53,175.665,52878.0,175.6123,175.7177,0,0.47,1.081,0.2181174988273901,0.2555793225765228,0,0,0.47,0.47,Hold,0,-0.611
2025-06-18 20:15:00,175.6436,175.6436,175.5,175.56,51598.0,175.5073,175.6127,0,0.47,1.186,0.196615312519779,0.257086843252182,0,0,0.47,0.47,Hold,0,-0.716
2025-06-18 20:16:00,175.55,175.59,175.44,175.58,34911.0,175.5273,175.6327,0,0.47,1.166,0.1744605569842325,0.2650044560432434,0,0,0.47,0.47,Hold,0,-0.696
2025-06-18 20:17:00,175.56,175.5701,175.43,175.43,30251.0,175.3774,175.4826,0,0.47,1.3159999999999998,0.1571224288085657,0.2667997479438782,0,0,0.47,0.47,Hold,0,-0.846
2025-06-18 20:18:00,175.44,175.53,175.43,175.51,34777.0,175.4573,175.5627,0,0.47,1.236,0.1426321357929872,0.26039838790893555,0,0,0.47,0.47,Hold,0,-0.766
2025-06-18 20:19:00,175.53,175.59,175.45,175.57,41807.0,175.5173,175.6227,0,0.47,1.176,0.1254884382008755,0.24817903339862823,0,0,0.47,0.47,Hold,0,-0.706
2025-06-18 20:20:00,175.565,175.585,175.48,175.53,33483.0,175.4773,175.5827,0,0.47,1.216,0.1175220497970295,0.23529259860515594,0,0,0.47,0.47,Hold,0,-0.746
2025-06-18 20:21:00,175.52,175.635,175.52,175.635,36887.0,175.5823,175.6877,0,0.47,1.111,0.1078064734622613,0.2208677977323532,0,0,0.47,0.47,Hold,0,-0.641
2025-06-18 20:22:00,175.615,175.75,175.605,175.6846,46782.0,175.6319,175.7373,0,0.47,1.061,0.0948947250030294,0.21054591238498688,0,0,0.47,0.47,Hold,0,-0.591
2025-06-18 20:23:00,175.69,175.71,175.6401,175.684,27813.0,175.6313,175.7367,0,0.47,1.0619999999999998,0.0804137380057243,0.20792286098003387,0,0,0.47,0.47,Hold,0,-0.592
2025-06-18 20:24:00,175.68,175.72,175.58,175.585,27271.0,175.5323,175.6377,0,0.47,1.161,0.0624580307533098,0.2083076685667038,0,0,0.47,0.47,Hold,0,-0.691
2025-06-18 20:25:00,175.57,175.64,175.52,175.62,35926.0,175.5673,175.6727,0,0.47,1.126,0.0466917783260079,0.20305746793746948,0,0,0.47,0.47,Hold,0,-0.656
2025-06-18 20:26:00,175.61,175.61,175.47,175.48,29887.0,175.4274,175.5326,0,0.47,1.266,0.0310374042307016,0.19192613661289215,0,0,0.47,0.47,Hold,0,-0.796
2025-06-18 20:27:00,175.47,175.475,175.31,175.32,41781.0,175.2674,175.3726,-1,0.47,1.426,0.0201011604208969,0.18470163643360138,0,0,0.47,0.47,Hold,0,-0.956
2025-06-18 20:28:00,175.31,175.31,175.13,175.18,55245.0,175.1274,175.2326,0,0.47,1.566,0.0040696360111346,0.19043822586536407,0,0,0.47,0.47,Hold,0,-1.096
2025-06-18 20:29:00,175.18,175.21,175.12,175.12,48814.0,175.0675,175.1725,0,0.47,1.625,0.0,0.210037499666214,0,0,0.47,0.47,Hold,0,-1.155
2025-06-18 20:30:00,175.12,175.28,175.03,175.24,73115.0,175.1874,175.2926,0,0.47,1.506,0.0,0.2307668775320053,0,0,0.47,0.47,Hold,0,-1.036
2025-06-18 20:31:00,175.255,175.38,175.2538,175.345,64050.0,175.2924,175.3976,0,0.47,1.401,0.0,0.2499426156282425,0,0,0.47,0.47,Hold,0,-0.931
2025-06-18 20:32:00,175.345,175.38,175.2901,175.31,43056.0,175.2574,175.3626,0,0.47,1.436,0.0,0.26742666959762573,0,0,0.47,0.47,Hold,0,-0.966
2025-06-18 20:33:00,175.315,175.35,175.28,175.3215,34632.0,175.2689,175.3741,0,0.47,1.424,0.0,0.2710476517677307,0,0,0.47,0.47,Hold,0,-0.954
2025-06-18 20:34:00,175.3254,175.38,175.3,175.305,46476.0,175.2524,175.3576,0,0.47,1.4409999999999998,0.0,0.27451884746551514,0,0,0.47,0.47,Hold,0,-0.971
2025-06-18 20:35:00,175.3,175.42,175.275,175.42,49548.0,175.3674,175.4726,0,0.47,1.326,0.0,0.2769952416419983,0,0,0.47,0.47,Hold,0,-0.856
2025-06-18 20:36:00,175.4298,175.52,175.42,175.44,40256.0,175.3874,175.4926,0,0.47,1.305,0.0,0.27315008640289307,0,0,0.47,0.47,Hold,0,-0.835
2025-06-18 20:37:00,175.435,175.505,175.39,175.41,42228.0,175.3574,175.4626,0,0.47,1.335,0.0,0.26732152700424194,0,0,0.47,0.47,Hold,0,-0.865
2025-06-18 20:38:00,175.42,175.435,175.32,175.36,43312.0,175.3074,175.4126,0,0.47,1.3860000000000001,0.0,0.2642839252948761,0,0,0.47,0.47,Hold,0,-0.916
2025-06-18 20:39:00,175.365,175.43,175.36,175.41,32193.0,175.3574,175.4626,0,0.47,1.335,0.0,0.25756946206092834,0,0,0.47,0.47,Hold,0,-0.865
2025-06-18 20:40:00,175.4122,175.42,175.31,175.32,44748.0,175.2674,175.3726,0,0.47,1.426,0.0,0.24961471557617188,0,0,0.47,0.47,Hold,0,-0.956
2025-06-18 20:41:00,175.32,175.33,175.24,175.25,38964.0,175.1974,175.3026,0,0.47,1.496,0.0,0.2431817501783371,0,0,0.47,0.47,Hold,0,-1.026
2025-06-18 20:42:00,175.245,175.29,175.125,175.24,62732.0,175.1874,175.2926,0,0.47,1.506,0.0,0.24885687232017517,0,0,0.47,0.47,Hold,0,-1.036
2025-06-18 20:43:00,175.21,175.38,175.205,175.37,62061.0,175.3174,175.4226,0,0.47,1.376,0.0,0.26569753885269165,0,0,0.47,0.47,Hold,0,-0.906
2025-06-18 20:44:00,175.375,175.43,175.315,175.36,42834.0,175.3074,175.4126,0,0.47,1.3860000000000001,0.0,0.2734711468219757,0,0,0.47,0.47,Hold,0,-0.916
2025-06-18 20:45:00,175.355,175.39,175.205,175.23,47520.0,175.1774,175.2826,0,0.47,1.516,0.0,0.2713545560836792,0,0,0.47,0.47,Hold,0,-1.046
2025-06-18 20:46:00,175.23,175.23,175.0749,175.0978,65253.0,175.0453,175.1503,0,0.47,1.648,0.0,0.27933740615844727,0,0,0.47,0.47,Hold,0,-1.178
2025-06-18 20:47:00,175.095,175.145,175.065,175.12,68847.0,175.0675,175.1725,0,0.47,1.625,0.0,0.29830434918403625,0,0,0.47,0.47,Hold,0,-1.155
2025-06-18 20:48:00,175.11,175.1564,175.065,175.14,51145.0,175.0875,175.1925,0,0.365,1.5,0.0,0.3118019998073578,1,1,-174.723,0.365,Buy,1,-1.135
2025-06-18 20:49:00,175.14,175.155,175.0302,175.145,82803.0,175.0925,175.1975,0,0.37,1.5,0.0,0.31894975900650024,0,1,-174.723,0.37,Hold,0,-1.13
2025-06-18 20:50:00,175.15,175.22,174.38,174.45,545328.0,174.3977,174.5023,0,-0.325,1.5,0.0,0.3225938677787781,0,1,-174.723,-0.325,Hold,0,-1.825
2025-06-18 20:51:00,174.45,174.45,174.15,174.3,320230.0,174.2477,174.3523,0,-0.475,1.5,0.0,0.33174535632133484,0,1,-174.723,-0.475,Hold,0,-1.975
2025-06-18 20:52:00,174.29,174.37,174.165,174.26,241097.0,174.2077,174.3123,0,-0.515,1.5,0.0,0.32291722297668457,0,1,-174.723,-0.515,Hold,0,-2.015
2025-06-18 20:53:00,174.27,174.42,174.2,174.32,221999.0,174.2677,174.3723,0,-0.455,1.5,0.0,0.31027835607528687,0,1,-174.723,-0.455,Hold,0,-1.955
2025-06-18 20:54:00,174.31,174.31,173.88,174.05,521686.0,173.9978,174.1022,0,-0.725,1.5,0.0,0.2922745645046234,-1,0,-0.725,-0.725,Sell,-1,-2.225
2025-06-18 20:55:00,174.05,174.18,173.31,173.37,828892.0,173.318,173.422,0,-0.725,2.1799999999999997,0.0,0.2637516260147095,0,0,-0.725,-0.725,Hold,0,-2.905
2025-06-18 20:56:00,173.375,173.6771,173.215,173.565,621199.0,173.5129,173.6171,0,-0.725,1.9849999999999999,0.0,0.2185378521680832,0,0,-0.725,-0.725,Hold,0,-2.71
2025-06-18 20:57:00,173.565,173.59,173.24,173.38,624198.0,173.328,173.432,0,-0.725,2.17,0.0,0.1992516815662384,0,0,-0.725,-0.725,Hold,0,-2.895
2025-06-18 20:58:00,173.39,173.41,173.2,173.31,454542.0,173.258,173.362,0,-0.725,2.2399999999999998,0.0,0.19795624911785126,0,0,-0.725,-0.725,Hold,0,-2.965
2025-06-18 20:59:00,173.315,173.4,173.23,173.28,1094746.0,173.228,173.332,0,-0.725,2.27,0.0,0.19703954458236694,0,0,-0.725,-0.725,Hold,0,-2.995
2025-06-18 21:00:00,173.3,174.05,173.17,173.6097,7649838.0,173.5576,173.6618,0,-0.725,1.94,0.0,0.14329969882965088,0,0,-0.725,-0.725,No trade,0,-2.665
