TimeStamp,ma_feature,close,Ask,Bid,Volume,Position,Cash,NetValue,Action
2025-05-20 15:30:00,-1.108,321.0,321.22,321.0,9962.0,0,0.0,0.0,Hold
2025-05-20 15:31:00,-1.487,319.07,319.2,318.96,4359.0,0,0.0,0.0,Hold
2025-05-20 15:32:00,-1.704,319.56,319.62,319.26,3951.0,0,0.0,0.0,Hold
2025-05-20 15:33:00,-2.282,317.05,317.05,316.81,6078.0,0,0.0,0.0,Hold
2025-05-20 15:34:00,-2.392,319.1,319.18,318.96,2530.0,0,0.0,0.0,Hold
2025-05-20 15:35:00,-2.677,317.88,317.95,317.87,2410.0,0,0.0,0.0,Hold
2025-05-20 15:36:00,-3.237,315.83,315.85,315.55,4626.0,0,0.0,0.0,Hold
2025-05-20 15:37:00,-3.612,316.26,316.21,315.8,6643.0,0,0.0,0.0,Hold
2025-05-20 15:38:00,-4.08,315.15,315.22,315.09,3903.0,0,0.0,0.0,Hold
2025-05-20 15:39:00,-4.265,316.26,316.38,316.2,2051.0,0,0.0,0.0,Hold
2025-05-20 15:40:00,-4.095,318.07,318.39,318.05,3734.0,0,0.0,0.0,Hold
2025-05-20 15:41:00,-4.112,317.05,317.13,316.97,2592.0,0,0.0,0.0,Hold
2025-05-20 15:42:00,-4.274,316.02,316.03,315.77,2508.0,0,0.0,0.0,Hold
2025-05-20 15:43:00,-4.531,315.17,315.4,314.94,2474.0,0,0.0,0.0,Hold
2025-05-20 15:44:00,-4.66,315.52,315.69,315.35,2602.0,0,0.0,0.0,Hold
2025-05-20 15:45:00,-4.695,315.79,315.84,315.5,1874.0,0,0.0,0.0,Hold
2025-05-20 15:46:00,-4.911,314.54,314.58,314.39,2563.0,0,0.0,0.0,Hold
2025-05-20 15:47:00,-5.012,314.84,314.98,314.79,1829.0,0,0.0,0.0,Hold
2025-05-20 15:48:00,-4.939,315.65,316.0,315.65,2057.0,0,0.0,0.0,Hold
2025-05-20 15:49:00,-4.641,317.0,317.11,316.9,2244.0,0,0.0,0.0,Hold
2025-05-20 15:50:00,-4.515,316.26,316.39,316.13,2845.0,0,0.0,0.0,Hold
2025-05-20 15:51:00,-4.532,315.41,315.59,315.23,1655.0,0,0.0,0.0,Hold
2025-05-20 15:52:00,-4.401,316.15,316.44,316.15,1174.0,0,0.0,0.0,Hold
2025-05-20 15:53:00,-4.068,317.39,317.45,317.33,1145.0,0,0.0,0.0,Hold
2025-05-20 15:54:00,-3.821,317.12,317.18,316.94,1630.0,0,0.0,0.0,Hold
2025-05-20 15:55:00,-3.629,316.94,317.0,316.77,1685.0,0,0.0,0.0,Hold
2025-05-20 15:56:00,-3.529,316.48,316.7,316.3,666.0,0,0.0,0.0,Hold
2025-05-20 15:57:00,-3.499,316.08,316.23,316.0,1195.0,0,0.0,0.0,Hold
2025-05-20 15:58:00,-3.45,316.12,316.34,316.11,880.0,0,0.0,0.0,Hold
2025-05-20 15:59:00,-3.445,315.8,315.95,315.65,1083.0,0,0.0,0.0,Hold
2025-05-20 16:00:00,-3.509,315.27,315.4,315.13,1309.0,0,0.0,0.0,Hold
2025-05-20 16:01:00,-3.432,315.89,316.09,315.68,963.0,0,0.0,0.0,Hold
2025-05-20 16:02:00,-3.42,315.45,315.57,315.33,546.0,0,0.0,0.0,Hold
2025-05-20 16:03:00,-3.358,315.64,315.73,315.54,635.0,0,0.0,0.0,Hold
2025-05-20 16:04:00,-3.274,315.7,315.7,315.5,1044.0,0,0.0,0.0,Hold
2025-05-20 16:05:00,-3.079,316.33,316.53,316.12,1113.0,0,0.0,0.0,Hold
2025-05-20 16:06:00,-2.873,316.49,316.57,316.34,885.0,0,0.0,0.0,Hold
2025-05-20 16:07:00,-2.564,317.18,317.32,317.16,1185.0,0,0.0,0.0,Hold
2025-05-20 16:08:00,-2.416,316.42,316.6,316.42,1169.0,0,0.0,0.0,Hold
2025-05-20 16:09:00,-2.42,315.57,315.64,315.5,1226.0,0,0.0,0.0,Hold
2025-05-20 16:10:00,-2.592,314.39,314.48,314.29,3147.0,0,0.0,0.0,Hold
2025-05-20 16:11:00,-2.647,314.77,314.93,314.61,1506.0,0,0.0,0.0,Hold
2025-05-20 16:12:00,-2.878,313.49,313.57,313.48,1766.0,0,0.0,0.0,Hold
2025-05-20 16:13:00,-2.986,313.79,313.87,313.63,1875.0,0,0.0,0.0,Hold
2025-05-20 16:14:00,-3.012,313.95,314.07,313.86,1331.0,0,0.0,0.0,Hold
2025-05-20 16:15:00,-2.938,314.37,314.43,314.2,1059.0,0,0.0,0.0,Hold
2025-05-20 16:16:00,-2.791,314.73,314.78,314.51,1332.0,0,0.0,0.0,Hold
2025-05-20 16:17:00,-2.711,314.33,314.35,314.11,1003.0,0,0.0,0.0,Hold
2025-05-20 16:18:00,-2.619,314.28,314.38,314.2,625.0,0,0.0,0.0,Hold
2025-05-20 16:19:00,-2.463,314.6,314.7,314.58,706.0,0,0.0,0.0,Hold
2025-05-20 16:20:00,-2.225,315.12,315.12,314.97,672.0,0,0.0,0.0,Hold
2025-05-20 16:21:00,-1.978,315.29,315.45,315.21,876.0,0,0.0,0.0,Hold
2025-05-20 16:22:00,-1.612,316.11,316.12,315.9,1573.0,0,0.0,0.0,Hold
2025-05-20 16:23:00,-1.499,315.0,315.05,314.91,1187.0,0,0.0,0.0,Hold
2025-05-20 16:24:00,-1.392,314.98,315.03,314.78,739.0,0,0.0,0.0,Hold
2025-05-20 16:25:00,-1.232,315.34,315.37,315.13,776.0,0,0.0,0.0,Hold
2025-05-20 16:26:00,-1.119,315.14,315.19,315.09,520.0,0,0.0,0.0,Hold
2025-05-20 16:27:00,-0.946,315.58,315.66,315.5,669.0,0,0.0,0.0,Hold
2025-05-20 16:28:00,-0.838,315.21,315.38,315.2,397.0,0,0.0,0.0,Hold
2025-05-20 16:29:00,-0.737,315.28,315.4,315.05,912.0,0,0.0,0.0,Hold
2025-05-20 16:30:00,-0.742,314.58,314.7,314.56,784.0,0,0.0,0.0,Hold
2025-05-20 16:31:00,-0.689,315.01,315.07,314.95,564.0,0,0.0,0.0,Hold
2025-05-20 16:32:00,-0.607,315.12,315.2,315.04,451.0,0,0.0,0.0,Hold
2025-05-20 16:33:00,-0.61,314.86,315.0,314.81,486.0,0,0.0,0.0,Hold
2025-05-20 16:34:00,-0.584,314.79,314.88,314.7,460.0,0,0.0,0.0,Hold
2025-05-20 16:35:00,-0.496,315.24,315.39,315.16,566.0,0,0.0,0.0,Hold
2025-05-20 16:36:00,-0.534,314.73,314.8,314.61,573.0,0,0.0,0.0,Hold
2025-05-20 16:37:00,-0.575,314.61,314.78,314.61,446.0,0,0.0,0.0,Hold
2025-05-20 16:38:00,-0.63,314.56,314.61,314.43,821.0,0,0.0,0.0,Hold
2025-05-20 16:39:00,-0.636,314.67,314.79,314.67,687.0,0,0.0,0.0,Hold
2025-05-20 16:40:00,-0.55,315.01,315.1,314.91,1544.0,0,0.0,0.0,Hold
2025-05-20 16:41:00,-0.484,315.03,315.18,315.03,520.0,0,0.0,0.0,Hold
2025-05-20 16:42:00,-0.336,315.67,315.74,315.59,763.0,0,0.0,0.0,Hold
2025-05-20 16:43:00,-0.16,316.08,316.22,316.07,1112.0,0,0.0,0.0,Hold
2025-05-20 16:44:00,-0.044,315.89,315.98,315.8,1013.0,0,0.0,0.0,Hold
2025-05-20 16:45:00,0.254,317.1,317.14,317.05,1339.0,1,-317.14,-0.09,Buy
2025-05-20 16:46:00,0.461,317.03,317.06,316.93,1309.0,1,-317.14,-0.21,Hold
2025-05-20 16:47:00,0.599,316.85,316.94,316.77,1079.0,1,-317.14,-0.37,Hold
2025-05-20 16:48:00,0.75,317.04,317.1,316.98,1107.0,1,-317.14,-0.16,Hold
2025-05-20 16:49:00,0.955,317.42,317.45,317.31,1200.0,1,-317.14,0.17,Hold
2025-05-20 16:50:00,1.155,317.7,317.78,317.7,949.0,1,-317.14,0.56,Hold
2025-05-20 16:51:00,1.233,317.29,317.37,317.23,1656.0,1,-317.14,0.09,Hold
2025-05-20 16:52:00,1.309,317.33,317.44,317.24,596.0,1,-317.14,0.1,Hold
2025-05-20 16:53:00,1.27,316.61,316.72,316.51,1057.0,1,-317.14,-0.63,Hold
2025-05-20 16:54:00,1.229,316.57,316.64,316.5,780.0,1,-317.14,-0.64,Hold
2025-05-20 16:55:00,1.228,316.77,316.77,316.57,539.0,1,-317.14,-0.57,Hold
2025-05-20 16:56:00,1.13,316.23,316.29,316.17,898.0,1,-317.14,-0.97,Hold
2025-05-20 16:57:00,1.061,316.33,316.44,316.33,555.0,1,-317.14,-0.81,Hold
2025-05-20 16:58:00,0.978,316.17,316.25,316.17,908.0,1,-317.14,-0.97,Hold
2025-05-20 16:59:00,0.945,316.42,316.42,316.22,446.0,1,-317.14,-0.92,Hold
2025-05-20 17:00:00,0.961,316.74,316.85,316.63,634.0,1,-317.14,-0.51,Hold
2025-05-20 17:01:00,0.955,316.59,316.71,316.53,512.0,1,-317.14,-0.61,Hold
2025-05-20 17:02:00,1.065,317.34,317.43,317.2,832.0,1,-317.14,0.06,Hold
2025-05-20 17:03:00,1.163,317.41,317.46,317.36,565.0,1,-317.14,0.22,Hold
2025-05-20 17:04:00,1.406,318.42,318.51,318.35,1823.0,1,-317.14,1.21,Hold
2025-05-20 17:05:00,1.455,317.5,317.49,317.31,1478.0,1,-317.14,0.17,Hold
2025-05-20 17:06:00,1.455,317.26,317.29,317.15,1005.0,1,-317.14,0.01,Hold
2025-05-20 17:07:00,1.441,317.12,317.19,317.0,832.0,1,-317.14,-0.14,Hold
2025-05-20 17:08:00,1.43,317.2,317.38,317.18,1271.0,1,-317.14,0.04,Hold
2025-05-20 17:09:00,1.418,317.28,317.35,317.21,743.0,1,-317.14,0.07,Hold
2025-05-20 17:10:00,1.5,317.99,317.93,317.63,1169.0,1,-317.14,0.49,Hold
2025-05-20 17:11:00,1.603,318.23,318.36,318.23,1119.0,1,-317.14,1.09,Hold
2025-05-20 17:12:00,1.698,318.49,318.55,318.5,1760.0,1,-317.14,1.36,Hold
2025-05-20 17:13:00,1.883,319.2,319.24,319.17,1632.0,1,-317.14,2.03,Hold
2025-05-20 17:14:00,2.009,319.13,319.23,319.1,1250.0,1,-317.14,1.96,Hold
2025-05-20 17:15:00,2.131,319.3,319.34,319.22,1060.0,1,-317.14,2.08,Hold
2025-05-20 17:16:00,2.272,319.6,319.71,319.5,1253.0,1,-317.14,2.36,Hold
2025-05-20 17:17:00,2.522,320.55,320.59,320.5,2203.0,1,-317.14,3.36,Hold
2025-05-20 17:18:00,2.757,320.85,320.93,320.77,1690.0,1,-317.14,3.63,Hold
2025-05-20 17:19:00,2.985,321.15,321.3,321.01,1995.0,1,-317.14,3.87,Hold
2025-05-20 17:20:00,3.217,321.5,321.5,321.3,2746.0,1,-317.14,4.16,Hold
2025-05-20 17:21:00,3.397,321.54,321.55,321.42,1840.0,1,-317.14,4.28,Hold
2025-05-20 17:22:00,3.371,320.52,320.61,320.33,2042.0,1,-317.14,3.19,Hold
2025-05-20 17:23:00,3.346,320.69,320.74,320.55,1565.0,1,-317.14,3.41,Hold
2025-05-20 17:24:00,3.225,320.19,320.3,320.08,1147.0,1,-317.14,2.94,Hold
2025-05-20 17:25:00,3.125,320.24,320.39,320.16,1145.0,1,-317.14,3.02,Hold
2025-05-20 17:26:00,2.919,319.6,319.88,319.65,840.0,1,-317.14,2.51,Hold
2025-05-20 17:27:00,2.881,320.43,320.46,320.38,1171.0,1,-317.14,3.24,Hold
2025-05-20 17:28:00,2.843,320.51,320.61,320.5,985.0,1,-317.14,3.36,Hold
2025-05-20 17:29:00,2.869,320.95,321.03,320.87,1111.0,1,-317.14,3.73,Hold
2025-05-20 17:30:00,2.87,321.0,321.11,320.89,1103.0,1,-317.14,3.75,Hold
2025-05-20 17:31:00,2.793,320.6,320.68,320.52,655.0,1,-317.14,3.38,Hold
2025-05-20 17:32:00,2.717,320.62,320.74,320.5,779.0,1,-317.14,3.36,Hold
2025-05-20 17:33:00,2.503,319.82,319.88,319.8,682.0,1,-317.14,2.66,Hold
2025-05-20 17:34:00,2.37,320.18,320.27,320.08,616.0,1,-317.14,2.94,Hold
2025-05-20 17:35:00,2.317,320.57,320.65,320.49,556.0,1,-317.14,3.35,Hold
2025-05-20 17:36:00,2.354,321.2,321.21,321.02,785.0,1,-317.14,3.88,Hold
2025-05-20 17:37:00,2.388,321.36,321.4,321.3,821.0,1,-317.14,4.16,Hold
2025-05-20 17:38:00,2.319,320.9,321.35,320.96,874.0,1,-317.14,3.82,Hold
2025-05-20 17:39:00,2.248,320.92,321.16,320.91,578.0,1,-317.14,3.77,Hold
2025-05-20 17:40:00,2.174,320.9,321.0,320.8,745.0,1,-317.14,3.66,Hold
2025-05-20 17:41:00,2.096,320.9,321.01,320.9,716.0,1,-317.14,3.76,Hold
2025-05-20 17:42:00,2.066,321.15,321.3,320.94,1014.0,1,-317.14,3.8,Hold
2025-05-20 17:43:00,2.003,320.98,321.1,320.86,616.0,1,-317.14,3.72,Hold
2025-05-20 17:44:00,1.877,320.63,320.69,320.57,683.0,1,-317.14,3.43,Hold
2025-05-20 17:45:00,1.78,320.64,320.74,320.53,893.0,1,-317.14,3.39,Hold
2025-05-20 17:46:00,1.688,320.63,320.68,320.58,448.0,1,-317.14,3.44,Hold
2025-05-20 17:47:00,1.58,320.52,320.59,320.44,508.0,1,-317.14,3.3,Hold
2025-05-20 17:48:00,1.489,320.55,320.59,320.5,629.0,1,-317.14,3.36,Hold
2025-05-20 17:49:00,1.389,320.42,320.5,320.35,1216.0,1,-317.14,3.21,Hold
2025-05-20 17:50:00,1.27,320.22,320.23,320.1,629.0,1,-317.14,2.96,Hold
2025-05-20 17:51:00,1.167,320.28,320.35,320.2,507.0,1,-317.14,3.06,Hold
2025-05-20 17:52:00,0.941,319.47,319.6,319.45,889.0,1,-317.14,2.31,Hold
2025-05-20 17:53:00,0.855,320.18,320.19,319.98,1074.0,1,-317.14,2.84,Hold
2025-05-20 17:54:00,0.742,319.99,320.1,319.84,577.0,1,-317.14,2.7,Hold
2025-05-20 17:55:00,0.601,319.74,319.8,319.64,508.0,1,-317.14,2.5,Hold
2025-05-20 17:56:00,0.393,319.29,319.27,319.12,1370.0,1,-317.14,1.98,Hold
2025-05-20 17:57:00,0.15,318.89,318.97,318.82,838.0,1,-317.14,1.68,Hold
2025-05-20 17:58:00,-0.139,318.41,318.49,318.34,914.0,0,1.2,1.2,Sell
2025-05-20 17:59:00,-0.289,318.95,319.08,318.82,958.0,0,1.2,1.2,Hold
2025-05-20 18:00:00,-0.516,318.33,318.46,318.31,735.0,0,1.2,1.2,Hold
2025-05-20 18:01:00,-0.597,319.01,319.11,319.0,416.0,0,1.2,1.2,Hold
2025-05-20 18:02:00,-0.677,318.9,319.08,318.85,580.0,0,1.2,1.2,Hold
2025-05-20 18:03:00,-0.697,319.19,319.28,319.18,538.0,0,1.2,1.2,Hold
2025-05-20 18:04:00,-0.694,319.24,319.32,319.14,638.0,0,1.2,1.2,Hold
2025-05-20 18:05:00,-0.624,319.76,319.84,319.67,1034.0,0,1.2,1.2,Hold
2025-05-20 18:06:00,-0.665,319.23,319.36,319.22,714.0,0,1.2,1.2,Hold
2025-05-20 18:07:00,-0.685,319.36,319.51,319.36,309.0,0,1.2,1.2,Hold
2025-05-20 18:08:00,-0.742,319.15,319.2,319.11,472.0,0,1.2,1.2,Hold
2025-05-20 18:09:00,-0.847,318.82,319.01,318.86,537.0,0,1.2,1.2,Hold
2025-05-20 18:10:00,-0.85,319.28,319.28,318.99,564.0,0,1.2,1.2,Hold
2025-05-20 18:11:00,-0.985,318.48,318.62,318.33,651.0,0,1.2,1.2,Hold
2025-05-20 18:12:00,-1.195,317.85,318.07,317.83,1528.0,0,1.2,1.2,Hold
2025-05-20 18:13:00,-1.228,318.61,318.76,318.6,1040.0,0,1.2,1.2,Hold
2025-05-20 18:14:00,-1.156,319.21,319.27,319.16,597.0,0,1.2,1.2,Hold
2025-05-20 18:15:00,-1.066,319.38,319.36,319.07,762.0,0,1.2,1.2,Hold
2025-05-20 18:16:00,-0.951,319.6,319.68,319.52,425.0,0,1.2,1.2,Hold
2025-05-20 18:17:00,-0.833,319.65,319.76,319.55,442.0,0,1.2,1.2,Hold
2025-05-20 18:18:00,-0.679,319.95,320.0,319.82,646.0,0,1.2,1.2,Hold
2025-05-20 18:19:00,-0.469,320.41,320.49,320.33,1226.0,0,1.2,1.2,Hold
2025-05-20 18:20:00,-0.191,321.01,321.0,320.9,1776.0,0,1.2,1.2,Hold
2025-05-20 18:21:00,0.076,321.23,321.27,321.2,1123.0,1,-320.07,1.13,Buy
2025-05-20 18:22:00,0.283,321.26,321.26,321.16,1448.0,1,-320.07,1.09,Hold
2025-05-20 18:23:00,0.492,321.5,321.56,321.44,1299.0,1,-320.07,1.37,Hold
2025-05-20 18:24:00,0.62,321.3,321.34,321.17,914.0,1,-320.07,1.1,Hold
2025-05-20 18:25:00,0.661,320.93,321.09,320.92,660.0,1,-320.07,0.85,Hold
2025-05-20 18:26:00,0.721,321.17,321.24,321.13,614.0,1,-320.07,1.06,Hold
2025-05-20 18:27:00,0.794,321.26,321.26,321.13,1446.0,1,-320.07,1.06,Hold
2025-05-20 18:28:00,0.848,321.23,321.3,321.17,756.0,1,-320.07,1.1,Hold
2025-05-20 18:29:00,0.896,321.22,321.4,321.21,392.0,1,-320.07,1.14,Hold
2025-05-20 18:30:00,0.933,321.21,321.33,321.17,818.0,1,-320.07,1.1,Hold
2025-05-20 18:31:00,0.933,321.07,321.14,321.0,722.0,1,-320.07,0.93,Hold
2025-05-20 18:32:00,0.773,320.11,320.21,320.01,1721.0,1,-320.07,-0.06,Hold
2025-05-20 18:33:00,0.661,320.29,320.37,320.21,487.0,1,-320.07,0.14,Hold
2025-05-20 18:34:00,0.542,320.1,320.2,319.99,1120.0,1,-320.07,-0.08,Hold
2025-05-20 18:35:00,0.538,320.63,320.78,320.61,540.0,1,-320.07,0.54,Hold
2025-05-20 18:36:00,0.541,320.6,320.7,320.59,401.0,1,-320.07,0.52,Hold
2025-05-20 18:37:00,0.528,320.48,320.55,320.39,422.0,1,-320.07,0.32,Hold
2025-05-20 18:38:00,0.59,320.95,320.95,320.85,276.0,1,-320.07,0.78,Hold
2025-05-20 18:39:00,0.724,321.45,321.51,321.39,936.0,1,-320.07,1.32,Hold
2025-05-20 18:40:00,0.79,321.2,321.32,321.09,566.0,1,-320.07,1.02,Hold
2025-05-20 18:41:00,0.869,321.36,321.38,321.3,451.0,1,-320.07,1.23,Hold
2025-05-20 18:42:00,0.967,321.54,321.56,321.45,415.0,1,-320.07,1.38,Hold
2025-05-20 18:43:00,1.023,321.42,321.48,321.35,1005.0,1,-320.07,1.28,Hold
2025-05-20 18:44:00,1.182,322.15,322.24,322.05,2382.0,1,-320.07,1.98,Hold
2025-05-20 18:45:00,1.366,322.5,322.5,322.41,1562.0,1,-320.07,2.34,Hold
2025-05-20 18:46:00,1.543,322.7,322.74,322.66,1183.0,1,-320.07,2.59,Hold
2025-05-20 18:47:00,1.614,322.3,322.49,322.22,1160.0,1,-320.07,2.15,Hold
2025-05-20 18:48:00,1.59,321.83,321.98,321.83,972.0,1,-320.07,1.76,Hold
2025-05-20 18:49:00,1.6,322.05,322.1,322.0,754.0,1,-320.07,1.93,Hold
2025-05-20 18:50:00,1.584,321.95,322.02,321.87,774.0,1,-320.07,1.8,Hold
2025-05-20 18:51:00,1.639,322.39,322.39,322.2,947.0,1,-320.07,2.13,Hold
2025-05-20 18:52:00,1.603,322.02,322.2,322.0,810.0,1,-320.07,1.93,Hold
2025-05-20 18:53:00,1.548,321.84,321.99,321.84,999.0,1,-320.07,1.77,Hold
2025-05-20 18:54:00,1.504,321.9,322.0,321.83,540.0,1,-320.07,1.76,Hold
2025-05-20 18:55:00,1.462,321.92,322.15,321.91,603.0,1,-320.07,1.84,Hold
2025-05-20 18:56:00,1.419,321.95,321.95,321.73,502.0,1,-320.07,1.66,Hold
2025-05-20 18:57:00,1.279,321.41,321.54,321.45,554.0,1,-320.07,1.38,Hold
2025-05-20 18:58:00,1.146,321.39,321.5,321.35,412.0,1,-320.07,1.28,Hold
2025-05-20 18:59:00,1.054,321.49,321.67,321.45,384.0,1,-320.07,1.38,Hold
2025-05-20 19:00:00,1.003,321.75,321.99,321.74,362.0,1,-320.07,1.67,Hold
2025-05-20 19:01:00,1.037,322.2,322.3,322.17,578.0,1,-320.07,2.1,Hold
2025-05-20 19:02:00,1.049,322.18,322.22,322.17,539.0,1,-320.07,2.1,Hold
2025-05-20 19:03:00,1.096,322.43,322.5,322.41,535.0,1,-320.07,2.34,Hold
2025-05-20 19:04:00,1.115,322.37,322.48,322.34,765.0,1,-320.07,2.27,Hold
2025-05-20 19:05:00,1.162,322.56,322.73,322.5,764.0,1,-320.07,2.43,Hold
2025-05-20 19:06:00,1.169,322.48,322.53,322.4,523.0,1,-320.07,2.33,Hold
2025-05-20 19:07:00,1.149,322.37,322.51,322.24,564.0,1,-320.07,2.17,Hold
2025-05-20 19:08:00,1.073,322.08,322.13,322.02,396.0,1,-320.07,1.95,Hold
2025-05-20 19:09:00,0.982,322.0,322.16,322.0,589.0,1,-320.07,1.93,Hold
2025-05-20 19:10:00,0.961,322.33,322.38,322.29,428.0,1,-320.07,2.22,Hold
2025-05-20 19:11:00,0.845,321.87,322.0,321.84,447.0,1,-320.07,1.77,Hold
2025-05-20 19:12:00,0.802,322.31,322.33,322.11,392.0,1,-320.07,2.04,Hold
2025-05-20 19:13:00,0.741,322.16,322.23,322.09,270.0,1,-320.07,2.02,Hold
2025-05-20 19:14:00,0.682,322.11,322.19,322.03,630.0,1,-320.07,1.96,Hold
2025-05-20 19:15:00,0.692,322.5,322.49,322.36,434.0,1,-320.07,2.29,Hold
2025-05-20 19:16:00,0.698,322.52,322.6,322.45,543.0,1,-320.07,2.38,Hold
2025-05-20 19:17:00,0.652,322.26,322.34,322.18,264.0,1,-320.07,2.11,Hold
2025-05-20 19:18:00,0.582,322.08,322.17,322.0,567.0,1,-320.07,1.93,Hold
2025-05-20 19:19:00,0.488,321.85,321.94,321.76,774.0,1,-320.07,1.69,Hold
2025-05-20 19:20:00,0.372,321.58,321.65,321.51,424.0,1,-320.07,1.44,Hold
2025-05-20 19:21:00,0.188,321.03,321.14,320.9,731.0,1,-320.07,0.83,Hold
2025-05-20 19:22:00,0.037,321.02,321.15,320.96,998.0,1,-320.07,0.89,Hold
2025-05-20 19:23:00,-0.033,321.32,321.38,321.3,992.0,0,1.23,1.23,Sell
2025-05-20 19:24:00,-0.087,321.35,321.38,321.15,615.0,0,1.23,1.23,Hold
2025-05-20 19:25:00,-0.146,321.3,321.43,321.28,375.0,0,1.23,1.23,Hold
2025-05-20 19:26:00,-0.142,321.6,321.67,321.55,291.0,0,1.23,1.23,Hold
2025-05-20 19:27:00,-0.084,321.93,321.97,321.81,660.0,0,1.23,1.23,Hold
2025-05-20 19:28:00,-0.02,322.05,322.25,322.02,541.0,0,1.23,1.23,Hold
2025-05-20 19:29:00,0.004,321.89,321.99,321.86,485.0,1,-320.76,1.1,Buy
2025-05-20 19:30:00,0.06,322.12,322.19,322.06,464.0,1,-320.76,1.3,Hold
2025-05-20 19:31:00,0.164,322.51,322.55,322.5,589.0,1,-320.76,1.74,Hold
2025-05-20 19:32:00,0.289,322.87,322.89,322.85,1028.0,1,-320.76,2.09,Hold
2025-05-20 19:33:00,0.39,322.9,322.95,322.86,701.0,1,-320.76,2.1,Hold
2025-05-20 19:34:00,0.502,323.14,323.2,323.14,1265.0,1,-320.76,2.38,Hold
2025-05-20 19:35:00,0.504,322.6,322.63,322.57,912.0,1,-320.76,1.81,Hold
2025-05-20 19:36:00,0.504,322.63,322.7,322.6,507.0,1,-320.76,1.84,Hold
2025-05-20 19:37:00,0.507,322.7,322.77,322.7,533.0,1,-320.76,1.94,Hold
2025-05-20 19:38:00,0.534,322.84,322.85,322.8,343.0,1,-320.76,2.04,Hold
2025-05-20 19:39:00,0.536,322.7,322.73,322.66,462.0,1,-320.76,1.9,Hold
2025-05-20 19:40:00,0.508,322.57,322.69,322.52,298.0,1,-320.76,1.76,Hold
2025-05-20 19:41:00,0.48,322.55,322.7,322.55,753.0,1,-320.76,1.79,Hold
2025-05-20 19:42:00,0.519,322.93,323.07,322.79,585.0,1,-320.76,2.03,Hold
2025-05-20 19:43:00,0.6,323.26,323.28,323.12,505.0,1,-320.76,2.36,Hold
2025-05-20 19:44:00,0.641,323.07,323.15,323.0,572.0,1,-320.76,2.24,Hold
2025-05-20 19:45:00,0.732,323.4,323.55,323.39,767.0,1,-320.76,2.63,Hold
2025-05-20 19:46:00,0.873,323.8,323.89,323.8,1056.0,1,-320.76,3.04,Hold
2025-05-20 19:47:00,0.966,323.72,323.8,323.66,1671.0,1,-320.76,2.9,Hold
2025-05-20 19:48:00,1.057,323.89,323.99,323.8,617.0,1,-320.76,3.04,Hold
2025-05-20 19:49:00,1.156,324.05,324.07,323.95,939.0,1,-320.76,3.19,Hold
2025-05-20 19:50:00,1.095,323.24,323.35,323.21,1146.0,1,-320.76,2.45,Hold
2025-05-20 19:51:00,1.103,323.57,323.68,323.56,758.0,1,-320.76,2.8,Hold
2025-05-20 19:52:00,1.145,323.84,323.9,323.8,555.0,1,-320.76,3.04,Hold
2025-05-20 19:53:00,1.164,323.8,323.89,323.82,622.0,1,-320.76,3.06,Hold
2025-05-20 19:54:00,1.216,324.05,324.21,324.0,631.0,1,-320.76,3.24,Hold
2025-05-20 19:55:00,1.222,323.87,323.94,323.8,835.0,1,-320.76,3.04,Hold
2025-05-20 19:56:00,1.211,323.8,323.93,323.78,618.0,1,-320.76,3.02,Hold
2025-05-20 19:57:00,1.147,323.56,323.7,323.56,859.0,1,-320.76,2.8,Hold
2025-05-20 19:58:00,1.098,323.62,323.7,323.54,507.0,1,-320.76,2.78,Hold
2025-05-20 19:59:00,1.082,323.8,323.81,323.75,594.0,1,-320.76,2.99,Hold
2025-05-20 20:00:00,1.149,324.3,324.35,324.25,861.0,1,-320.76,3.49,Hold
2025-05-20 20:01:00,1.169,324.09,324.18,324.0,562.0,1,-320.76,3.24,Hold
2025-05-20 20:02:00,1.165,324.0,324.04,323.91,389.0,1,-320.76,3.15,Hold
2025-05-20 20:03:00,1.181,324.13,324.22,324.02,536.0,1,-320.76,3.26,Hold
2025-05-20 20:04:00,1.213,324.28,324.4,324.28,683.0,1,-320.76,3.52,Hold
2025-05-20 20:05:00,1.217,324.16,324.2,324.12,413.0,1,-320.76,3.36,Hold
2025-05-20 20:06:00,1.155,323.8,323.79,323.7,514.0,1,-320.76,2.94,Hold
2025-05-20 20:07:00,1.144,324.08,324.18,324.08,666.0,1,-320.76,3.32,Hold
2025-05-20 20:08:00,1.14,324.17,324.2,324.15,641.0,1,-320.76,3.39,Hold
2025-05-20 20:09:00,1.18,324.48,324.57,324.46,809.0,1,-320.76,3.7,Hold
2025-05-20 20:10:00,1.208,324.46,324.52,324.4,587.0,1,-320.76,3.64,Hold
2025-05-20 20:11:00,1.16,324.12,324.19,324.12,468.0,1,-320.76,3.36,Hold
2025-05-20 20:12:00,1.085,323.9,324.0,323.9,589.0,1,-320.76,3.14,Hold
2025-05-20 20:13:00,1.023,323.94,324.0,323.93,584.0,1,-320.76,3.17,Hold
2025-05-20 20:14:00,0.948,323.83,323.92,323.83,643.0,1,-320.76,3.07,Hold
2025-05-20 20:15:00,0.905,323.93,323.99,323.87,480.0,1,-320.76,3.11,Hold
2025-05-20 20:16:00,0.693,322.89,322.89,322.8,1193.0,1,-320.76,2.04,Hold
2025-05-20 20:17:00,0.5,322.8,322.88,322.71,1112.0,1,-320.76,1.95,Hold
2025-05-20 20:18:00,0.42,323.3,323.32,323.15,704.0,1,-320.76,2.39,Hold
2025-05-20 20:19:00,0.276,322.87,323.09,322.82,474.0,1,-320.76,2.06,Hold
2025-05-20 20:20:00,0.195,323.14,323.21,323.14,466.0,1,-320.76,2.38,Hold
2025-05-20 20:21:00,0.009,322.5,322.56,322.44,940.0,1,-320.76,1.68,Hold
2025-05-20 20:22:00,-0.13,322.61,322.72,322.6,818.0,0,1.84,1.84,Sell
2025-05-20 20:23:00,-0.264,322.48,322.59,322.41,485.0,0,1.84,1.84,Hold
2025-05-20 20:24:00,-0.285,323.04,323.12,323.03,506.0,0,1.84,1.84,Hold
2025-05-20 20:25:00,-0.354,322.76,322.82,322.7,590.0,0,1.84,1.84,Hold
2025-05-20 20:26:00,-0.441,322.57,322.64,322.5,527.0,0,1.84,1.84,Hold
2025-05-20 20:27:00,-0.543,322.37,322.45,322.3,535.0,0,1.84,1.84,Hold
2025-05-20 20:28:00,-0.61,322.47,322.54,322.32,481.0,0,1.84,1.84,Hold
2025-05-20 20:29:00,-0.692,322.32,322.39,322.25,705.0,0,1.84,1.84,Hold
2025-05-20 20:30:00,-0.746,322.39,322.42,322.35,861.0,0,1.84,1.84,Hold
2025-05-20 20:31:00,-0.831,322.11,322.29,322.1,889.0,0,1.84,1.84,Hold
2025-05-20 20:32:00,-0.901,322.06,322.2,322.02,1300.0,0,1.84,1.84,Hold
2025-05-20 20:33:00,-0.873,322.56,322.58,322.46,559.0,0,1.84,1.84,Hold
2025-05-20 20:34:00,-0.83,322.65,322.75,322.56,440.0,0,1.84,1.84,Hold
2025-05-20 20:35:00,-0.766,322.87,322.93,322.81,589.0,0,1.84,1.84,Hold
2025-05-20 20:36:00,-0.679,323.08,323.12,322.97,639.0,0,1.84,1.84,Hold
2025-05-20 20:37:00,-0.787,322.0,322.12,322.0,711.0,0,1.84,1.84,Hold
2025-05-20 20:38:00,-0.897,321.84,321.97,321.71,735.0,0,1.84,1.84,Hold
2025-05-20 20:39:00,-0.988,321.83,321.85,321.67,914.0,0,1.84,1.84,Hold
2025-05-20 20:40:00,-1.216,320.9,320.95,320.81,1097.0,0,1.84,1.84,Hold
2025-05-20 20:41:00,-1.43,320.7,320.78,320.65,982.0,0,1.84,1.84,Hold
2025-05-20 20:42:00,-1.589,320.73,320.74,320.66,743.0,0,1.84,1.84,Hold
2025-05-20 20:43:00,-1.627,321.21,321.29,321.13,692.0,0,1.84,1.84,Hold
2025-05-20 20:44:00,-1.748,320.65,320.65,320.45,1323.0,0,1.84,1.84,Hold
2025-05-20 20:45:00,-1.839,320.62,320.71,320.54,682.0,0,1.84,1.84,Hold
2025-05-20 20:46:00,-1.9,320.61,320.68,320.6,534.0,0,1.84,1.84,Hold
2025-05-20 20:47:00,-1.913,320.78,320.89,320.75,484.0,0,1.84,1.84,Hold
2025-05-20 20:48:00,-1.838,321.23,321.37,321.09,569.0,0,1.84,1.84,Hold
2025-05-20 20:49:00,-1.71,321.57,321.79,321.55,950.0,0,1.84,1.84,Hold
2025-05-20 20:50:00,-1.595,321.67,321.76,321.67,704.0,0,1.84,1.84,Hold
2025-05-20 20:51:00,-1.483,321.71,321.84,321.7,734.0,0,1.84,1.84,Hold
2025-05-20 20:52:00,-1.438,321.37,321.5,321.3,462.0,0,1.84,1.84,Hold
2025-05-20 20:53:00,-1.394,321.37,321.47,321.27,478.0,0,1.84,1.84,Hold
2025-05-20 20:54:00,-1.408,321.0,321.13,320.99,1016.0,0,1.84,1.84,Hold
2025-05-20 20:55:00,-1.344,321.42,321.58,321.37,474.0,0,1.84,1.84,Hold
2025-05-20 20:56:00,-1.26,321.57,321.64,321.44,506.0,0,1.84,1.84,Hold
2025-05-20 20:57:00,-1.201,321.5,321.59,321.41,413.0,0,1.84,1.84,Hold
2025-05-20 20:58:00,-1.052,322.06,322.11,322.03,589.0,0,1.84,1.84,Hold
2025-05-20 20:59:00,-0.943,321.94,322.09,321.94,774.0,0,1.84,1.84,Hold
2025-05-20 21:00:00,-0.869,321.76,321.8,321.72,758.0,0,1.84,1.84,Hold
2025-05-20 21:01:00,-0.723,322.25,322.37,322.23,684.0,0,1.84,1.84,Hold
2025-05-20 21:02:00,-0.609,322.2,322.3,322.11,1486.0,0,1.84,1.84,Hold
2025-05-20 21:03:00,-0.525,322.09,322.17,322.07,646.0,0,1.84,1.84,Hold
2025-05-20 21:04:00,-0.409,322.33,322.49,322.33,830.0,0,1.84,1.84,Hold
2025-05-20 21:05:00,-0.223,322.85,322.94,322.75,715.0,0,1.84,1.84,Hold
2025-05-20 21:06:00,-0.058,322.95,323.06,322.91,1228.0,0,1.84,1.84,Hold
2025-05-20 21:07:00,-0.055,322.1,322.19,322.0,718.0,0,1.84,1.84,Hold
2025-05-20 21:08:00,-0.143,321.51,321.52,321.39,1340.0,0,1.84,1.84,Hold
2025-05-20 21:09:00,-0.231,321.33,321.44,321.31,616.0,0,1.84,1.84,Hold
2025-05-20 21:10:00,-0.312,321.22,321.34,321.21,460.0,0,1.84,1.84,Hold
2025-05-20 21:11:00,-0.376,321.21,321.28,321.14,415.0,0,1.84,1.84,Hold
2025-05-20 21:12:00,-0.474,320.9,321.07,320.81,557.0,0,1.84,1.84,Hold
2025-05-20 21:13:00,-0.537,320.95,321.05,320.86,478.0,0,1.84,1.84,Hold
2025-05-20 21:14:00,-0.548,321.15,321.23,321.07,644.0,0,1.84,1.84,Hold
2025-05-20 21:15:00,-0.56,321.07,321.14,321.04,611.0,0,1.84,1.84,Hold
2025-05-20 21:16:00,-0.59,321.0,321.06,320.94,465.0,0,1.84,1.84,Hold
2025-05-20 21:17:00,-0.591,321.12,321.19,321.09,367.0,0,1.84,1.84,Hold
2025-05-20 21:18:00,-0.591,321.04,321.1,320.96,478.0,0,1.84,1.84,Hold
2025-05-20 21:19:00,-0.589,321.06,321.26,321.06,352.0,0,1.84,1.84,Hold
2025-05-20 21:20:00,-0.461,321.76,321.81,321.69,519.0,0,1.84,1.84,Hold
2025-05-20 21:21:00,-0.389,321.6,321.63,321.52,517.0,0,1.84,1.84,Hold
2025-05-20 21:22:00,-0.268,321.95,321.97,321.69,268.0,0,1.84,1.84,Hold
2025-05-20 21:23:00,-0.231,321.58,321.65,321.52,402.0,0,1.84,1.84,Hold
2025-05-20 21:24:00,-0.137,321.89,321.97,321.81,408.0,0,1.84,1.84,Hold
2025-05-20 21:25:00,-0.034,322.05,322.1,322.04,709.0,0,1.84,1.84,Hold
2025-05-20 21:26:00,0.024,321.9,322.03,321.87,942.0,1,-320.19,1.68,Buy
2025-05-20 21:27:00,0.103,322.1,322.18,322.02,687.0,1,-320.19,1.83,Hold
2025-05-20 21:28:00,0.152,321.99,322.04,321.91,301.0,1,-320.19,1.72,Hold
2025-05-20 21:29:00,0.187,321.97,321.96,321.81,350.0,1,-320.19,1.62,Hold
2025-05-20 21:30:00,0.181,321.74,321.9,321.74,802.0,1,-320.19,1.55,Hold
2025-05-20 21:31:00,0.203,321.92,321.96,321.87,724.0,1,-320.19,1.68,Hold
2025-05-20 21:32:00,0.235,322.01,322.15,322.0,489.0,1,-320.19,1.81,Hold
2025-05-20 21:33:00,0.338,322.42,322.48,322.37,671.0,1,-320.19,2.18,Hold
2025-05-20 21:34:00,0.47,322.7,322.74,322.67,555.0,1,-320.19,2.48,Hold
2025-05-20 21:35:00,0.542,322.46,322.48,322.43,590.0,1,-320.19,2.24,Hold
2025-05-20 21:36:00,0.627,322.59,322.67,322.52,400.0,1,-320.19,2.33,Hold
2025-05-20 21:37:00,0.66,322.47,322.59,322.47,273.0,1,-320.19,2.28,Hold
2025-05-20 21:38:00,0.738,322.8,322.8,322.71,438.0,1,-320.19,2.52,Hold
2025-05-20 21:39:00,0.772,322.64,322.72,322.56,519.0,1,-320.19,2.37,Hold
2025-05-20 21:40:00,0.724,322.29,322.37,322.23,559.0,1,-320.19,2.04,Hold
2025-05-20 21:41:00,0.618,321.93,321.96,321.85,446.0,1,-320.19,1.66,Hold
2025-05-20 21:42:00,0.554,322.09,322.09,322.04,655.0,1,-320.19,1.85,Hold
2025-05-20 21:43:00,0.432,321.64,321.69,321.54,573.0,1,-320.19,1.35,Hold
2025-05-20 21:44:00,0.347,321.8,321.87,321.74,536.0,1,-320.19,1.55,Hold
2025-05-20 21:45:00,0.266,321.75,321.82,321.73,558.0,1,-320.19,1.54,Hold
2025-05-20 21:46:00,0.204,321.8,321.86,321.73,442.0,1,-320.19,1.54,Hold
2025-05-20 21:47:00,0.164,321.87,321.9,321.87,555.0,1,-320.19,1.68,Hold
2025-05-20 21:48:00,0.101,321.66,321.63,321.52,429.0,1,-320.19,1.33,Hold
2025-05-20 21:49:00,0.037,321.56,321.65,321.55,461.0,1,-320.19,1.36,Hold
2025-05-20 21:50:00,-0.061,321.27,321.35,321.24,1170.0,0,1.05,1.05,Sell
2025-05-20 21:51:00,-0.184,321.0,321.06,320.97,1166.0,0,1.05,1.05,Hold
2025-05-20 21:52:00,-0.251,321.23,321.37,321.2,838.0,0,1.05,1.05,Hold
2025-05-20 21:53:00,-0.281,321.37,321.47,321.28,1010.0,0,1.05,1.05,Hold
2025-05-20 21:54:00,-0.329,321.27,321.35,321.26,748.0,0,1.05,1.05,Hold
2025-05-20 21:55:00,-0.341,321.4,321.44,321.37,1142.0,0,1.05,1.05,Hold
2025-05-20 21:56:00,-0.324,321.54,321.63,321.53,1051.0,0,1.05,1.05,Hold
2025-05-20 21:57:00,-0.277,321.75,321.75,321.7,1148.0,0,1.05,1.05,Hold
2025-05-20 21:58:00,-0.245,321.66,321.68,321.64,1509.0,0,1.05,1.05,Hold
2025-05-20 21:59:00,-0.236,321.56,321.59,321.55,2810.0,0,1.05,1.05,Hold
2025-05-20 22:00:00,-0.233,321.55,321.55,321.15,8992.0,0,1.05,1.05,No trade
