TimeStamp,final_pro_signal,close,Ask,Bid,Volume,Position,Cash,NetValue,Action
2025-05-20 15:30:00,0.182,348.73,348.82,348.64,13332.0,1,-348.82,-0.18,Buy
2025-05-20 15:31:00,0.198,350.04,350.24,350.02,13941.0,1,-348.82,1.2,Hold
2025-05-20 15:32:00,0.271,351.59,351.73,351.55,13206.0,1,-348.82,2.73,Hold
2025-05-20 15:33:00,0.328,352.23,352.35,352.23,9064.0,1,-348.82,3.41,Hold
2025-05-20 15:34:00,0.398,352.4,352.46,352.35,12475.0,1,-348.82,3.53,Hold
2025-05-20 15:35:00,0.438,353.58,353.69,353.57,10160.0,1,-348.82,4.75,Hold
2025-05-20 15:36:00,0.506,354.08,354.26,354.08,9881.0,1,-348.82,5.26,Hold
2025-05-20 15:37:00,0.5209999999999999,353.4,353.47,353.34,6453.0,1,-348.82,4.52,Hold
2025-05-20 15:38:00,0.5139999999999999,354.15,354.16,354.08,7608.0,1,-348.82,5.26,Hold
2025-05-20 15:39:00,0.5229999999999999,354.07,354.2,354.03,7461.0,1,-348.82,5.21,Hold
2025-05-20 15:40:00,0.47700000000000004,351.58,351.65,351.6,8032.0,1,-348.82,2.78,Hold
2025-05-20 15:41:00,0.405,350.86,350.87,350.77,11217.0,1,-348.82,1.95,Hold
2025-05-20 15:42:00,0.372,351.22,351.24,351.08,10154.0,1,-348.82,2.26,Hold
2025-05-20 15:43:00,0.34,349.93,350.0,349.88,6688.0,1,-348.82,1.06,Hold
2025-05-20 15:44:00,0.297,349.93,349.97,349.9,6826.0,1,-348.82,1.08,Hold
2025-05-20 15:45:00,0.251,349.54,349.58,349.5,5487.0,1,-348.82,0.68,Hold
2025-05-20 15:46:00,0.16699999999999998,347.22,347.37,347.22,8742.0,1,-348.82,-1.6,Hold
2025-05-20 15:47:00,0.056999999999999995,345.21,345.31,345.19,11433.0,1,-348.82,-3.63,Hold
2025-05-20 15:48:00,-0.010000000000000002,346.47,346.47,346.38,8549.0,0,-2.44,-2.44,Sell
2025-05-20 15:49:00,-0.064,345.98,346.08,345.91,6489.0,0,-2.44,-2.44,Hold
2025-05-20 15:50:00,-0.135,344.68,344.68,344.61,7862.0,0,-2.44,-2.44,Hold
2025-05-20 15:51:00,-0.21800000000000003,344.23,344.23,344.13,9286.0,0,-2.44,-2.44,Hold
2025-05-20 15:52:00,-0.23299999999999998,345.89,345.96,345.85,8287.0,0,-2.44,-2.44,Hold
2025-05-20 15:53:00,-0.262,345.2,345.24,345.1,6529.0,0,-2.44,-2.44,Hold
2025-05-20 15:54:00,-0.28,345.78,345.85,345.78,5576.0,0,-2.44,-2.44,Hold
2025-05-20 15:55:00,-0.311,344.55,344.66,344.55,4603.0,0,-2.44,-2.44,Hold
2025-05-20 15:56:00,-0.33999999999999997,344.59,344.68,344.59,5335.0,0,-2.44,-2.44,Hold
2025-05-20 15:57:00,-0.36,344.47,344.54,344.43,3915.0,0,-2.44,-2.44,Hold
2025-05-20 15:58:00,-0.416,343.34,343.37,343.31,8967.0,0,-2.44,-2.44,Hold
2025-05-20 15:59:00,-0.438,344.35,344.3,344.16,4984.0,0,-2.44,-2.44,Hold
2025-05-20 16:00:00,-0.42,345.6,345.6,345.52,5387.0,0,-2.44,-2.44,Hold
2025-05-20 16:01:00,-0.419,344.68,344.68,344.55,4697.0,0,-2.44,-2.44,Hold
2025-05-20 16:02:00,-0.431,344.2,344.26,344.14,3471.0,0,-2.44,-2.44,Hold
2025-05-20 16:03:00,-0.435,344.64,344.7,344.58,3571.0,0,-2.44,-2.44,Hold
2025-05-20 16:04:00,-0.435,344.42,344.43,344.29,3236.0,0,-2.44,-2.44,Hold
2025-05-20 16:05:00,-0.421,345.37,345.4,345.29,4216.0,0,-2.44,-2.44,Hold
2025-05-20 16:06:00,-0.414,344.7,344.77,344.62,3334.0,0,-2.44,-2.44,Hold
2025-05-20 16:07:00,-0.434,344.18,344.22,344.06,4957.0,0,-2.44,-2.44,Hold
2025-05-20 16:08:00,-0.439,344.15,344.2,344.06,2323.0,0,-2.44,-2.44,Hold
2025-05-20 16:09:00,-0.451,343.37,343.45,343.32,2350.0,0,-2.44,-2.44,Hold
2025-05-20 16:10:00,-0.45899999999999996,343.87,343.95,343.8,4552.0,0,-2.44,-2.44,Hold
2025-05-20 16:11:00,-0.449,344.23,344.25,344.13,2742.0,0,-2.44,-2.44,Hold
2025-05-20 16:12:00,-0.44,344.5,344.56,344.46,2499.0,0,-2.44,-2.44,Hold
2025-05-20 16:13:00,-0.42,344.7,344.74,344.67,3762.0,0,-2.44,-2.44,Hold
2025-05-20 16:14:00,-0.411,344.65,344.7,344.61,2802.0,0,-2.44,-2.44,Hold
2025-05-20 16:15:00,-0.39599999999999996,345.08,345.1,345.02,2482.0,0,-2.44,-2.44,Hold
2025-05-20 16:16:00,-0.381,344.82,344.86,344.78,2769.0,0,-2.44,-2.44,Hold
2025-05-20 16:17:00,-0.37,345.17,345.2,345.12,2393.0,0,-2.44,-2.44,Hold
2025-05-20 16:18:00,-0.33199999999999996,346.15,346.17,346.11,5557.0,0,-2.44,-2.44,Hold
2025-05-20 16:19:00,-0.309,345.69,345.72,345.65,3305.0,0,-2.44,-2.44,Hold
2025-05-20 16:20:00,-0.28,346.73,346.78,346.73,3523.0,0,-2.44,-2.44,Hold
2025-05-20 16:21:00,-0.254,346.5,346.54,346.48,6404.0,0,-2.44,-2.44,Hold
2025-05-20 16:22:00,-0.22799999999999998,347.0,347.04,346.94,3688.0,0,-2.44,-2.44,Hold
2025-05-20 16:23:00,-0.20600000000000002,346.98,347.0,346.95,2822.0,0,-2.44,-2.44,Hold
2025-05-20 16:24:00,-0.192,346.82,346.94,346.81,3438.0,0,-2.44,-2.44,Hold
2025-05-20 16:25:00,-0.185,346.53,346.65,346.54,3492.0,0,-2.44,-2.44,Hold
2025-05-20 16:26:00,-0.17099999999999999,347.15,347.15,347.09,1946.0,0,-2.44,-2.44,Hold
2025-05-20 16:27:00,-0.156,346.88,346.91,346.82,2294.0,0,-2.44,-2.44,Hold
2025-05-20 16:28:00,-0.162,345.72,345.78,345.71,4514.0,0,-2.44,-2.44,Hold
2025-05-20 16:29:00,-0.16899999999999998,345.55,345.6,345.51,2680.0,0,-2.44,-2.44,Hold
2025-05-20 16:30:00,-0.181,345.5,345.5,345.42,2709.0,0,-2.44,-2.44,Hold
2025-05-20 16:31:00,-0.187,345.3,345.39,345.3,2424.0,0,-2.44,-2.44,Hold
2025-05-20 16:32:00,-0.2,344.99,344.99,344.91,3515.0,0,-2.44,-2.44,Hold
2025-05-20 16:33:00,-0.202,345.64,345.68,345.61,2288.0,0,-2.44,-2.44,Hold
2025-05-20 16:34:00,-0.199,345.45,345.5,345.41,1633.0,0,-2.44,-2.44,Hold
2025-05-20 16:35:00,-0.19,345.89,345.92,345.85,2185.0,0,-2.44,-2.44,Hold
2025-05-20 16:36:00,-0.185,345.26,345.26,345.2,2292.0,0,-2.44,-2.44,Hold
2025-05-20 16:37:00,-0.185,345.54,345.54,345.47,2176.0,0,-2.44,-2.44,Hold
2025-05-20 16:38:00,-0.173,345.89,345.92,345.85,2403.0,0,-2.44,-2.44,Hold
2025-05-20 16:39:00,-0.154,346.45,346.49,346.41,3340.0,0,-2.44,-2.44,Hold
2025-05-20 16:40:00,-0.134,346.6,346.67,346.6,2903.0,0,-2.44,-2.44,Hold
2025-05-20 16:41:00,-0.112,346.79,346.82,346.75,4041.0,0,-2.44,-2.44,Hold
2025-05-20 16:42:00,-0.099,346.58,346.59,346.53,2011.0,0,-2.44,-2.44,Hold
2025-05-20 16:43:00,-0.091,346.14,346.19,346.11,1433.0,0,-2.44,-2.44,Hold
2025-05-20 16:44:00,-0.087,346.77,346.83,346.77,1755.0,0,-2.44,-2.44,Hold
2025-05-20 16:45:00,-0.07400000000000001,346.78,346.82,346.75,1537.0,0,-2.44,-2.44,Hold
2025-05-20 16:46:00,-0.069,346.62,346.7,346.61,1771.0,0,-2.44,-2.44,Hold
2025-05-20 16:47:00,-0.067,346.58,346.62,346.54,1436.0,0,-2.44,-2.44,Hold
2025-05-20 16:48:00,-0.066,346.57,346.6,346.54,1173.0,0,-2.44,-2.44,Hold
2025-05-20 16:49:00,-0.064,346.37,346.41,346.35,1103.0,0,-2.44,-2.44,Hold
2025-05-20 16:50:00,-0.068,346.39,346.45,346.37,1948.0,0,-2.44,-2.44,Hold
2025-05-20 16:51:00,-0.07200000000000001,345.44,345.49,345.43,2446.0,0,-2.44,-2.44,Hold
2025-05-20 16:52:00,-0.085,345.81,345.84,345.8,1719.0,0,-2.44,-2.44,Hold
2025-05-20 16:53:00,-0.089,346.11,346.14,346.07,1206.0,0,-2.44,-2.44,Hold
2025-05-20 16:54:00,-0.087,346.54,346.6,346.51,2063.0,0,-2.44,-2.44,Hold
2025-05-20 16:55:00,-0.084,346.38,346.42,346.32,1586.0,0,-2.44,-2.44,Hold
2025-05-20 16:56:00,-0.084,346.01,346.07,346.01,1166.0,0,-2.44,-2.44,Hold
2025-05-20 16:57:00,-0.094,345.7,345.78,345.65,1936.0,0,-2.44,-2.44,Hold
2025-05-20 16:58:00,-0.10600000000000001,345.43,345.49,345.41,2268.0,0,-2.44,-2.44,Hold
2025-05-20 16:59:00,-0.117,345.29,345.32,345.25,1439.0,0,-2.44,-2.44,Hold
2025-05-20 17:00:00,-0.129,345.65,345.7,345.6,2947.0,0,-2.44,-2.44,Hold
2025-05-20 17:01:00,-0.133,345.42,345.47,345.38,1664.0,0,-2.44,-2.44,Hold
2025-05-20 17:02:00,-0.139,345.98,345.98,345.93,1791.0,0,-2.44,-2.44,Hold
2025-05-20 17:03:00,-0.137,345.96,345.99,345.93,1423.0,0,-2.44,-2.44,Hold
2025-05-20 17:04:00,-0.135,345.75,345.78,345.71,1165.0,0,-2.44,-2.44,Hold
2025-05-20 17:05:00,-0.137,345.45,345.49,345.4,1396.0,0,-2.44,-2.44,Hold
2025-05-20 17:06:00,-0.139,345.55,345.59,345.54,792.0,0,-2.44,-2.44,Hold
2025-05-20 17:07:00,-0.137,346.83,346.86,346.8,2360.0,0,-2.44,-2.44,Hold
2025-05-20 17:08:00,-0.123,346.7,346.74,346.66,3420.0,0,-2.44,-2.44,Hold
2025-05-20 17:09:00,-0.111,346.33,346.35,346.3,1403.0,0,-2.44,-2.44,Hold
2025-05-20 17:10:00,-0.10800000000000001,346.48,346.52,346.45,1324.0,0,-2.44,-2.44,Hold
2025-05-20 17:11:00,-0.1,346.51,346.52,346.45,1327.0,0,-2.44,-2.44,Hold
2025-05-20 17:12:00,-0.095,346.11,346.16,346.07,1594.0,0,-2.44,-2.44,Hold
2025-05-20 17:13:00,-0.098,345.57,345.67,345.57,1760.0,0,-2.44,-2.44,Hold
2025-05-20 17:14:00,-0.10400000000000001,345.64,345.67,345.59,1610.0,0,-2.44,-2.44,Hold
2025-05-20 17:15:00,-0.10600000000000001,345.87,345.91,345.83,2036.0,0,-2.44,-2.44,Hold
2025-05-20 17:16:00,-0.10800000000000001,345.99,346.03,345.96,992.0,0,-2.44,-2.44,Hold
2025-05-20 17:17:00,-0.10600000000000001,346.23,346.26,346.18,1228.0,0,-2.44,-2.44,Hold
2025-05-20 17:18:00,-0.10200000000000001,346.39,346.4,346.34,917.0,0,-2.44,-2.44,Hold
2025-05-20 17:19:00,-0.098,346.13,346.15,346.11,1235.0,0,-2.44,-2.44,Hold
2025-05-20 17:20:00,-0.098,345.75,345.81,345.7,1463.0,0,-2.44,-2.44,Hold
2025-05-20 17:21:00,-0.10400000000000001,346.37,346.39,346.32,1115.0,0,-2.44,-2.44,Hold
2025-05-20 17:22:00,-0.097,346.08,346.12,346.03,1173.0,0,-2.44,-2.44,Hold
2025-05-20 17:23:00,-0.098,345.75,345.79,345.71,1004.0,0,-2.44,-2.44,Hold
2025-05-20 17:24:00,-0.10200000000000001,345.66,345.7,345.65,875.0,0,-2.44,-2.44,Hold
2025-05-20 17:25:00,-0.10700000000000001,345.8,345.88,345.8,1081.0,0,-2.44,-2.44,Hold
2025-05-20 17:26:00,-0.10800000000000001,346.29,346.3,346.24,1305.0,0,-2.44,-2.44,Hold
2025-05-20 17:27:00,-0.101,346.11,346.15,346.08,744.0,0,-2.44,-2.44,Hold
2025-05-20 17:28:00,-0.101,345.85,345.87,345.81,1016.0,0,-2.44,-2.44,Hold
2025-05-20 17:29:00,-0.10400000000000001,346.2,346.26,346.15,1252.0,0,-2.44,-2.44,Hold
2025-05-20 17:30:00,-0.097,346.39,346.46,346.37,2332.0,0,-2.44,-2.44,Hold
2025-05-20 17:31:00,-0.091,346.8,346.83,346.8,2414.0,0,-2.44,-2.44,Hold
2025-05-20 17:32:00,-0.082,346.59,346.63,346.55,2193.0,0,-2.44,-2.44,Hold
2025-05-20 17:33:00,-0.08,346.24,346.31,346.22,2133.0,0,-2.44,-2.44,Hold
2025-05-20 17:34:00,-0.08,346.35,346.39,346.3,1093.0,0,-2.44,-2.44,Hold
2025-05-20 17:35:00,-0.079,346.4,346.44,346.37,629.0,0,-2.44,-2.44,Hold
2025-05-20 17:36:00,-0.077,346.22,346.26,346.18,778.0,0,-2.44,-2.44,Hold
2025-05-20 17:37:00,-0.077,346.49,346.49,346.4,1597.0,0,-2.44,-2.44,Hold
2025-05-20 17:38:00,-0.07,346.84,346.92,346.82,3602.0,0,-2.44,-2.44,Hold
2025-05-20 17:39:00,-0.056,347.34,347.37,347.31,4705.0,0,-2.44,-2.44,Hold
2025-05-20 17:40:00,-0.042,347.58,347.67,347.57,3125.0,0,-2.44,-2.44,Hold
2025-05-20 17:41:00,-0.030000000000000002,347.41,347.41,347.33,2128.0,0,-2.44,-2.44,Hold
2025-05-20 17:42:00,-0.018000000000000002,347.84,347.9,347.83,4183.0,0,-2.44,-2.44,Hold
2025-05-20 17:43:00,-0.0040000000000000036,347.89,347.91,347.86,2871.0,0,-2.44,-2.44,Hold
2025-05-20 17:44:00,0.0049999999999999975,347.63,347.67,347.63,2245.0,1,-350.11,-2.48,Buy
2025-05-20 17:45:00,0.009999999999999995,347.39,347.45,347.38,2171.0,1,-350.11,-2.73,Hold
2025-05-20 17:46:00,0.011999999999999997,347.4,347.44,347.36,1543.0,1,-350.11,-2.75,Hold
2025-05-20 17:47:00,0.013999999999999999,347.7,347.76,347.72,2484.0,1,-350.11,-2.39,Hold
2025-05-20 17:48:00,0.020000000000000004,348.36,348.4,348.32,3961.0,1,-350.11,-1.79,Hold
2025-05-20 17:49:00,0.027999999999999997,348.31,348.34,348.29,1789.0,1,-350.11,-1.82,Hold
2025-05-20 17:50:00,0.03799999999999999,348.37,348.43,348.37,2673.0,1,-350.11,-1.74,Hold
2025-05-20 17:51:00,0.051000000000000004,348.94,349.0,348.94,4674.0,1,-350.11,-1.17,Hold
2025-05-20 17:52:00,0.065,349.04,349.06,349.01,3650.0,1,-350.11,-1.1,Hold
2025-05-20 17:53:00,0.075,348.86,348.91,348.83,2016.0,1,-350.11,-1.28,Hold
2025-05-20 17:54:00,0.081,349.22,349.22,349.18,2529.0,1,-350.11,-0.93,Hold
2025-05-20 17:55:00,0.09699999999999999,349.6,349.65,349.61,4598.0,1,-350.11,-0.5,Hold
2025-05-20 17:56:00,0.115,349.86,349.94,349.87,5797.0,1,-350.11,-0.24,Hold
2025-05-20 17:57:00,0.12100000000000001,349.8,349.84,349.76,3376.0,1,-350.11,-0.35,Hold
2025-05-20 17:58:00,0.126,349.31,349.32,349.25,3569.0,1,-350.11,-0.86,Hold
2025-05-20 17:59:00,0.12000000000000001,349.17,349.23,349.12,3038.0,1,-350.11,-0.99,Hold
2025-05-20 18:00:00,0.116,349.01,349.04,349.0,2034.0,1,-350.11,-1.11,Hold
2025-05-20 18:01:00,0.10099999999999999,348.76,348.79,348.73,3550.0,1,-350.11,-1.38,Hold
2025-05-20 18:02:00,0.09299999999999999,348.79,348.85,348.8,2250.0,1,-350.11,-1.31,Hold
2025-05-20 18:03:00,0.09000000000000001,348.85,348.88,348.8,2577.0,1,-350.11,-1.31,Hold
2025-05-20 18:04:00,0.078,348.75,348.8,348.7,1584.0,1,-350.11,-1.41,Hold
2025-05-20 18:05:00,0.06999999999999999,348.1,348.1,348.0,2263.0,1,-350.11,-2.11,Hold
2025-05-20 18:06:00,0.05499999999999999,348.11,348.18,348.11,1920.0,1,-350.11,-2.0,Hold
2025-05-20 18:07:00,0.041999999999999996,348.12,348.14,348.07,1208.0,1,-350.11,-2.04,Hold
2025-05-20 18:08:00,0.031,347.95,348.05,347.95,1631.0,1,-350.11,-2.16,Hold
2025-05-20 18:09:00,0.013999999999999999,348.16,348.22,348.16,1659.0,1,-350.11,-1.95,Hold
2025-05-20 18:10:00,0.005999999999999998,347.67,347.74,347.67,1925.0,1,-350.11,-2.44,Hold
2025-05-20 18:11:00,-0.008,347.77,347.82,347.76,1897.0,0,-2.35,-2.35,Sell
2025-05-20 18:12:00,-0.019000000000000003,347.5,347.5,347.43,1521.0,0,-2.35,-2.35,Hold
2025-05-20 18:13:00,-0.036000000000000004,347.85,347.86,347.83,1863.0,0,-2.35,-2.35,Hold
2025-05-20 18:14:00,-0.042,347.86,347.89,347.82,1409.0,0,-2.35,-2.35,Hold
2025-05-20 18:15:00,-0.048,347.89,347.97,347.86,1413.0,0,-2.35,-2.35,Hold
2025-05-20 18:16:00,-0.053000000000000005,347.94,347.95,347.89,1206.0,0,-2.35,-2.35,Hold
2025-05-20 18:17:00,-0.060000000000000005,348.22,348.25,348.18,1547.0,0,-2.35,-2.35,Hold
2025-05-20 18:18:00,-0.062,348.7,348.73,348.66,2726.0,0,-2.35,-2.35,Hold
2025-05-20 18:19:00,-0.058,348.64,348.7,348.64,1208.0,0,-2.35,-2.35,Hold
2025-05-20 18:20:00,-0.056,348.88,348.89,348.83,1494.0,0,-2.35,-2.35,Hold
2025-05-20 18:21:00,-0.05,348.68,348.74,348.65,1341.0,0,-2.35,-2.35,Hold
2025-05-20 18:22:00,-0.048,348.68,348.7,348.62,915.0,0,-2.35,-2.35,Hold
2025-05-20 18:23:00,-0.048,348.63,348.65,348.6,959.0,0,-2.35,-2.35,Hold
2025-05-20 18:24:00,-0.049,348.46,348.54,348.47,1465.0,0,-2.35,-2.35,Hold
2025-05-20 18:25:00,-0.053000000000000005,348.49,348.55,348.49,1729.0,0,-2.35,-2.35,Hold
2025-05-20 18:26:00,-0.060000000000000005,349.08,349.09,348.99,1614.0,0,-2.35,-2.35,Hold
2025-05-20 18:27:00,-0.052000000000000005,349.7,349.73,349.68,4951.0,0,-2.35,-2.35,Hold
2025-05-20 18:28:00,-0.035,349.74,349.74,349.61,4684.0,0,-2.35,-2.35,Hold
2025-05-20 18:29:00,-0.022000000000000002,349.29,349.33,349.26,2343.0,0,-2.35,-2.35,Hold
2025-05-20 18:30:00,-0.022000000000000002,349.73,349.73,349.65,1893.0,0,-2.35,-2.35,Hold
2025-05-20 18:31:00,-0.017,349.69,349.75,349.67,1886.0,0,-2.35,-2.35,Hold
2025-05-20 18:32:00,0.003999999999999997,349.74,349.76,349.68,16767.0,1,-352.11,-2.43,Buy
2025-05-20 18:33:00,0.008999999999999994,350.37,350.4,350.37,1873.0,1,-352.11,-1.74,Hold
2025-05-20 18:34:00,0.021999999999999992,349.83,349.86,349.8,3863.0,1,-352.11,-2.31,Hold
2025-05-20 18:35:00,0.022999999999999993,350.03,350.03,349.96,2017.0,1,-352.11,-2.15,Hold
2025-05-20 18:36:00,0.022999999999999993,349.92,349.94,349.85,1996.0,1,-352.11,-2.26,Hold
2025-05-20 18:37:00,0.021999999999999992,349.99,350.05,349.99,1592.0,1,-352.11,-2.12,Hold
2025-05-20 18:38:00,0.027999999999999997,350.21,350.24,350.18,3971.0,1,-352.11,-1.93,Hold
2025-05-20 18:39:00,0.031,349.88,349.93,349.85,1834.0,1,-352.11,-2.26,Hold
2025-05-20 18:40:00,0.028999999999999998,349.98,350.0,349.97,1808.0,1,-352.11,-2.14,Hold
2025-05-20 18:41:00,0.025999999999999995,349.81,349.85,349.79,1741.0,1,-352.11,-2.32,Hold
2025-05-20 18:42:00,0.021999999999999992,350.0,350.06,349.98,1626.0,1,-352.11,-2.13,Hold
2025-05-20 18:43:00,0.020000000000000004,349.91,349.97,349.9,1364.0,1,-352.11,-2.21,Hold
2025-05-20 18:44:00,0.016,350.57,350.64,350.56,2095.0,1,-352.11,-1.55,Hold
2025-05-20 18:45:00,0.034,351.16,351.19,351.13,7443.0,1,-352.11,-0.98,Hold
2025-05-20 18:46:00,0.043,350.97,351.0,350.94,2956.0,1,-352.11,-1.17,Hold
2025-05-20 18:47:00,0.05,351.18,351.24,351.18,2684.0,1,-352.11,-0.93,Hold
2025-05-20 18:48:00,0.059,351.3,351.33,351.29,2800.0,1,-352.11,-0.82,Hold
2025-05-20 18:49:00,0.073,351.58,351.66,351.57,3998.0,1,-352.11,-0.54,Hold
2025-05-20 18:50:00,0.083,351.66,351.7,351.65,2941.0,1,-352.11,-0.46,Hold
2025-05-20 18:51:00,0.08900000000000001,351.61,351.63,351.56,2787.0,1,-352.11,-0.55,Hold
2025-05-20 18:52:00,0.09199999999999998,351.48,351.49,351.46,1728.0,1,-352.11,-0.65,Hold
2025-05-20 18:53:00,0.09299999999999999,351.35,351.41,351.34,1710.0,1,-352.11,-0.77,Hold
2025-05-20 18:54:00,0.09000000000000001,351.14,351.17,351.13,1971.0,1,-352.11,-0.98,Hold
2025-05-20 18:55:00,0.08600000000000001,351.33,351.4,351.32,1664.0,1,-352.11,-0.79,Hold
2025-05-20 18:56:00,0.08,351.03,351.03,350.95,2327.0,1,-352.11,-1.16,Hold
2025-05-20 18:57:00,0.06899999999999999,350.83,350.86,350.81,2102.0,1,-352.11,-1.3,Hold
2025-05-20 18:58:00,0.057999999999999996,350.8,350.83,350.77,1754.0,1,-352.11,-1.34,Hold
2025-05-20 18:59:00,0.05,350.8,350.81,350.78,1274.0,1,-352.11,-1.33,Hold
2025-05-20 19:00:00,0.03599999999999999,350.72,350.75,350.69,1462.0,1,-352.11,-1.42,Hold
2025-05-20 19:01:00,0.027999999999999997,351.1,351.11,351.03,2736.0,1,-352.11,-1.08,Hold
2025-05-20 19:02:00,0.027999999999999997,350.83,350.88,350.79,1357.0,1,-352.11,-1.32,Hold
2025-05-20 19:03:00,0.019000000000000003,350.84,350.89,350.79,1192.0,1,-352.11,-1.32,Hold
2025-05-20 19:04:00,0.010999999999999996,350.6,350.64,350.56,1268.0,1,-352.11,-1.55,Hold
2025-05-20 19:05:00,0.000999999999999994,350.77,350.78,350.72,1505.0,1,-352.11,-1.39,Hold
2025-05-20 19:06:00,-0.0020000000000000018,350.95,351.0,350.9,1991.0,0,-1.21,-1.21,Sell
2025-05-20 19:07:00,-0.0020000000000000018,351.5,351.55,351.45,3433.0,0,-1.21,-1.21,Hold
2025-05-20 19:08:00,0.0029999999999999957,351.79,351.8,351.74,2372.0,1,-353.01,-1.27,Buy
2025-05-20 19:09:00,0.015,352.08,352.1,352.05,4769.0,1,-353.01,-0.96,Hold
2025-05-20 19:10:00,0.022999999999999993,351.86,351.91,351.81,2134.0,1,-353.01,-1.2,Hold
2025-05-20 19:11:00,0.022999999999999993,351.48,351.48,351.43,1943.0,1,-353.01,-1.58,Hold
2025-05-20 19:12:00,0.022999999999999993,351.61,351.67,351.6,2616.0,1,-353.01,-1.41,Hold
2025-05-20 19:13:00,0.013999999999999999,350.9,350.9,350.85,3134.0,1,-353.01,-2.16,Hold
2025-05-20 19:14:00,0.0,351.14,351.2,351.08,1717.0,1,-353.01,-1.93,Hold
2025-05-20 19:15:00,-0.008,351.1,351.13,351.05,1128.0,0,-1.96,-1.96,Sell
2025-05-20 19:16:00,-0.016,351.01,351.09,351.01,903.0,0,-1.96,-1.96,Hold
2025-05-20 19:17:00,-0.025,351.06,351.09,351.06,838.0,0,-1.96,-1.96,Hold
2025-05-20 19:18:00,-0.027000000000000003,351.08,351.11,351.04,1234.0,0,-1.96,-1.96,Hold
2025-05-20 19:19:00,-0.041,350.99,351.03,350.92,2312.0,0,-1.96,-1.96,Hold
2025-05-20 19:20:00,-0.051000000000000004,350.8,350.84,350.77,1471.0,0,-1.96,-1.96,Hold
2025-05-20 19:21:00,-0.060000000000000005,350.27,350.31,350.22,1955.0,0,-1.96,-1.96,Hold
2025-05-20 19:22:00,-0.081,350.7,350.72,350.67,1372.0,0,-1.96,-1.96,Hold
2025-05-20 19:23:00,-0.087,350.51,350.58,350.51,793.0,0,-1.96,-1.96,Hold
2025-05-20 19:24:00,-0.096,350.46,350.5,350.42,694.0,0,-1.96,-1.96,Hold
2025-05-20 19:25:00,-0.10200000000000001,350.34,350.4,350.34,1064.0,0,-1.96,-1.96,Hold
2025-05-20 19:26:00,-0.117,350.67,350.7,350.63,1303.0,0,-1.96,-1.96,Hold
2025-05-20 19:27:00,-0.116,350.73,350.75,350.7,1558.0,0,-1.96,-1.96,Hold
2025-05-20 19:28:00,-0.11800000000000001,350.79,350.8,350.7,892.0,0,-1.96,-1.96,Hold
2025-05-20 19:29:00,-0.121,350.39,350.45,350.35,1241.0,0,-1.96,-1.96,Hold
2025-05-20 19:30:00,-0.129,350.58,350.6,350.53,1111.0,0,-1.96,-1.96,Hold
2025-05-20 19:31:00,-0.133,350.56,350.55,350.44,862.0,0,-1.96,-1.96,Hold
2025-05-20 19:32:00,-0.135,350.21,350.24,350.12,1026.0,0,-1.96,-1.96,Hold
2025-05-20 19:33:00,-0.14900000000000002,349.68,349.72,349.64,3486.0,0,-1.96,-1.96,Hold
2025-05-20 19:34:00,-0.16799999999999998,349.24,349.3,349.24,2571.0,0,-1.96,-1.96,Hold
2025-05-20 19:35:00,-0.18,349.26,349.31,349.2,2249.0,0,-1.96,-1.96,Hold
2025-05-20 19:36:00,-0.192,349.65,349.65,349.6,2253.0,0,-1.96,-1.96,Hold
2025-05-20 19:37:00,-0.197,349.61,349.65,349.58,1718.0,0,-1.96,-1.96,Hold
2025-05-20 19:38:00,-0.203,350.11,350.17,350.11,1467.0,0,-1.96,-1.96,Hold
2025-05-20 19:39:00,-0.196,349.72,349.79,349.72,1839.0,0,-1.96,-1.96,Hold
2025-05-20 19:40:00,-0.2,349.8,349.84,349.75,1144.0,0,-1.96,-1.96,Hold
2025-05-20 19:41:00,-0.199,349.99,350.0,349.93,1030.0,0,-1.96,-1.96,Hold
2025-05-20 19:42:00,-0.195,349.8,349.84,349.77,1226.0,0,-1.96,-1.96,Hold
2025-05-20 19:43:00,-0.198,349.98,349.98,349.93,877.0,0,-1.96,-1.96,Hold
2025-05-20 19:44:00,-0.195,349.91,349.94,349.88,631.0,0,-1.96,-1.96,Hold
2025-05-20 19:45:00,-0.193,350.2,350.21,350.18,1173.0,0,-1.96,-1.96,Hold
2025-05-20 19:46:00,-0.185,350.33,350.33,350.29,1762.0,0,-1.96,-1.96,Hold
2025-05-20 19:47:00,-0.177,350.15,350.17,350.12,1081.0,0,-1.96,-1.96,Hold
2025-05-20 19:48:00,-0.172,350.31,350.34,350.25,1483.0,0,-1.96,-1.96,Hold
2025-05-20 19:49:00,-0.167,350.26,350.29,350.24,1117.0,0,-1.96,-1.96,Hold
2025-05-20 19:50:00,-0.164,350.0,350.05,349.97,1517.0,0,-1.96,-1.96,Hold
2025-05-20 19:51:00,-0.165,350.18,350.25,350.18,1106.0,0,-1.96,-1.96,Hold
2025-05-20 19:52:00,-0.162,350.44,350.47,350.41,1382.0,0,-1.96,-1.96,Hold
2025-05-20 19:53:00,-0.153,350.54,350.58,350.54,1822.0,0,-1.96,-1.96,Hold
2025-05-20 19:54:00,-0.14600000000000002,351.05,351.07,351.04,1814.0,0,-1.96,-1.96,Hold
2025-05-20 19:55:00,-0.129,351.05,351.08,351.03,3217.0,0,-1.96,-1.96,Hold
2025-05-20 19:56:00,-0.11900000000000001,350.97,351.01,350.92,2389.0,0,-1.96,-1.96,Hold
2025-05-20 19:57:00,-0.114,350.93,350.99,350.92,1566.0,0,-1.96,-1.96,Hold
2025-05-20 19:58:00,-0.10600000000000001,351.17,351.18,351.16,1516.0,0,-1.96,-1.96,Hold
2025-05-20 19:59:00,-0.098,351.09,351.13,351.06,1289.0,0,-1.96,-1.96,Hold
2025-05-20 20:00:00,-0.094,351.0,351.0,350.97,1500.0,0,-1.96,-1.96,Hold
2025-05-20 20:01:00,-0.10200000000000001,350.94,350.97,350.91,7583.0,0,-1.96,-1.96,Hold
2025-05-20 20:02:00,-0.098,350.95,350.99,350.94,1054.0,0,-1.96,-1.96,Hold
2025-05-20 20:03:00,-0.094,351.42,351.46,351.38,3814.0,0,-1.96,-1.96,Hold
2025-05-20 20:04:00,-0.084,351.27,351.33,351.24,3115.0,0,-1.96,-1.96,Hold
2025-05-20 20:05:00,-0.08,351.5,351.5,351.42,2044.0,0,-1.96,-1.96,Hold
2025-05-20 20:06:00,-0.07100000000000001,351.73,351.8,351.72,2005.0,0,-1.96,-1.96,Hold
2025-05-20 20:07:00,-0.052000000000000005,352.61,352.66,352.61,5103.0,0,-1.96,-1.96,Hold
2025-05-20 20:08:00,-0.017,352.96,352.98,352.9,8361.0,0,-1.96,-1.96,Hold
2025-05-20 20:09:00,0.009999999999999995,352.43,352.47,352.36,5260.0,1,-354.43,-2.07,Buy
2025-05-20 20:10:00,0.016,352.87,352.9,352.77,3905.0,1,-354.43,-1.66,Hold
2025-05-20 20:11:00,0.035,353.14,353.2,353.07,3160.0,1,-354.43,-1.36,Hold
2025-05-20 20:12:00,0.05399999999999999,353.14,353.19,353.1,3627.0,1,-354.43,-1.33,Hold
2025-05-20 20:13:00,0.06899999999999999,353.23,353.26,353.2,2879.0,1,-354.43,-1.23,Hold
2025-05-20 20:14:00,0.09699999999999999,353.87,353.95,353.87,7772.0,1,-354.43,-0.56,Hold
2025-05-20 20:15:00,0.12100000000000001,354.26,354.29,354.22,5264.0,1,-354.43,-0.21,Hold
2025-05-20 20:16:00,0.15599999999999997,354.58,354.6,354.52,7245.0,1,-354.43,0.09,Hold
2025-05-20 20:17:00,0.16899999999999998,354.09,354.09,353.99,4868.0,1,-354.43,-0.44,Hold
2025-05-20 20:18:00,0.16599999999999998,353.98,354.0,353.95,4384.0,1,-354.43,-0.48,Hold
2025-05-20 20:19:00,0.174,354.05,354.08,354.01,3425.0,1,-354.43,-0.42,Hold
2025-05-20 20:20:00,0.174,353.37,353.4,353.31,3148.0,1,-354.43,-1.12,Hold
2025-05-20 20:21:00,0.129,352.29,352.29,352.2,6405.0,1,-354.43,-2.23,Hold
2025-05-20 20:22:00,0.104,352.02,352.1,352.0,3743.0,1,-354.43,-2.43,Hold
2025-05-20 20:23:00,0.073,352.65,352.69,352.61,3870.0,1,-354.43,-1.82,Hold
2025-05-20 20:24:00,0.061,352.24,352.28,352.2,2793.0,1,-354.43,-2.23,Hold
2025-05-20 20:25:00,0.05299999999999999,352.5,352.59,352.5,3600.0,1,-354.43,-1.93,Hold
2025-05-20 20:26:00,0.031,352.14,352.19,352.1,3479.0,1,-354.43,-2.33,Hold
2025-05-20 20:27:00,0.010999999999999996,351.33,351.41,351.29,3237.0,1,-354.43,-3.14,Hold
2025-05-20 20:28:00,-0.03900000000000001,350.0,350.1,350.0,6430.0,0,-4.43,-4.43,Sell
2025-05-20 20:29:00,-0.085,349.8,349.9,349.78,5998.0,0,-4.43,-4.43,Hold
2025-05-20 20:30:00,-0.116,350.1,350.14,350.05,3741.0,0,-4.43,-4.43,Hold
2025-05-20 20:31:00,-0.14800000000000002,349.69,349.69,349.57,4561.0,0,-4.43,-4.43,Hold
2025-05-20 20:32:00,-0.176,349.58,349.64,349.54,2768.0,0,-4.43,-4.43,Hold
2025-05-20 20:33:00,-0.2,349.31,349.36,349.3,2491.0,0,-4.43,-4.43,Hold
2025-05-20 20:34:00,-0.21900000000000003,349.96,349.97,349.9,4761.0,0,-4.43,-4.43,Hold
2025-05-20 20:35:00,-0.23099999999999998,349.58,349.67,349.57,2488.0,0,-4.43,-4.43,Hold
2025-05-20 20:36:00,-0.254,349.1,349.11,349.01,2802.0,0,-4.43,-4.43,Hold
2025-05-20 20:37:00,-0.269,349.6,349.63,349.52,4386.0,0,-4.43,-4.43,Hold
2025-05-20 20:38:00,-0.279,349.3,349.41,349.3,3431.0,0,-4.43,-4.43,Hold
2025-05-20 20:39:00,-0.287,349.32,349.33,349.29,1146.0,0,-4.43,-4.43,Hold
2025-05-20 20:40:00,-0.309,348.57,348.63,348.53,4116.0,0,-4.43,-4.43,Hold
2025-05-20 20:41:00,-0.245,347.45,347.45,347.39,4716.0,0,-4.43,-4.43,Hold
2025-05-20 20:42:00,-0.28200000000000003,347.2,347.26,347.15,5870.0,0,-4.43,-4.43,Hold
2025-05-20 20:43:00,-0.315,347.05,347.09,347.05,4180.0,0,-4.43,-4.43,Hold
2025-05-20 20:44:00,-0.34099999999999997,346.71,346.75,346.68,4142.0,0,-4.43,-4.43,Hold
2025-05-20 20:45:00,-0.362,346.64,346.7,346.61,2741.0,0,-4.43,-4.43,Hold
2025-05-20 20:46:00,-0.383,346.23,346.3,346.23,3728.0,0,-4.43,-4.43,Hold
2025-05-20 20:47:00,-0.414,346.1,346.18,346.05,4656.0,0,-4.43,-4.43,Hold
2025-05-20 20:48:00,-0.432,345.61,345.68,345.61,3367.0,0,-4.43,-4.43,Hold
2025-05-20 20:49:00,-0.473,345.31,345.32,345.25,7961.0,0,-4.43,-4.43,Hold
2025-05-20 20:50:00,-0.492,345.03,345.12,345.03,3480.0,0,-4.43,-4.43,Hold
2025-05-20 20:51:00,-0.498,345.57,345.6,345.54,4463.0,0,-4.43,-4.43,Hold
2025-05-20 20:52:00,-0.503,345.04,345.1,345.01,3342.0,0,-4.43,-4.43,Hold
2025-05-20 20:53:00,-0.502,345.98,345.98,345.92,3515.0,0,-4.43,-4.43,Hold
2025-05-20 20:54:00,-0.484,346.1,346.17,346.03,3857.0,0,-4.43,-4.43,Hold
2025-05-20 20:55:00,-0.46599999999999997,346.32,346.32,346.23,3380.0,0,-4.43,-4.43,Hold
2025-05-20 20:56:00,-0.46199999999999997,346.2,346.34,346.2,3421.0,0,-4.43,-4.43,Hold
2025-05-20 20:57:00,-0.451,346.17,346.23,346.14,2054.0,0,-4.43,-4.43,Hold
2025-05-20 20:58:00,-0.45,345.52,345.57,345.5,2632.0,0,-4.43,-4.43,Hold
2025-05-20 20:59:00,-0.442,345.56,345.56,345.5,2331.0,0,-4.43,-4.43,Hold
2025-05-20 21:00:00,-0.46099999999999997,344.72,344.73,344.65,4819.0,0,-4.43,-4.43,Hold
2025-05-20 21:01:00,-0.475,344.21,344.3,344.21,4591.0,0,-4.43,-4.43,Hold
2025-05-20 21:02:00,-0.496,343.52,343.52,343.43,3874.0,0,-4.43,-4.43,Hold
2025-05-20 21:03:00,-0.516,343.31,343.34,343.28,4067.0,0,-4.43,-4.43,Hold
2025-05-20 21:04:00,-0.5660000000000001,342.39,342.4,342.31,9042.0,0,-4.43,-4.43,Hold
2025-05-20 21:05:00,-0.5870000000000001,342.34,342.41,342.32,4002.0,0,-4.43,-4.43,Hold
2025-05-20 21:06:00,-0.6020000000000001,342.11,342.17,342.07,3943.0,0,-4.43,-4.43,Hold
2025-05-20 21:07:00,-0.613,342.32,342.35,342.27,4273.0,0,-4.43,-4.43,Hold
2025-05-20 21:08:00,-0.5990000000000001,342.98,342.99,342.91,5221.0,0,-4.43,-4.43,Hold
2025-05-20 21:09:00,-0.5700000000000001,343.53,343.59,343.5,5033.0,0,-4.43,-4.43,Hold
2025-05-20 21:10:00,-0.555,343.47,343.5,343.43,3456.0,0,-4.43,-4.43,Hold
2025-05-20 21:11:00,-0.536,343.44,343.47,343.41,2637.0,0,-4.43,-4.43,Hold
2025-05-20 21:12:00,-0.499,344.36,344.4,344.32,3917.0,0,-4.43,-4.43,Hold
2025-05-20 21:13:00,-0.456,344.39,344.39,344.3,3807.0,0,-4.43,-4.43,Hold
2025-05-20 21:14:00,-0.425,344.56,344.56,344.5,2476.0,0,-4.43,-4.43,Hold
2025-05-20 21:15:00,-0.412,343.74,343.78,343.71,3237.0,0,-4.43,-4.43,Hold
2025-05-20 21:16:00,-0.39799999999999996,343.73,343.77,343.7,1863.0,0,-4.43,-4.43,Hold
2025-05-20 21:17:00,-0.376,343.92,343.92,343.83,1682.0,0,-4.43,-4.43,Hold
2025-05-20 21:18:00,-0.35,344.44,344.44,344.37,2021.0,0,-4.43,-4.43,Hold
2025-05-20 21:19:00,-0.314,344.5,344.59,344.48,2748.0,0,-4.43,-4.43,Hold
2025-05-20 21:20:00,-0.269,344.98,344.98,344.96,4138.0,0,-4.43,-4.43,Hold
2025-05-20 21:21:00,-0.238,345.01,345.04,345.01,2524.0,0,-4.43,-4.43,Hold
2025-05-20 21:22:00,-0.21000000000000002,345.1,345.04,345.01,2449.0,0,-4.43,-4.43,Hold
2025-05-20 21:23:00,-0.182,345.12,345.13,345.09,1738.0,0,-4.43,-4.43,Hold
2025-05-20 21:24:00,-0.159,345.09,345.12,345.06,1905.0,0,-4.43,-4.43,Hold
2025-05-20 21:25:00,-0.133,345.42,345.43,345.34,2063.0,0,-4.43,-4.43,Hold
2025-05-20 21:26:00,-0.11,344.87,344.91,344.84,2357.0,0,-4.43,-4.43,Hold
2025-05-20 21:27:00,-0.1,344.98,344.98,344.9,2196.0,0,-4.43,-4.43,Hold
2025-05-20 21:28:00,-0.083,345.14,345.18,345.11,1576.0,0,-4.43,-4.43,Hold
2025-05-20 21:29:00,-0.07500000000000001,344.73,344.79,344.75,1856.0,0,-4.43,-4.43,Hold
2025-05-20 21:30:00,-0.065,344.95,344.99,344.92,2112.0,0,-4.43,-4.43,Hold
2025-05-20 21:31:00,-0.046,345.28,345.35,345.28,2340.0,0,-4.43,-4.43,Hold
2025-05-20 21:32:00,-0.028000000000000004,345.33,345.38,345.32,2094.0,0,-4.43,-4.43,Hold
2025-05-20 21:33:00,-0.012000000000000004,345.45,345.49,345.42,1302.0,0,-4.43,-4.43,Hold
2025-05-20 21:34:00,0.011999999999999997,345.59,345.61,345.57,2631.0,1,-350.04,-4.47,Buy
2025-05-20 21:35:00,0.022999999999999993,345.66,345.69,345.63,2528.0,1,-350.04,-4.41,Hold
2025-05-20 21:36:00,0.03699999999999999,345.24,345.32,345.25,2177.0,1,-350.04,-4.79,Hold
2025-05-20 21:37:00,0.03,345.15,345.18,345.13,2649.0,1,-350.04,-4.91,Hold
2025-05-20 21:38:00,0.034,345.05,345.07,345.02,1303.0,1,-350.04,-5.02,Hold
2025-05-20 21:39:00,0.044,345.56,345.59,345.53,1714.0,1,-350.04,-4.51,Hold
2025-05-20 21:40:00,0.055999999999999994,345.16,345.19,345.14,2071.0,1,-350.04,-4.9,Hold
2025-05-20 21:41:00,0.055999999999999994,345.21,345.21,345.15,1848.0,1,-350.04,-4.89,Hold
2025-05-20 21:42:00,0.05499999999999999,344.8,344.85,344.76,2237.0,1,-350.04,-5.28,Hold
2025-05-20 21:43:00,0.039999999999999994,344.17,344.24,344.16,3649.0,1,-350.04,-5.88,Hold
2025-05-20 21:44:00,0.020000000000000004,343.98,343.98,343.92,3169.0,1,-350.04,-6.12,Hold
2025-05-20 21:45:00,-0.0050000000000000044,343.39,343.4,343.31,3667.0,0,-6.73,-6.73,Sell
2025-05-20 21:46:00,-0.036000000000000004,343.29,343.3,343.23,3823.0,0,-6.73,-6.73,Hold
2025-05-20 21:47:00,-0.05,343.02,343.02,343.01,1801.0,0,-6.73,-6.73,Hold
2025-05-20 21:48:00,-0.062,343.59,343.59,343.54,2831.0,0,-6.73,-6.73,Hold
2025-05-20 21:49:00,-0.061,343.5,343.52,343.46,3184.0,0,-6.73,-6.73,Hold
2025-05-20 21:50:00,-0.057,343.79,343.79,343.72,3779.0,0,-6.73,-6.73,Hold
2025-05-20 21:51:00,-0.061,343.7,343.71,343.64,2752.0,0,-6.73,-6.73,Hold
2025-05-20 21:52:00,-0.05,344.05,344.09,344.03,2319.0,0,-6.73,-6.73,Hold
2025-05-20 21:53:00,-0.046,343.83,343.85,343.8,2197.0,0,-6.73,-6.73,Hold
2025-05-20 21:54:00,-0.038000000000000006,343.97,344.02,343.95,2334.0,0,-6.73,-6.73,Hold
2025-05-20 21:55:00,-0.031000000000000003,344.22,344.3,344.23,3360.0,0,-6.73,-6.73,Hold
2025-05-20 21:56:00,-0.018000000000000002,344.01,344.01,343.95,4033.0,0,-6.73,-6.73,Hold
2025-05-20 21:57:00,-0.029,343.76,343.78,343.75,4229.0,0,-6.73,-6.73,Hold
2025-05-20 21:58:00,-0.033,343.54,343.54,343.51,5394.0,0,-6.73,-6.73,Hold
2025-05-20 21:59:00,-0.030000000000000002,343.8,343.85,343.75,5855.0,0,-6.73,-6.73,Hold
2025-05-20 22:00:00,-0.056,343.52,343.6,343.54,24382.0,0,-6.73,-6.73,No trade
