TimeStamp,ma_feature,close,ask,bid,Position,Cash,NetValue,Action
2025-05-20 15:30:00,0.0027558949956727474,59.47,59.48,59.47,1,-59.48,-0.00999999999999801,Buy
2025-05-20 15:31:00,0.0027608910174663492,59.44,59.44,59.43,1,-59.48,-0.04999999999999716,Hold
2025-05-20 15:32:00,0.002195672242145008,59.41,59.41,59.4,1,-59.48,-0.0799999999999983,Hold
2025-05-20 15:33:00,0.0030325105921207296,59.44,59.45,59.44,1,-59.48,-0.03999999999999915,Hold
2025-05-20 15:34:00,0.0044712733496226065,59.46,59.47,59.46,1,-59.48,-0.01999999999999602,Hold
2025-05-20 15:35:00,0.0013118363593207505,59.37,59.38,59.37,1,-59.48,-0.10999999999999943,Hold
2025-05-20 15:36:00,-0.0034609702875059156,59.3,59.3,59.29,0,-0.18999999999999773,-0.18999999999999773,Sell
2025-05-20 15:37:00,-0.007140907688302889,59.33,59.33,59.32,0,-0.18999999999999773,-0.18999999999999773,Hold
2025-05-20 15:38:00,-0.009594182461100331,59.37,59.37,59.36,0,-0.18999999999999773,-0.18999999999999773,Hold
2025-05-20 15:39:00,-0.010050471764678548,59.42,59.43,59.42,0,-0.18999999999999773,-0.18999999999999773,Hold
2025-05-20 15:40:00,-0.011821409070186917,59.35,59.35,59.34,0,-0.18999999999999773,-0.18999999999999773,Hold
2025-05-20 15:41:00,-0.013736156872106164,59.33,59.33,59.32,0,-0.18999999999999773,-0.18999999999999773,Hold
2025-05-20 15:42:00,-0.017634899439499918,59.26,59.26,59.25,0,-0.18999999999999773,-0.18999999999999773,Hold
2025-05-20 15:43:00,-0.01856168012081838,59.33,59.33,59.32,0,-0.18999999999999773,-0.18999999999999773,Hold
2025-05-20 15:44:00,-0.022869528715176557,59.25,59.26,59.25,0,-0.18999999999999773,-0.18999999999999773,Hold
2025-05-20 15:45:00,-0.02580267740020048,59.27,59.27,59.26,0,-0.18999999999999773,-0.18999999999999773,Hold
2025-05-20 15:46:00,-0.028428311116321936,59.26,59.26,59.25,0,-0.18999999999999773,-0.18999999999999773,Hold
2025-05-20 15:47:00,-0.03165874265719992,59.21,59.22,59.21,0,-0.18999999999999773,-0.18999999999999773,Hold
2025-05-20 15:48:00,-0.03162699581909578,59.3,59.31,59.3,0,-0.18999999999999773,-0.18999999999999773,Hold
2025-05-20 15:49:00,-0.03150052297055339,59.27,59.27,59.26,0,-0.18999999999999773,-0.18999999999999773,Hold
2025-05-20 15:50:00,-0.02986608062837348,59.25,59.25,59.24,0,-0.18999999999999773,-0.18999999999999773,Hold
2025-05-20 15:51:00,-0.02575644101793273,59.27,59.28,59.27,0,-0.18999999999999773,-0.18999999999999773,Hold
2025-05-20 15:52:00,-0.018438821167308106,59.36,59.36,59.35,0,-0.18999999999999773,-0.18999999999999773,Hold
2025-05-20 15:53:00,-0.01058255313500922,59.42,59.42,59.41,0,-0.18999999999999773,-0.18999999999999773,Hold
2025-05-20 15:54:00,-0.0013944314273715008,59.46,59.46,59.45,0,-0.18999999999999773,-0.18999999999999773,Hold
2025-05-20 15:55:00,0.006437467374396988,59.44,59.45,59.44,1,-59.64,-0.20000000000000284,Buy
2025-05-20 15:56:00,0.013333974855633812,59.43,59.44,59.43,1,-59.64,-0.21000000000000085,Hold
2025-05-20 15:57:00,0.018355438843450145,59.42,59.43,59.42,1,-59.64,-0.21999999999999886,Hold
2025-05-20 15:58:00,0.02102067934818308,59.35,59.36,59.35,1,-59.64,-0.28999999999999915,Hold
2025-05-20 15:59:00,0.02508386132571161,59.38,59.39,59.38,1,-59.64,-0.259999999999998,Hold
2025-05-20 16:00:00,0.027519311132657265,59.36,59.36,59.35,1,-59.64,-0.28999999999999915,Hold
2025-05-20 16:01:00,0.027475054500442297,59.31,59.31,59.3,1,-59.64,-0.3400000000000034,Hold
2025-05-20 16:02:00,0.026089567113331213,59.29,59.3,59.29,1,-59.64,-0.3500000000000014,Hold
2025-05-20 16:03:00,0.028234326224300332,59.36,59.36,59.35,1,-59.64,-0.28999999999999915,Hold
2025-05-20 16:04:00,0.03139125141413501,59.37,59.38,59.37,1,-59.64,-0.2700000000000031,Hold
2025-05-20 16:05:00,0.0346563319680655,59.47,59.47,59.46,1,-59.64,-0.17999999999999972,Hold
2025-05-20 16:06:00,0.034538719152926944,59.45,59.45,59.44,1,-59.64,-0.20000000000000284,Hold
2025-05-20 16:07:00,0.033858801788220205,59.41,59.42,59.41,1,-59.64,-0.23000000000000398,Hold
2025-05-20 16:08:00,0.03625500812447058,59.47,59.47,59.46,1,-59.64,-0.17999999999999972,Hold
2025-05-20 16:09:00,0.03901274953580014,59.44,59.44,59.43,1,-59.64,-0.21000000000000085,Hold
2025-05-20 16:10:00,0.04015171193135103,59.47,59.47,59.46,1,-59.64,-0.17999999999999972,Hold
2025-05-20 16:11:00,0.03998063374223193,59.46,59.46,59.45,1,-59.64,-0.18999999999999773,Hold
2025-05-20 16:12:00,0.037207689629823903,59.46,59.46,59.45,1,-59.64,-0.18999999999999773,Hold
2025-05-20 16:13:00,0.0368286989010258,59.47,59.47,59.46,1,-59.64,-0.17999999999999972,Hold
2025-05-20 16:14:00,0.03257093338053352,59.44,59.44,59.43,1,-59.64,-0.21000000000000085,Hold
2025-05-20 16:15:00,0.030405066710819995,59.49,59.49,59.48,1,-59.64,-0.1600000000000037,Hold
2025-05-20 16:16:00,0.027572481761737322,59.49,59.5,59.49,1,-59.64,-0.14999999999999858,Hold
2025-05-20 16:17:00,0.023073181863132675,59.5,59.5,59.49,1,-59.64,-0.14999999999999858,Hold
2025-05-20 16:18:00,0.024358783033257225,59.6,59.6,59.59,1,-59.64,-0.04999999999999716,Hold
2025-05-20 16:19:00,0.023292624988108912,59.58,59.59,59.58,1,-59.64,-0.060000000000002274,Hold
2025-05-20 16:20:00,0.02345654165554123,59.66,59.66,59.65,1,-59.64,0.00999999999999801,Hold
2025-05-20 16:21:00,0.02277117337668244,59.64,59.65,59.64,1,-59.64,0.0,Hold
2025-05-20 16:22:00,0.02558163530937918,59.68,59.69,59.68,1,-59.64,0.03999999999999915,Hold
2025-05-20 16:23:00,0.029210777117377518,59.67,59.67,59.66,1,-59.64,0.01999999999999602,Hold
2025-05-20 16:24:00,0.032465995797984704,59.64,59.65,59.64,1,-59.64,0.0,Hold
2025-05-20 16:25:00,0.034145608972316666,59.63,59.64,59.63,1,-59.64,-0.00999999999999801,Hold
2025-05-20 16:26:00,0.03466309656548816,59.62,59.63,59.62,1,-59.64,-0.020000000000003126,Hold
2025-05-20 16:27:00,0.033781606464501124,59.6,59.6,59.59,1,-59.64,-0.04999999999999716,Hold
2025-05-20 16:28:00,0.028677416800128697,59.55,59.55,59.54,1,-59.64,-0.10000000000000142,Hold
2025-05-20 16:29:00,0.02384876625389154,59.53,59.53,59.52,1,-59.64,-0.11999999999999744,Hold
2025-05-20 16:30:00,0.01896605015148367,59.55,59.56,59.55,1,-59.64,-0.09000000000000341,Hold
2025-05-20 16:31:00,0.013258563044942662,59.58,59.58,59.57,1,-59.64,-0.07000000000000028,Hold
2025-05-20 16:32:00,0.004801021343126877,59.52,59.53,59.52,1,-59.64,-0.11999999999999744,Hold
2025-05-20 16:33:00,-0.0015839907865426994,59.51,59.51,59.5,0,-0.14000000000000057,-0.14000000000000057,Sell
2025-05-20 16:34:00,-0.008169969875581273,59.49,59.49,59.48,0,-0.14000000000000057,-0.14000000000000057,Hold
2025-05-20 16:35:00,-0.012814918055646274,59.44,59.44,59.43,0,-0.14000000000000057,-0.14000000000000057,Hold
2025-05-20 16:36:00,-0.01807417065420225,59.43,59.44,59.43,0,-0.14000000000000057,-0.14000000000000057,Hold
2025-05-20 16:37:00,-0.022413471472205515,59.49,59.5,59.49,0,-0.14000000000000057,-0.14000000000000057,Hold
2025-05-20 16:38:00,-0.023397548581520766,59.53,59.53,59.52,0,-0.14000000000000057,-0.14000000000000057,Hold
2025-05-20 16:39:00,-0.024823513189161872,59.55,59.56,59.55,0,-0.14000000000000057,-0.14000000000000057,Hold
2025-05-20 16:40:00,-0.024770383305991572,59.57,59.57,59.56,0,-0.14000000000000057,-0.14000000000000057,Hold
2025-05-20 16:41:00,-0.02651638008194368,59.53,59.54,59.53,0,-0.14000000000000057,-0.14000000000000057,Hold
2025-05-20 16:42:00,-0.028300269539016654,59.53,59.54,59.53,0,-0.14000000000000057,-0.14000000000000057,Hold
2025-05-20 16:43:00,-0.028850789783803066,59.56,59.57,59.56,0,-0.14000000000000057,-0.14000000000000057,Hold
2025-05-20 16:44:00,-0.030247513023560657,59.57,59.58,59.57,0,-0.14000000000000057,-0.14000000000000057,Hold
2025-05-20 16:45:00,-0.02985520035536382,59.58,59.59,59.58,0,-0.14000000000000057,-0.14000000000000057,Hold
2025-05-20 16:46:00,-0.027187122913076678,59.66,59.66,59.65,0,-0.14000000000000057,-0.14000000000000057,Hold
2025-05-20 16:47:00,-0.024723437563842765,59.66,59.67,59.66,0,-0.14000000000000057,-0.14000000000000057,Hold
2025-05-20 16:48:00,-0.020364936215642615,59.63,59.64,59.63,0,-0.14000000000000057,-0.14000000000000057,Hold
2025-05-20 16:49:00,-0.01701881129850591,59.63,59.64,59.63,0,-0.14000000000000057,-0.14000000000000057,Hold
2025-05-20 16:50:00,-0.01351222132225871,59.56,59.56,59.55,0,-0.14000000000000057,-0.14000000000000057,Hold
2025-05-20 16:51:00,-0.012242615645554622,59.51,59.52,59.51,0,-0.14000000000000057,-0.14000000000000057,Hold
2025-05-20 16:52:00,-0.010065672700683592,59.49,59.5,59.49,0,-0.14000000000000057,-0.14000000000000057,Hold
2025-05-20 16:53:00,-0.007953908870533155,59.49,59.5,59.49,0,-0.14000000000000057,-0.14000000000000057,Hold
2025-05-20 16:54:00,-0.005967635179949582,59.51,59.51,59.5,0,-0.14000000000000057,-0.14000000000000057,Hold
2025-05-20 16:55:00,-0.0035396157059679467,59.53,59.53,59.52,0,-0.14000000000000057,-0.14000000000000057,Hold
2025-05-20 16:56:00,-0.0020101781335384317,59.51,59.52,59.51,0,-0.14000000000000057,-0.14000000000000057,Hold
2025-05-20 16:57:00,-0.002256833307718864,59.47,59.47,59.46,0,-0.14000000000000057,-0.14000000000000057,Hold
2025-05-20 16:58:00,-0.0044983279330210735,59.45,59.45,59.44,0,-0.14000000000000057,-0.14000000000000057,Hold
2025-05-20 16:59:00,-0.007982306776042947,59.42,59.43,59.42,0,-0.14000000000000057,-0.14000000000000057,Hold
2025-05-20 17:00:00,-0.009090975156077263,59.46,59.47,59.46,0,-0.14000000000000057,-0.14000000000000057,Hold
2025-05-20 17:01:00,-0.008934568156760747,59.46,59.47,59.46,0,-0.14000000000000057,-0.14000000000000057,Hold
2025-05-20 17:02:00,-0.009282875587508954,59.5,59.5,59.49,0,-0.14000000000000057,-0.14000000000000057,Hold
2025-05-20 17:03:00,-0.010210862108742447,59.49,59.5,59.49,0,-0.14000000000000057,-0.14000000000000057,Hold
2025-05-20 17:04:00,-0.0117026344458111,59.49,59.49,59.48,0,-0.14000000000000057,-0.14000000000000057,Hold
2025-05-20 17:05:00,-0.015388485986939315,59.47,59.48,59.47,0,-0.14000000000000057,-0.14000000000000057,Hold
2025-05-20 17:06:00,-0.01861073420284498,59.49,59.49,59.48,0,-0.14000000000000057,-0.14000000000000057,Hold
2025-05-20 17:07:00,-0.018194987910185034,59.54,59.54,59.53,0,-0.14000000000000057,-0.14000000000000057,Hold
2025-05-20 17:08:00,-0.017203913421340644,59.52,59.53,59.52,0,-0.14000000000000057,-0.14000000000000057,Hold
2025-05-20 17:09:00,-0.01527677922211268,59.53,59.54,59.53,0,-0.14000000000000057,-0.14000000000000057,Hold
2025-05-20 17:10:00,-0.014011610670145558,59.49,59.5,59.49,0,-0.14000000000000057,-0.14000000000000057,Hold
2025-05-20 17:11:00,-0.01274204439034321,59.53,59.54,59.53,0,-0.14000000000000057,-0.14000000000000057,Hold
2025-05-20 17:12:00,-0.01061890174150193,59.56,59.56,59.55,0,-0.14000000000000057,-0.14000000000000057,Hold
2025-05-20 17:13:00,-0.007073596252801906,59.58,59.59,59.58,0,-0.14000000000000057,-0.14000000000000057,Hold
2025-05-20 17:14:00,-0.0031548696128282927,59.59,59.6,59.59,0,-0.14000000000000057,-0.14000000000000057,Hold
2025-05-20 17:15:00,0.0020486703621855895,59.63,59.63,59.62,1,-59.77,-0.15000000000000568,Buy
2025-05-20 17:16:00,0.00885198195172876,59.61,59.62,59.61,1,-59.77,-0.1600000000000037,Hold
2025-05-20 17:17:00,0.015012069137632977,59.6,59.61,59.6,1,-59.77,-0.1700000000000017,Hold
2025-05-20 17:18:00,0.019903763601874402,59.6,59.61,59.6,1,-59.77,-0.1700000000000017,Hold
2025-05-20 17:19:00,0.02454438100391343,59.6,59.61,59.6,1,-59.77,-0.1700000000000017,Hold
2025-05-20 17:20:00,0.02661678653054622,59.6,59.6,59.59,1,-59.77,-0.17999999999999972,Hold
2025-05-20 17:21:00,0.024620004603846724,59.53,59.54,59.53,1,-59.77,-0.240000000000002,Hold
2025-05-20 17:22:00,0.021730541941245463,59.52,59.52,59.51,1,-59.77,-0.2600000000000051,Hold
2025-05-20 17:23:00,0.01865115213858104,59.51,59.51,59.5,1,-59.77,-0.2700000000000031,Hold
2025-05-20 17:24:00,0.016394088559749775,59.51,59.52,59.51,1,-59.77,-0.2600000000000051,Hold
2025-05-20 17:25:00,0.01650844843761945,59.56,59.57,59.56,1,-59.77,-0.21000000000000085,Hold
2025-05-20 17:26:00,0.018690699076053363,59.65,59.65,59.64,1,-59.77,-0.13000000000000256,Hold
2025-05-20 17:27:00,0.020656890533516048,59.7,59.71,59.7,1,-59.77,-0.07000000000000028,Hold
2025-05-20 17:28:00,0.021646768563620356,59.71,59.71,59.7,1,-59.77,-0.07000000000000028,Hold
2025-05-20 17:29:00,0.022572783495000692,59.76,59.77,59.76,1,-59.77,-0.010000000000005116,Hold
2025-05-20 17:30:00,0.024353034022205122,59.77,59.77,59.76,1,-59.77,-0.010000000000005116,Hold
2025-05-20 17:31:00,0.027222730751965685,59.83,59.83,59.82,1,-59.77,0.04999999999999716,Hold
2025-05-20 17:32:00,0.02919760833786711,59.79,59.8,59.79,1,-59.77,0.01999999999999602,Hold
2025-05-20 17:33:00,0.03133539704725763,59.83,59.83,59.82,1,-59.77,0.04999999999999716,Hold
2025-05-20 17:34:00,0.033227737022706094,59.85,59.85,59.84,1,-59.77,0.07000000000000028,Hold
2025-05-20 17:35:00,0.03262164646211119,59.82,59.82,59.81,1,-59.77,0.03999999999999915,Hold
2025-05-20 17:36:00,0.03196863701294461,59.82,59.83,59.82,1,-59.77,0.04999999999999716,Hold
2025-05-20 17:37:00,0.0338738862379131,59.87,59.88,59.87,1,-59.77,0.09999999999999432,Hold
2025-05-20 17:38:00,0.03521535594300218,59.9,59.91,59.9,1,-59.77,0.12999999999999545,Hold
2025-05-20 17:39:00,0.03442726846280664,59.85,59.85,59.84,1,-59.77,0.07000000000000028,Hold
2025-05-20 17:40:00,0.03104486404585316,59.83,59.83,59.82,1,-59.77,0.04999999999999716,Hold
2025-05-20 17:41:00,0.027859173892366584,59.81,59.81,59.8,1,-59.77,0.02999999999999403,Hold
2025-05-20 17:42:00,0.02496503364124436,59.8,59.81,59.8,1,-59.77,0.02999999999999403,Hold
2025-05-20 17:43:00,0.02178449383644221,59.78,59.79,59.78,1,-59.77,0.00999999999999801,Hold
2025-05-20 17:44:00,0.018712375954521576,59.78,59.78,59.77,1,-59.77,0.0,Hold
2025-05-20 17:45:00,0.01769867428004801,59.81,59.81,59.8,1,-59.77,0.02999999999999403,Hold
2025-05-20 17:46:00,0.015072953358760799,59.79,59.8,59.79,1,-59.77,0.01999999999999602,Hold
2025-05-20 17:47:00,0.011584375722719642,59.78,59.79,59.78,1,-59.77,0.00999999999999801,Hold
2025-05-20 17:48:00,0.009181082665342899,59.82,59.83,59.82,1,-59.77,0.04999999999999716,Hold
2025-05-20 17:49:00,0.0061478945363973025,59.81,59.81,59.8,1,-59.77,0.02999999999999403,Hold
2025-05-20 17:50:00,0.0028587830609438925,59.81,59.82,59.81,1,-59.77,0.03999999999999915,Hold
2025-05-20 17:51:00,-0.003003073910726073,59.81,59.82,59.81,0,0.03999999999999915,0.03999999999999915,Sell
2025-05-20 17:52:00,-0.008174918604666459,59.85,59.85,59.84,0,0.03999999999999915,0.03999999999999915,Hold
2025-05-20 17:53:00,-0.013432450737688839,59.87,59.87,59.86,0,0.03999999999999915,0.03999999999999915,Hold
2025-05-20 17:54:00,-0.019748636711604206,59.85,59.86,59.85,0,0.03999999999999915,0.03999999999999915,Hold
2025-05-20 17:55:00,-0.024098187031277973,59.87,59.88,59.87,0,0.03999999999999915,0.03999999999999915,Hold
2025-05-20 17:56:00,-0.023650992169045537,59.94,59.94,59.93,0,0.03999999999999915,0.03999999999999915,Hold
2025-05-20 17:57:00,-0.022189637835559495,59.94,59.94,59.93,0,0.03999999999999915,0.03999999999999915,Hold
2025-05-20 17:58:00,-0.02162901603971079,59.92,59.93,59.92,0,0.03999999999999915,0.03999999999999915,Hold
2025-05-20 17:59:00,-0.019889509628548296,59.92,59.92,59.91,0,0.03999999999999915,0.03999999999999915,Hold
2025-05-20 18:00:00,-0.01952029395357613,59.88,59.89,59.88,0,0.03999999999999915,0.03999999999999915,Hold
2025-05-20 18:01:00,-0.016164145956572895,59.92,59.93,59.92,0,0.03999999999999915,0.03999999999999915,Hold
2025-05-20 18:02:00,-0.013927749443247706,59.94,59.95,59.94,0,0.03999999999999915,0.03999999999999915,Hold
2025-05-20 18:03:00,-0.009889400016795946,59.97,59.97,59.96,0,0.03999999999999915,0.03999999999999915,Hold
2025-05-20 18:04:00,-0.005434169908177466,59.98,59.99,59.98,0,0.03999999999999915,0.03999999999999915,Hold
2025-05-20 18:05:00,-0.003793255720545119,59.94,59.94,59.93,0,0.03999999999999915,0.03999999999999915,Hold
2025-05-20 18:06:00,-0.005634551050405889,59.84,59.85,59.84,0,0.03999999999999915,0.03999999999999915,Hold
2025-05-20 18:07:00,-0.006045225176173119,59.83,59.84,59.83,0,0.03999999999999915,0.03999999999999915,Hold
2025-05-20 18:08:00,-0.004719726777722144,59.85,59.85,59.84,0,0.03999999999999915,0.03999999999999915,Hold
2025-05-20 18:09:00,-0.005038884189893622,59.85,59.86,59.85,0,0.03999999999999915,0.03999999999999915,Hold
2025-05-20 18:10:00,-0.0072514292959269255,59.81,59.81,59.8,0,0.03999999999999915,0.03999999999999915,Hold
2025-05-20 18:11:00,-0.01056854138435881,59.79,59.79,59.78,0,0.03999999999999915,0.03999999999999915,Hold
2025-05-20 18:12:00,-0.014273796778901726,59.78,59.79,59.78,0,0.03999999999999915,0.03999999999999915,Hold
2025-05-20 18:13:00,-0.017428175481335018,59.81,59.82,59.81,0,0.03999999999999915,0.03999999999999915,Hold
2025-05-20 18:14:00,-0.020443562009411664,59.81,59.81,59.8,0,0.03999999999999915,0.03999999999999915,Hold
2025-05-20 18:15:00,-0.023264407471167203,59.78,59.78,59.77,0,0.03999999999999915,0.03999999999999915,Hold
2025-05-20 18:16:00,-0.024010789784860265,59.86,59.87,59.86,0,0.03999999999999915,0.03999999999999915,Hold
2025-05-20 18:17:00,-0.024569233454641903,59.88,59.89,59.88,0,0.03999999999999915,0.03999999999999915,Hold
2025-05-20 18:18:00,-0.02272605710272302,59.92,59.92,59.91,0,0.03999999999999915,0.03999999999999915,Hold
2025-05-20 18:19:00,-0.021238354493938516,59.93,59.93,59.92,0,0.03999999999999915,0.03999999999999915,Hold
2025-05-20 18:20:00,-0.018233729472825644,59.99,60.0,59.99,0,0.03999999999999915,0.03999999999999915,Hold
2025-05-20 18:21:00,-0.016121875958454268,59.98,59.99,59.98,0,0.03999999999999915,0.03999999999999915,Hold
2025-05-20 18:22:00,-0.012866701165435757,59.99,60.0,59.99,0,0.03999999999999915,0.03999999999999915,Hold
2025-05-20 18:23:00,-0.009455946251542002,59.99,60.0,59.99,0,0.03999999999999915,0.03999999999999915,Hold
2025-05-20 18:24:00,-0.010620078751443884,59.88,59.88,59.87,0,0.03999999999999915,0.03999999999999915,Hold
2025-05-20 18:25:00,-0.011418783348126738,59.87,59.88,59.87,0,0.03999999999999915,0.03999999999999915,Hold
2025-05-20 18:26:00,-0.009832625282655272,59.87,59.87,59.86,0,0.03999999999999915,0.03999999999999915,Hold
2025-05-20 18:27:00,-0.008821918275160101,59.85,59.85,59.84,0,0.03999999999999915,0.03999999999999915,Hold
2025-05-20 18:28:00,-0.008037708493979778,59.86,59.86,59.85,0,0.03999999999999915,0.03999999999999915,Hold
2025-05-20 18:29:00,-0.007175060634139641,59.86,59.86,59.85,0,0.03999999999999915,0.03999999999999915,Hold
2025-05-20 18:30:00,-0.0069487126362517415,59.88,59.89,59.88,0,0.03999999999999915,0.03999999999999915,Hold
2025-05-20 18:31:00,-0.00415632257367804,59.92,59.92,59.91,0,0.03999999999999915,0.03999999999999915,Hold
2025-05-20 18:32:00,-0.001501075956021225,59.9,59.91,59.9,0,0.03999999999999915,0.03999999999999915,Hold
2025-05-20 18:33:00,0.0026925418475940432,59.92,59.92,59.91,1,-59.88,0.02999999999999403,Buy
2025-05-20 18:34:00,0.006432807964962706,59.9,59.91,59.9,1,-59.88,0.01999999999999602,Hold
2025-05-20 18:35:00,0.008770476268296079,59.9,59.91,59.9,1,-59.88,0.01999999999999602,Hold
2025-05-20 18:36:00,0.010204639089700152,59.98,59.99,59.98,1,-59.88,0.09999999999999432,Hold
2025-05-20 18:37:00,0.010911866675307635,59.98,59.98,59.97,1,-59.88,0.0899999999999963,Hold
2025-05-20 18:38:00,0.01222938065325252,59.99,59.99,59.98,1,-59.88,0.09999999999999432,Hold
2025-05-20 18:39:00,0.011913506632616588,59.95,59.96,59.95,1,-59.88,0.07000000000000028,Hold
2025-05-20 18:40:00,0.010069624484273731,59.95,59.95,59.94,1,-59.88,0.05999999999999517,Hold
2025-05-20 18:41:00,0.007688788496039933,59.96,59.96,59.95,1,-59.88,0.07000000000000028,Hold
2025-05-20 18:42:00,0.005074458055432274,59.97,59.97,59.96,1,-59.88,0.0799999999999983,Hold
2025-05-20 18:43:00,0.0010373962454224284,59.9,59.91,59.9,1,-59.88,0.01999999999999602,Hold
2025-05-20 18:44:00,-0.0016854465230977667,59.94,59.94,59.93,0,0.04999999999999716,0.04999999999999716,Sell
2025-05-20 18:45:00,-0.0061358478226836155,59.92,59.93,59.92,0,0.04999999999999716,0.04999999999999716,Hold
2025-05-20 18:46:00,-0.0073098791459429435,59.94,59.94,59.93,0,0.04999999999999716,0.04999999999999716,Hold
2025-05-20 18:47:00,-0.008225370813939037,59.93,59.94,59.93,0,0.04999999999999716,0.04999999999999716,Hold
2025-05-20 18:48:00,-0.0075441640947602195,59.94,59.94,59.93,0,0.04999999999999716,0.04999999999999716,Hold
2025-05-20 18:49:00,-0.008175723400476897,59.89,59.9,59.89,0,0.04999999999999716,0.04999999999999716,Hold
2025-05-20 18:50:00,-0.006680515439143164,59.89,59.9,59.89,0,0.04999999999999716,0.04999999999999716,Hold
2025-05-20 18:51:00,-0.005088224120484597,59.9,59.9,59.89,0,0.04999999999999716,0.04999999999999716,Hold
2025-05-20 18:52:00,-0.0034051128868952674,59.89,59.9,59.89,0,0.04999999999999716,0.04999999999999716,Hold
2025-05-20 18:53:00,-0.001927363668386306,59.88,59.89,59.88,0,0.04999999999999716,0.04999999999999716,Hold
2025-05-20 18:54:00,-0.004286888592993421,59.87,59.88,59.87,0,0.04999999999999716,0.04999999999999716,Hold
2025-05-20 18:55:00,-0.006494186103125799,59.88,59.89,59.88,0,0.04999999999999716,0.04999999999999716,Hold
2025-05-20 18:56:00,-0.009516066569581483,59.85,59.85,59.84,0,0.04999999999999716,0.04999999999999716,Hold
2025-05-20 18:57:00,-0.013590298833911163,59.83,59.83,59.82,0,0.04999999999999716,0.04999999999999716,Hold
2025-05-20 18:58:00,-0.016401677403763415,59.85,59.85,59.84,0,0.04999999999999716,0.04999999999999716,Hold
2025-05-20 18:59:00,-0.018698343377714366,59.86,59.86,59.85,0,0.04999999999999716,0.04999999999999716,Hold
2025-05-20 19:00:00,-0.019868342729687072,59.87,59.87,59.86,0,0.04999999999999716,0.04999999999999716,Hold
2025-05-20 19:01:00,-0.018672535671868218,59.9,59.92,59.91,0,0.04999999999999716,0.04999999999999716,Hold
2025-05-20 19:02:00,-0.0169302215424878,59.94,59.94,59.93,0,0.04999999999999716,0.04999999999999716,Hold
2025-05-20 19:03:00,-0.013784185744043498,59.97,59.98,59.97,0,0.04999999999999716,0.04999999999999716,Hold
2025-05-20 19:04:00,-0.010368001717544928,60.01,60.01,60.0,0,0.04999999999999716,0.04999999999999716,Hold
2025-05-20 19:05:00,-0.0067851198862953765,60.03,60.04,60.03,0,0.04999999999999716,0.04999999999999716,Hold
2025-05-20 19:06:00,0.0020719846225034644,60.13,60.13,60.12,1,-60.080000000000005,0.03999999999999204,Buy
2025-05-20 19:07:00,0.009723254431811768,60.12,60.13,60.12,1,-60.080000000000005,0.03999999999999204,Hold
2025-05-20 19:08:00,0.016913151995332498,60.12,60.12,60.11,1,-60.080000000000005,0.02999999999999403,Hold
2025-05-20 19:09:00,0.02296176584511045,60.15,60.16,60.15,1,-60.080000000000005,0.06999999999999318,Hold
2025-05-20 19:10:00,0.03068466267231429,60.23,60.23,60.22,1,-60.080000000000005,0.13999999999999346,Hold
2025-05-20 19:11:00,0.03764049088700716,60.23,60.23,60.22,1,-60.080000000000005,0.13999999999999346,Hold
2025-05-20 19:12:00,0.046083039862047315,60.3,60.31,60.3,1,-60.080000000000005,0.21999999999999176,Hold
2025-05-20 19:13:00,0.05187338137631059,60.33,60.33,60.32,1,-60.080000000000005,0.23999999999999488,Hold
2025-05-20 19:14:00,0.058322410534835,60.35,60.35,60.34,1,-60.080000000000005,0.259999999999998,Hold
2025-05-20 19:15:00,0.06124784641431802,60.3,60.3,60.29,1,-60.080000000000005,0.20999999999999375,Hold
2025-05-20 19:16:00,0.06352217890372458,60.29,60.3,60.29,1,-60.080000000000005,0.20999999999999375,Hold
2025-05-20 19:17:00,0.06705838241531126,60.37,60.37,60.36,1,-60.080000000000005,0.27999999999999403,Hold
2025-05-20 19:18:00,0.0678825727971244,60.31,60.31,60.3,1,-60.080000000000005,0.21999999999999176,Hold
2025-05-20 19:19:00,0.06463208422957933,60.26,60.26,60.25,1,-60.080000000000005,0.1699999999999946,Hold
2025-05-20 19:20:00,0.06204291750509583,60.3,60.31,60.3,1,-60.080000000000005,0.21999999999999176,Hold
2025-05-20 19:21:00,0.059384234655304624,60.31,60.32,60.31,1,-60.080000000000005,0.22999999999999687,Hold
2025-05-20 19:22:00,0.05599385392486056,60.32,60.32,60.31,1,-60.080000000000005,0.22999999999999687,Hold
2025-05-20 19:23:00,0.05062865904799452,60.29,60.3,60.29,1,-60.080000000000005,0.20999999999999375,Hold
2025-05-20 19:24:00,0.04439455201264053,60.29,60.29,60.28,1,-60.080000000000005,0.19999999999999574,Hold
2025-05-20 19:25:00,0.03799275295807547,60.29,60.3,60.29,1,-60.080000000000005,0.20999999999999375,Hold
2025-05-20 19:26:00,0.032928704380132956,60.38,60.39,60.38,1,-60.080000000000005,0.29999999999999716,Hold
2025-05-20 19:27:00,0.026384917000783048,60.38,60.38,60.37,1,-60.080000000000005,0.28999999999999204,Hold
2025-05-20 19:28:00,0.020370836334066666,60.4,60.4,60.39,1,-60.080000000000005,0.30999999999999517,Hold
2025-05-20 19:29:00,0.013271642592080468,60.38,60.39,60.38,1,-60.080000000000005,0.29999999999999716,Hold
2025-05-20 19:30:00,0.0049100312420620185,60.35,60.35,60.34,1,-60.080000000000005,0.259999999999998,Hold
2025-05-20 19:31:00,-0.003256207332690053,60.34,60.35,60.34,0,0.259999999999998,0.259999999999998,Sell
2025-05-20 19:32:00,-0.010508495031665177,60.34,60.34,60.33,0,0.259999999999998,0.259999999999998,Hold
2025-05-20 19:33:00,-0.018088592126396463,60.31,60.32,60.31,0,0.259999999999998,0.259999999999998,Hold
2025-05-20 19:34:00,-0.024577500161250043,60.31,60.32,60.31,0,0.259999999999998,0.259999999999998,Hold
2025-05-20 19:35:00,-0.028755295849762774,60.37,60.38,60.37,0,0.259999999999998,0.259999999999998,Hold
2025-05-20 19:36:00,-0.029749577837939967,60.38,60.39,60.38,0,0.259999999999998,0.259999999999998,Hold
2025-05-20 19:37:00,-0.03373347604194521,60.31,60.32,60.31,0,0.259999999999998,0.259999999999998,Hold
2025-05-20 19:38:00,-0.03786895070590646,60.31,60.32,60.31,0,0.259999999999998,0.259999999999998,Hold
2025-05-20 19:39:00,-0.041146222703368096,60.31,60.32,60.31,0,0.259999999999998,0.259999999999998,Hold
2025-05-20 19:40:00,-0.040642165324655366,60.35,60.35,60.34,0,0.259999999999998,0.259999999999998,Hold
2025-05-20 19:41:00,-0.03918138046499564,60.39,60.4,60.39,0,0.259999999999998,0.259999999999998,Hold
2025-05-20 19:42:00,-0.03457828065005231,60.43,60.43,60.42,0,0.259999999999998,0.259999999999998,Hold
2025-05-20 19:43:00,-0.029863552866160603,60.42,60.42,60.41,0,0.259999999999998,0.259999999999998,Hold
2025-05-20 19:44:00,-0.024979882788777275,60.42,60.43,60.42,0,0.259999999999998,0.259999999999998,Hold
2025-05-20 19:45:00,-0.021604836587350462,60.44,60.45,60.44,0,0.259999999999998,0.259999999999998,Hold
2025-05-20 19:46:00,-0.018146460033328538,60.47,60.47,60.46,0,0.259999999999998,0.259999999999998,Hold
2025-05-20 19:47:00,-0.013567118525791955,60.44,60.44,60.43,0,0.259999999999998,0.259999999999998,Hold
2025-05-20 19:48:00,-0.010810100126278144,60.46,60.46,60.45,0,0.259999999999998,0.259999999999998,Hold
2025-05-20 19:49:00,-0.010220201193398282,60.46,60.46,60.45,0,0.259999999999998,0.259999999999998,Hold
2025-05-20 19:50:00,-0.008141478535762303,60.48,60.48,60.47,0,0.259999999999998,0.259999999999998,Hold
2025-05-20 19:51:00,-0.006874286372159588,60.46,60.47,60.46,0,0.259999999999998,0.259999999999998,Hold
2025-05-20 19:52:00,-0.005054439939556232,60.48,60.48,60.47,0,0.259999999999998,0.259999999999998,Hold
2025-05-20 19:53:00,-0.005631572846681365,60.45,60.46,60.45,0,0.259999999999998,0.259999999999998,Hold
2025-05-20 19:54:00,-0.00620372943721037,60.46,60.45,60.44,0,0.259999999999998,0.259999999999998,Hold
2025-05-20 19:55:00,-0.007416392054160781,60.45,60.45,60.44,0,0.259999999999998,0.259999999999998,Hold
2025-05-20 19:56:00,-0.006830388265719023,60.42,60.43,60.42,0,0.259999999999998,0.259999999999998,Hold
2025-05-20 19:57:00,-0.006368212678687257,60.42,60.42,60.41,0,0.259999999999998,0.259999999999998,Hold
2025-05-20 19:58:00,-0.004731553796176513,60.44,60.45,60.44,0,0.259999999999998,0.259999999999998,Hold
2025-05-20 19:59:00,-0.004576829895349022,60.42,60.42,60.41,0,0.259999999999998,0.259999999999998,Hold
2025-05-20 20:00:00,-0.006141765601029192,60.4,60.41,60.4,0,0.259999999999998,0.259999999999998,Hold
2025-05-20 20:01:00,-0.008982081798812658,60.37,60.39,60.38,0,0.259999999999998,0.259999999999998,Hold
2025-05-20 20:02:00,-0.01045635609136042,60.41,60.42,60.41,0,0.259999999999998,0.259999999999998,Hold
2025-05-20 20:03:00,-0.012050569676858913,60.44,60.45,60.44,0,0.259999999999998,0.259999999999998,Hold
2025-05-20 20:04:00,-0.013509672708465814,60.45,60.46,60.45,0,0.259999999999998,0.259999999999998,Hold
2025-05-20 20:05:00,-0.012863887372425609,60.46,60.46,60.45,0,0.259999999999998,0.259999999999998,Hold
2025-05-20 20:06:00,-0.010560840875285749,60.51,60.51,60.5,0,0.259999999999998,0.259999999999998,Hold
2025-05-20 20:07:00,-0.012266593076880383,60.47,60.47,60.46,0,0.259999999999998,0.259999999999998,Hold
2025-05-20 20:08:00,-0.013582726856853355,60.49,60.5,60.49,0,0.259999999999998,0.259999999999998,Hold
2025-05-20 20:09:00,-0.015824701468247326,60.47,60.48,60.47,0,0.259999999999998,0.259999999999998,Hold
2025-05-20 20:10:00,-0.015061817502548536,60.53,60.53,60.52,0,0.259999999999998,0.259999999999998,Hold
2025-05-20 20:11:00,-0.014025571212052057,60.51,60.52,60.51,0,0.259999999999998,0.259999999999998,Hold
2025-05-20 20:12:00,-0.011045426832772876,60.54,60.54,60.53,0,0.259999999999998,0.259999999999998,Hold
2025-05-20 20:13:00,-0.009762926176897224,60.51,60.52,60.51,0,0.259999999999998,0.259999999999998,Hold
2025-05-20 20:14:00,-0.010627683627845386,60.45,60.45,60.44,0,0.259999999999998,0.259999999999998,Hold
2025-05-20 20:15:00,-0.010210843823898585,60.47,60.47,60.46,0,0.259999999999998,0.259999999999998,Hold
2025-05-20 20:16:00,-0.012003692609447114,60.37,60.38,60.37,0,0.259999999999998,0.259999999999998,Hold
2025-05-20 20:17:00,-0.013842164054004513,60.39,60.38,60.37,0,0.259999999999998,0.259999999999998,Hold
2025-05-20 20:18:00,-0.014164174975249466,60.41,60.42,60.41,0,0.259999999999998,0.259999999999998,Hold
2025-05-20 20:19:00,-0.014046056159635611,60.42,60.42,60.41,0,0.259999999999998,0.259999999999998,Hold
2025-05-20 20:20:00,-0.013806525654707968,60.4,60.41,60.4,0,0.259999999999998,0.259999999999998,Hold
2025-05-20 20:21:00,-0.01781900787052848,60.28,60.27,60.26,0,0.259999999999998,0.259999999999998,Hold
2025-05-20 20:22:00,-0.02238982456705685,60.22,60.22,60.21,0,0.259999999999998,0.259999999999998,Hold
2025-05-20 20:23:00,-0.025859298250892948,60.26,60.27,60.26,0,0.259999999999998,0.259999999999998,Hold
2025-05-20 20:24:00,-0.028362999439004,60.26,60.27,60.26,0,0.259999999999998,0.259999999999998,Hold
2025-05-20 20:25:00,-0.02811377366874268,60.34,60.34,60.33,0,0.259999999999998,0.259999999999998,Hold
2025-05-20 20:26:00,-0.029891379668598006,60.3,60.3,60.29,0,0.259999999999998,0.259999999999998,Hold
2025-05-20 20:27:00,-0.03254354872223075,60.26,60.26,60.25,0,0.259999999999998,0.259999999999998,Hold
2025-05-20 20:28:00,-0.036196653105740495,60.19,60.19,60.18,0,0.259999999999998,0.259999999999998,Hold
2025-05-20 20:29:00,-0.04067858946450542,60.16,60.17,60.16,0,0.259999999999998,0.259999999999998,Hold
2025-05-20 20:30:00,-0.04560255143451997,60.14,60.15,60.14,0,0.259999999999998,0.259999999999998,Hold
2025-05-20 20:31:00,-0.05033787069680784,60.15,60.16,60.15,0,0.259999999999998,0.259999999999998,Hold
2025-05-20 20:32:00,-0.05358488979163667,60.13,60.14,60.13,0,0.259999999999998,0.259999999999998,Hold
2025-05-20 20:33:00,-0.05314930550400021,60.19,60.2,60.19,0,0.259999999999998,0.259999999999998,Hold
2025-05-20 20:34:00,-0.0509353718155694,60.22,60.23,60.22,0,0.259999999999998,0.259999999999998,Hold
2025-05-20 20:35:00,-0.046789003741437796,60.26,60.27,60.26,0,0.259999999999998,0.259999999999998,Hold
2025-05-20 20:36:00,-0.04018971317746178,60.28,60.29,60.28,0,0.259999999999998,0.259999999999998,Hold
2025-05-20 20:37:00,-0.03329575318752376,60.33,60.33,60.32,0,0.259999999999998,0.259999999999998,Hold
2025-05-20 20:38:00,-0.026502478788323458,60.31,60.31,60.3,0,0.259999999999998,0.259999999999998,Hold
2025-05-20 20:39:00,-0.021986189834230174,60.26,60.26,60.25,0,0.259999999999998,0.259999999999998,Hold
2025-05-20 20:40:00,-0.016556973285787535,60.22,60.23,60.22,0,0.259999999999998,0.259999999999998,Hold
2025-05-20 20:41:00,-0.013660824471635635,60.15,60.16,60.15,0,0.259999999999998,0.259999999999998,Hold
2025-05-20 20:42:00,-0.010736470204648185,60.1,60.11,60.1,0,0.259999999999998,0.259999999999998,Hold
2025-05-20 20:43:00,-0.007430891481767787,60.12,60.12,60.11,0,0.259999999999998,0.259999999999998,Hold
2025-05-20 20:44:00,-0.006747178052833647,60.08,60.09,60.08,0,0.259999999999998,0.259999999999998,Hold
2025-05-20 20:45:00,-0.004021553662319377,60.1,60.1,60.09,0,0.259999999999998,0.259999999999998,Hold
2025-05-20 20:46:00,-0.006192206114207011,60.03,60.04,60.03,0,0.259999999999998,0.259999999999998,Hold
2025-05-20 20:47:00,-0.008384106795013224,59.98,59.98,59.97,0,0.259999999999998,0.259999999999998,Hold
2025-05-20 20:48:00,-0.008886207431885396,59.98,59.98,59.97,0,0.259999999999998,0.259999999999998,Hold
2025-05-20 20:49:00,-0.009656989748116018,59.93,59.93,59.92,0,0.259999999999998,0.259999999999998,Hold
2025-05-20 20:50:00,-0.009055463527801066,59.96,59.96,59.95,0,0.259999999999998,0.259999999999998,Hold
2025-05-20 20:51:00,-0.011546508891591145,59.96,59.96,59.95,0,0.259999999999998,0.259999999999998,Hold
2025-05-20 20:52:00,-0.016435981436217162,59.92,59.92,59.91,0,0.259999999999998,0.259999999999998,Hold
2025-05-20 20:53:00,-0.016848713816678185,59.99,60.0,59.99,0,0.259999999999998,0.259999999999998,Hold
2025-05-20 20:54:00,-0.01603051722634774,60.01,60.01,60.0,0,0.259999999999998,0.259999999999998,Hold
2025-05-20 20:55:00,-0.01237263439453784,60.0,60.0,59.99,0,0.259999999999998,0.259999999999998,Hold
2025-05-20 20:56:00,-0.012671174111019923,59.9,59.9,59.89,0,0.259999999999998,0.259999999999998,Hold
2025-05-20 20:57:00,-0.014047227394172523,59.88,59.88,59.87,0,0.259999999999998,0.259999999999998,Hold
2025-05-20 20:58:00,-0.0180979439063762,59.84,59.85,59.84,0,0.259999999999998,0.259999999999998,Hold
2025-05-20 20:59:00,-0.02213463569735552,59.84,59.85,59.84,0,0.259999999999998,0.259999999999998,Hold
2025-05-20 21:00:00,-0.02557756242655529,59.85,59.86,59.85,0,0.259999999999998,0.259999999999998,Hold
2025-05-20 21:01:00,-0.02721771968936082,59.87,59.88,59.87,0,0.259999999999998,0.259999999999998,Hold
2025-05-20 21:02:00,-0.029440232397568877,59.85,59.86,59.85,0,0.259999999999998,0.259999999999998,Hold
2025-05-20 21:03:00,-0.028293550737515716,59.87,59.88,59.87,0,0.259999999999998,0.259999999999998,Hold
2025-05-20 21:04:00,-0.025220848539383667,59.88,59.89,59.88,0,0.259999999999998,0.259999999999998,Hold
2025-05-20 21:05:00,-0.01778724540780985,59.96,59.98,59.97,0,0.259999999999998,0.259999999999998,Hold
2025-05-20 21:06:00,-0.00796226183310722,60.01,60.01,60.0,0,0.259999999999998,0.259999999999998,Hold
2025-05-20 21:07:00,0.004411647532478469,60.04,60.04,60.03,1,-59.78,0.25,Buy
2025-05-20 21:08:00,0.017191541240059394,60.08,60.08,60.07,1,-59.78,0.28999999999999915,Hold
2025-05-20 21:09:00,0.0292221944933857,60.12,60.12,60.11,1,-59.78,0.3299999999999983,Hold
2025-05-20 21:10:00,0.0388207625905892,60.1,60.11,60.1,1,-59.78,0.3200000000000003,Hold
2025-05-20 21:11:00,0.045724799412695916,60.1,60.1,60.09,1,-59.78,0.3100000000000023,Hold
2025-05-20 21:12:00,0.05062427471941078,60.1,60.11,60.1,1,-59.78,0.3200000000000003,Hold
2025-05-20 21:13:00,0.05774528925364564,60.16,60.17,60.16,1,-59.78,0.37999999999999545,Hold
2025-05-20 21:14:00,0.0632993566136264,60.17,60.18,60.17,1,-59.78,0.39000000000000057,Hold
2025-05-20 21:15:00,0.06959187124071065,60.19,60.2,60.19,1,-59.78,0.4099999999999966,Hold
2025-05-20 21:16:00,0.07170422363378037,60.15,60.16,60.15,1,-59.78,0.36999999999999744,Hold
2025-05-20 21:17:00,0.07331470382946037,60.2,60.21,60.2,1,-59.78,0.4200000000000017,Hold
2025-05-20 21:18:00,0.07684278745337281,60.28,60.28,60.27,1,-59.78,0.490000000000002,Hold
2025-05-20 21:19:00,0.07783142482197292,60.28,60.28,60.27,1,-59.78,0.490000000000002,Hold
2025-05-20 21:20:00,0.08149821461840645,60.36,60.36,60.35,1,-59.78,0.5700000000000003,Hold
2025-05-20 21:21:00,0.0843800502344223,60.37,60.37,60.36,1,-59.78,0.5799999999999983,Hold
2025-05-20 21:22:00,0.0864200469934957,60.42,60.42,60.41,1,-59.78,0.6299999999999955,Hold
2025-05-20 21:23:00,0.09021015148854872,60.44,60.44,60.43,1,-59.78,0.6499999999999986,Hold
2025-05-20 21:24:00,0.09314282988713529,60.43,60.44,60.43,1,-59.78,0.6499999999999986,Hold
2025-05-20 21:25:00,0.09496157204495148,60.44,60.44,60.43,1,-59.78,0.6499999999999986,Hold
2025-05-20 21:26:00,0.09175975019260108,60.42,60.44,60.43,1,-59.78,0.6499999999999986,Hold
2025-05-20 21:27:00,0.08947417491135923,60.5,60.5,60.49,1,-59.78,0.7100000000000009,Hold
2025-05-20 21:28:00,0.08498121739020803,60.51,60.52,60.51,1,-59.78,0.7299999999999969,Hold
2025-05-20 21:29:00,0.0777781280962131,60.46,60.47,60.46,1,-59.78,0.6799999999999997,Hold
2025-05-20 21:30:00,0.0719107219824835,60.52,60.53,60.52,1,-59.78,0.740000000000002,Hold
2025-05-20 21:31:00,0.06627132056426177,60.54,60.55,60.54,1,-59.78,0.759999999999998,Hold
2025-05-20 21:32:00,0.05951188052786449,60.56,60.56,60.55,1,-59.78,0.769999999999996,Hold
2025-05-20 21:33:00,0.05232831834327811,60.56,60.57,60.56,1,-59.78,0.7800000000000011,Hold
2025-05-20 21:34:00,0.04508133006306991,60.58,60.58,60.57,1,-59.78,0.7899999999999991,Hold
2025-05-20 21:35:00,0.03915135177942375,60.57,60.57,60.56,1,-59.78,0.7800000000000011,Hold
2025-05-20 21:36:00,0.034894275320539236,60.6,60.61,60.6,1,-59.78,0.8200000000000003,Hold
2025-05-20 21:37:00,0.030643031751480976,60.6,60.6,60.59,1,-59.78,0.8100000000000023,Hold
2025-05-20 21:38:00,0.026171438305148342,60.58,60.59,60.58,1,-59.78,0.7999999999999972,Hold
2025-05-20 21:39:00,0.02224639927470662,60.58,60.58,60.57,1,-59.78,0.7899999999999991,Hold
2025-05-20 21:40:00,0.01754233050429832,60.6,60.61,60.6,1,-59.78,0.8200000000000003,Hold
2025-05-20 21:41:00,0.01269013713843492,60.62,60.62,60.61,1,-59.78,0.8299999999999983,Hold
2025-05-20 21:42:00,0.00734453689294412,60.63,60.63,60.62,1,-59.78,0.8399999999999963,Hold
2025-05-20 21:43:00,0.004451340964372719,60.67,60.68,60.67,1,-59.78,0.8900000000000006,Hold
2025-05-20 21:44:00,-0.000889605764513135,60.61,60.62,60.61,0,0.8299999999999983,0.8299999999999983,Sell
2025-05-20 21:45:00,-0.004918233349592072,60.65,60.66,60.65,0,0.8299999999999983,0.8299999999999983,Hold
2025-05-20 21:46:00,-0.009138562380805126,60.71,60.72,60.71,0,0.8299999999999983,0.8299999999999983,Hold
2025-05-20 21:47:00,-0.011376934700315644,60.75,60.75,60.74,0,0.8299999999999983,0.8299999999999983,Hold
2025-05-20 21:48:00,-0.012298852891682088,60.74,60.75,60.74,0,0.8299999999999983,0.8299999999999983,Hold
2025-05-20 21:49:00,-0.013526883887919894,60.76,60.76,60.75,0,0.8299999999999983,0.8299999999999983,Hold
2025-05-20 21:50:00,-0.011170310733859878,60.82,60.83,60.82,0,0.8299999999999983,0.8299999999999983,Hold
2025-05-20 21:51:00,-0.009933516492964145,60.81,60.82,60.81,0,0.8299999999999983,0.8299999999999983,Hold
2025-05-20 21:52:00,-0.008056085321371143,60.81,60.81,60.8,0,0.8299999999999983,0.8299999999999983,Hold
2025-05-20 21:53:00,-0.006471821752249696,60.81,60.82,60.81,0,0.8299999999999983,0.8299999999999983,Hold
2025-05-20 21:54:00,-0.00487148916607083,60.85,60.85,60.84,0,0.8299999999999983,0.8299999999999983,Hold
2025-05-20 21:55:00,-0.0023851565316945766,60.9,60.9,60.89,0,0.8299999999999983,0.8299999999999983,Hold
2025-05-20 21:56:00,0.0004676492660422582,60.97,60.97,60.96,1,-60.14,0.8200000000000003,Buy
2025-05-20 21:57:00,0.006803069743504864,61.04,61.05,61.04,1,-60.14,0.8999999999999986,Hold
2025-05-20 21:58:00,0.007536205028870313,60.9,60.91,60.9,1,-60.14,0.759999999999998,Hold
2025-05-20 21:59:00,0.00571666491949685,60.9,60.91,60.9,1,-60.14,0.759999999999998,Hold
2025-05-20 22:00:00,0.0013263424515699285,60.78,60.8,60.78,1,-60.14,0.6400000000000006,No trade
